Symbol,Ensembl_Gene_ID,rna_deflated_reproductive_frac_core,passes_filters_core,specificity_action_core,rna_deflated_reproductive_frac_extended,passes_filters_extended,specificity_action_extended,core_default,extended_default,extended_addition
NUTM1,ENSG00000184507,1.0,True,include_default,1.0,True,include_default,True,True,False
CAGE1,ENSG00000164304,1.0,True,include_default,1.0,True,include_default,True,True,False
PAGE1,ENSG00000068985,1.0,True,include_default,1.0,True,include_default,True,True,False
PAGE2,ENSG00000234068,1.0,True,include_default,1.0,True,include_default,True,True,False
PAGE2B,ENSG00000238269,0.9474,True,include_default,0.9474,True,include_default,True,True,False
PAGE3,ENSG00000204279,1.0,True,include_default,1.0,True,include_default,True,True,False
PAGE5,ENSG00000158639,1.0,True,include_default,1.0,True,include_default,True,True,False
XAGE1A,ENSG00000204379,1.0,True,include_default,1.0,True,include_default,True,True,False
XAGE1B,ENSG00000204382,0.9867,True,include_default,0.9867,True,include_default,True,True,False
XAGE3,ENSG00000171402,0.9922,True,include_default,0.9922,True,include_default,True,True,False
XAGE5,ENSG00000171405,1.0,True,include_default,1.0,True,include_default,True,True,False
GAGE2A,ENSG00000189064,1.0,True,include_default,1.0,True,include_default,True,True,False
GAGE12H,ENSG00000224902,1.0,True,include_default,1.0,True,include_default,True,True,False
GAGE12J,ENSG00000224659,0.9471,True,include_default,0.9471,True,include_default,True,True,False
GAGE12E,ENSG00000216649,1.0,True,include_default,1.0,True,include_default,True,True,False
GAGE13,ENSG00000274274,0.9925,True,include_default,0.9925,True,include_default,True,True,False
MAGEA1,ENSG00000198681,1.0,True,include_default,1.0,True,include_default,True,True,False
MAGEA2,ENSG00000268606,1.0,True,include_default,1.0,True,include_default,True,True,False
MAGEA4,ENSG00000147381,1.0,True,include_default,1.0,True,include_default,True,True,False
MAGEA6,ENSG00000197172,1.0,True,include_default,1.0,True,include_default,True,True,False
MAGEA3,ENSG00000221867,1.0,True,include_default,1.0,True,include_default,True,True,False
MAGEA9,ENSG00000123584,1.0,True,include_default,1.0,True,include_default,True,True,False
MAGEA9B,ENSG00000267978,1.0,True,include_default,1.0,True,include_default,True,True,False
MAGEA10,ENSG00000124260,1.0,True,include_default,1.0,True,include_default,True,True,False
MAGEA11,ENSG00000185247,0.1447,False,exclude_default_keep_clinical,1.0,True,exclude_default_keep_clinical,False,False,False
MAGEB1,ENSG00000214107,1.0,True,include_default,1.0,True,include_default,True,True,False
MAGEB2,ENSG00000099399,1.0,True,include_default,1.0,True,include_default,True,True,False
MAGEB3,ENSG00000198798,0.1931,False,exclude_default,1.0,True,include_default,False,True,True
MAGEB5,ENSG00000188408,1.0,True,exclude_default,1.0,True,exclude_default,False,False,False
MAGEB6B,ENSG00000232030,1.0,True,exclude_default,1.0,True,exclude_default,False,False,False
MAGEB16,ENSG00000189023,1.0,True,include_default,1.0,True,include_default,True,True,False
MAGEB18,ENSG00000176774,1.0,True,include_default,1.0,True,include_default,True,True,False
MAGEC1,ENSG00000155495,1.0,True,include_default,1.0,True,include_default,True,True,False
MAGEC2,ENSG00000046774,1.0,True,include_default,1.0,True,include_default,True,True,False
DAZ1,ENSG00000188120,1.0,True,include_default,1.0,True,include_default,True,True,False
DAZ3,ENSG00000187191,1.0,True,include_default,1.0,True,include_default,True,True,False
DAZL,ENSG00000092345,1.0,True,include_default,1.0,True,include_default,True,True,False
BSPH1,ENSG00000188334,0.0,False,exclude_default,0.9834,True,include_default,False,True,True
SPAG11A,ENSG00000178287,0.0,False,exclude_default,1.0,True,include_default,False,True,True
SPANXA1,ENSG00000198021,1.0,True,include_default,1.0,True,include_default,True,True,False
SPANXA2,ENSG00000203926,1.0,True,include_default,1.0,True,include_default,True,True,False
SPANXB1,ENSG00000227234,1.0,True,include_default,1.0,True,include_default,True,True,False
SPANXC,ENSG00000198573,1.0,True,include_default,1.0,True,include_default,True,True,False
SPANXD,ENSG00000196406,1.0,True,include_default,1.0,True,include_default,True,True,False
SPANXN1,ENSG00000203923,1.0,True,include_default,1.0,True,include_default,True,True,False
SPANXN2,ENSG00000268988,1.0,True,include_default,1.0,True,include_default,True,True,False
SPANXN3,ENSG00000189252,1.0,True,include_default,1.0,True,include_default,True,True,False
SPANXN4,ENSG00000189326,1.0,True,include_default,1.0,True,include_default,True,True,False
SPANXN5,ENSG00000204363,1.0,True,include_default,1.0,True,include_default,True,True,False
ODF1,ENSG00000155087,1.0,True,include_default,1.0,True,include_default,True,True,False
ODF3,ENSG00000177947,1.0,True,include_default,1.0,True,include_default,True,True,False
ODF4,ENSG00000184650,1.0,True,include_default,1.0,True,include_default,True,True,False
ROPN1B,ENSG00000114547,0.7124,False,exclude_default,0.7832,False,exclude_default,False,False,False
SPAM1,ENSG00000106304,1.0,True,include_default,1.0,True,include_default,True,True,False
SPATA4,ENSG00000150628,0.9057,True,include_default,0.9724,True,include_default,True,True,False
SPATA12,ENSG00000186451,1.0,True,include_default,1.0,True,include_default,True,True,False
SPATA16,ENSG00000144962,1.0,True,include_default,1.0,True,include_default,True,True,False
SPATA19,ENSG00000166118,1.0,True,include_default,1.0,True,include_default,True,True,False
SPATA22,ENSG00000141255,0.9921,True,include_default,0.9921,True,include_default,True,True,False
SPATA31E1,ENSG00000177992,1.0,True,include_default,1.0,True,include_default,True,True,False
SPATA31A1,ENSG00000204849,1.0,True,include_default,1.0,True,include_default,True,True,False
SPATA31A3,ENSG00000275969,1.0,True,include_default,1.0,True,include_default,True,True,False
SPATA31A5,ENSG00000276581,1.0,True,include_default,1.0,True,include_default,True,True,False
SPATA31A6,ENSG00000185775,1.0,True,include_default,1.0,True,include_default,True,True,False
SPATA31A7,ENSG00000276040,1.0,True,include_default,1.0,True,include_default,True,True,False
SPATA31D3,ENSG00000186788,1.0,True,include_default,1.0,True,include_default,True,True,False
SPATA31D4,ENSG00000189357,1.0,True,include_default,1.0,True,include_default,True,True,False
SPATA32,ENSG00000184361,1.0,True,include_default,1.0,True,include_default,True,True,False
SPACA1,ENSG00000118434,1.0,True,include_default,1.0,True,include_default,True,True,False
SPACA3,ENSG00000141316,0.8573,True,include_default,0.8573,True,include_default,True,True,False
CATSPERD,ENSG00000174898,1.0,True,include_default,1.0,True,include_default,True,True,False
CATSPER4,ENSG00000188782,1.0,True,include_default,1.0,True,include_default,True,True,False
CTAG1A,ENSG00000268651,1.0,True,include_default,1.0,True,include_default,True,True,False
CTAG1B,ENSG00000184033,1.0,True,include_default,1.0,True,include_default,True,True,False
CTAGE1,ENSG00000212710,1.0,True,include_default,1.0,True,include_default,True,True,False
CTAGE6,ENSG00000271321,1.0,True,include_default,1.0,True,include_default,True,True,False
CTAGE9,ENSG00000236761,1.0,True,include_default,1.0,True,include_default,True,True,False
SSX1,ENSG00000126752,1.0,True,include_default,1.0,True,include_default,True,True,False
SSX2,ENSG00000241476,1.0,True,include_default,1.0,True,include_default,True,True,False
SSX2B,ENSG00000268447,1.0,True,include_default,1.0,True,include_default,True,True,False
SSX3,ENSG00000165584,1.0,True,include_default,1.0,True,include_default,True,True,False
SSX4,ENSG00000268009,1.0,True,include_default,1.0,True,include_default,True,True,False
TSPY1,ENSG00000258992,1.0,True,include_default,1.0,True,include_default,True,True,False
TSPY2,ENSG00000168757,1.0,True,include_default,1.0,True,include_default,True,True,False
TSPY3,ENSG00000228927,1.0,True,include_default,1.0,True,include_default,True,True,False
TSPY4,ENSG00000233803,1.0,True,include_default,1.0,True,include_default,True,True,False
TSPY8,ENSG00000229549,1.0,True,include_default,1.0,True,include_default,True,True,False
TSPY9,ENSG00000238074,1.0,False,exclude_default,1.0,False,exclude_default,False,False,False
TSPY10,ENSG00000236424,1.0,True,include_default,1.0,True,include_default,True,True,False
TSPYL6,ENSG00000178021,1.0,True,include_default,1.0,True,include_default,True,True,False
MORC1,ENSG00000114487,1.0,True,include_default,1.0,True,include_default,True,True,False
TFDP3,ENSG00000183434,1.0,True,include_default,1.0,True,include_default,True,True,False
LUZP4,ENSG00000102021,1.0,True,include_default,1.0,True,include_default,True,True,False
DKKL1,ENSG00000104901,0.9994,True,include_default,1.0,True,include_default,True,True,False
SPO11,ENSG00000054796,1.0,True,include_default,1.0,True,include_default,True,True,False
CRISP2,ENSG00000124490,0.888,True,include_default,0.9226,True,include_default,True,True,False
FMR1NB,ENSG00000176988,1.0,True,include_default,1.0,True,include_default,True,True,False
TPTE,ENSG00000274391,1.0,True,include_default,1.0,True,include_default,True,True,False
CT45A2,ENSG00000271449,1.0,True,include_default,1.0,True,include_default,True,True,False
CT45A7,ENSG00000273696,1.0,True,include_default,1.0,True,include_default,True,True,False
CT47A1,ENSG00000236371,1.0,True,include_default,1.0,True,include_default,True,True,False
CT47A2,ENSG00000242362,1.0,True,include_default,1.0,True,include_default,True,True,False
CT47A3,ENSG00000236126,1.0,True,include_default,1.0,True,include_default,True,True,False
CT47A4,ENSG00000230594,1.0,True,include_default,1.0,True,include_default,True,True,False
CT47A5,ENSG00000237957,1.0,True,include_default,1.0,True,include_default,True,True,False
CT47A6,ENSG00000226023,1.0,True,include_default,1.0,True,include_default,True,True,False
CT47A7,ENSG00000228517,1.0,True,include_default,1.0,True,include_default,True,True,False
CT47A11,ENSG00000226929,1.0,True,include_default,1.0,True,include_default,True,True,False
CT47A12,ENSG00000226685,1.0,True,include_default,1.0,True,include_default,True,True,False
CT47B1,ENSG00000236446,1.0,True,include_default,1.0,True,include_default,True,True,False
CT83,ENSG00000204019,0.9745,True,include_default,0.9745,True,include_default,True,True,False
TEX13A,ENSG00000268629,1.0,True,include_default,1.0,True,include_default,True,True,False
TEX19,ENSG00000182459,1.0,True,include_default,1.0,True,include_default,True,True,False
TEX33,ENSG00000185264,1.0,True,include_default,1.0,True,include_default,True,True,False
TEX35,ENSG00000240021,0.9776,True,include_default,0.9776,True,include_default,True,True,False
TEX37,ENSG00000172073,1.0,True,include_default,1.0,True,include_default,True,True,False
TEX38,ENSG00000186118,1.0,True,include_default,1.0,True,include_default,True,True,False
TEX44,ENSG00000177673,1.0,True,include_default,1.0,True,include_default,True,True,False
TEX101,ENSG00000131126,0.9878,True,include_default,0.9878,True,include_default,True,True,False
PATE1,ENSG00000171053,0.0,False,exclude_default,1.0,True,candidate_only,False,False,False
PATE4,ENSG00000237353,0.0,False,exclude_default,1.0,True,candidate_only,False,False,False
PRSS54,ENSG00000103023,1.0,True,include_default,1.0,True,include_default,True,True,False
PHF7,ENSG00000010318,0.9436,True,include_default,0.9514,True,include_default,True,True,False
SLCO6A1,ENSG00000205359,1.0,True,include_default,1.0,True,include_default,True,True,False
TEKT5,ENSG00000153060,1.0,True,include_default,1.0,True,include_default,True,True,False
DMRT1,ENSG00000137090,1.0,True,include_default,1.0,True,include_default,True,True,False
DMRTC2,ENSG00000142025,1.0,True,include_default,1.0,True,include_default,True,True,False
DNAJB8,ENSG00000179407,1.0,True,include_default,1.0,True,include_default,True,True,False
SAGE1,ENSG00000181433,1.0,True,include_default,1.0,True,include_default,True,True,False
LIPI,ENSG00000188992,0.0,False,exclude_default,0.9966,True,candidate_only,False,False,False
ADAM2,ENSG00000104755,1.0,True,include_default,1.0,True,include_default,True,True,False
PLAC1,ENSG00000170965,1.0,True,include_default,1.0,True,include_default,True,True,False
CABS1,ENSG00000145309,0.9725,True,include_default,0.9725,True,include_default,True,True,False
FATE1,ENSG00000147378,0.9948,True,include_default,0.9948,True,include_default,True,True,False
HORMAD1,ENSG00000143452,0.9333,True,include_default,0.9333,True,include_default,True,True,False
ACRBP,ENSG00000111644,0.7515,False,exclude_default,0.7954,False,exclude_default,False,False,False
TSKS,ENSG00000126467,0.9897,True,include_default,0.9897,True,include_default,True,True,False
CCDC42,ENSG00000161973,1.0,True,include_default,1.0,True,include_default,True,True,False
ADAD1,ENSG00000164113,1.0,True,include_default,1.0,True,include_default,True,True,False
RIMBP3,ENSG00000275793,1.0,True,include_default,1.0,True,include_default,True,True,False
TENT5D,ENSG00000174016,1.0,True,include_default,1.0,True,include_default,True,True,False
PRAME,ENSG00000185686,0.8777,True,include_default,0.9715,True,include_default,True,True,False
PRAMEF18,ENSG00000279804,1.0,True,exclude_default,1.0,True,exclude_default,False,False,False
PRAMEF20,ENSG00000204478,1.0,True,exclude_default,1.0,True,exclude_default,False,False,False
CBLL2,ENSG00000175809,1.0,True,include_default,1.0,True,include_default,True,True,False
CPXCR1,ENSG00000147183,1.0,True,include_default,1.0,True,include_default,True,True,False
TULP2,ENSG00000104804,1.0,True,include_default,1.0,True,include_default,True,True,False
EPPIN,ENSG00000101448,0.2014,False,exclude_default,0.9953,True,include_default,False,True,True
ACTL8,ENSG00000117148,1.0,True,include_default,1.0,True,include_default,True,True,False
SPEM1,ENSG00000181323,1.0,True,include_default,1.0,True,include_default,True,True,False
THEG,ENSG00000105549,0.9527,False,exclude_default,0.9598,False,exclude_default,False,False,False
PRM1,ENSG00000175646,0.9962,True,include_default,0.9971,True,include_default,True,True,False
PRM2,ENSG00000122304,0.9965,True,include_default,0.9974,True,include_default,True,True,False
PRM3,ENSG00000178257,0.9782,True,include_default,0.9782,True,include_default,True,True,False
AKAP4,ENSG00000147081,1.0,True,include_default,1.0,True,include_default,True,True,False
TNP2,ENSG00000178279,1.0,True,include_default,1.0,True,include_default,True,True,False
CGB8,ENSG00000213030,0.9293,True,include_default,0.9293,True,include_default,True,True,False
PSG9,ENSG00000183668,1.0,True,include_default,1.0,True,include_default,True,True,False
PSG8,ENSG00000124467,1.0,True,include_default,1.0,True,include_default,True,True,False
PSG11,ENSG00000243130,1.0,True,include_default,1.0,True,include_default,True,True,False
PSG1,ENSG00000231924,1.0,True,include_default,1.0,True,include_default,True,True,False
PSG3,ENSG00000221826,1.0,True,include_default,1.0,True,include_default,True,True,False
CSH2,ENSG00000213218,0.9909,True,include_default,0.9912,True,include_default,True,True,False
PSG5,ENSG00000204941,1.0,True,include_default,1.0,True,include_default,True,True,False
TRIM64,ENSG00000204450,1.0,True,candidate_only,1.0,True,candidate_only,False,False,False
EGFL6,ENSG00000198759,0.9065,True,include_default,0.9106,True,include_default,True,True,False
LIN28B,ENSG00000187772,0.9924,True,include_default,0.9924,True,include_default,True,True,False
ADAM29,ENSG00000168594,1.0,True,include_default,1.0,True,include_default,True,True,False
CABYR,ENSG00000154040,0.7758,False,exclude_default,0.8105,True,include_default,False,True,True
CCDC33,ENSG00000140481,0.417,False,exclude_default,0.8296,False,exclude_default,False,False,False
CTCFL,ENSG00000124092,1.0,True,include_default,1.0,True,include_default,True,True,False
DDX53,ENSG00000184735,1.0,True,include_default,1.0,True,include_default,True,True,False
DPPA2,ENSG00000163530,1.0,True,include_default,1.0,True,include_default,True,True,False
FTHL17,ENSG00000132446,1.0,True,include_default,1.0,True,include_default,True,True,False
HORMAD2,ENSG00000176635,0.9217,True,include_default,0.9217,True,include_default,True,True,False
LEMD1,ENSG00000186007,0.7482,False,exclude_default,0.9474,False,exclude_default,False,False,False
SYCP1,ENSG00000198765,1.0,True,include_default,1.0,True,include_default,True,True,False
TDRD1,ENSG00000095627,0.96,True,include_default,0.96,True,include_default,True,True,False
TEX15,ENSG00000133863,0.5294,False,exclude_default,0.799,False,exclude_default,False,False,False
ACTL7A,ENSG00000187003,1.0,True,include_default,1.0,True,include_default,True,True,False
ACTL7B,ENSG00000148156,1.0,True,include_default,1.0,True,include_default,True,True,False
BOLL,ENSG00000152430,0.9413,True,include_default,0.9413,True,include_default,True,True,False
BRDT,ENSG00000137948,0.9875,True,include_default,0.9875,True,include_default,True,True,False
CALR3,ENSG00000269058,1.0,True,include_default,1.0,True,include_default,True,True,False
DDX4,ENSG00000152670,1.0,True,include_default,1.0,True,include_default,True,True,False
DMRTB1,ENSG00000143006,1.0,True,include_default,1.0,True,include_default,True,True,False
DPPA3,ENSG00000187569,0.9545,False,exclude_default,1.0,True,include_default,False,True,True
DPPA5,ENSG00000203909,1.0,True,include_default,1.0,True,include_default,True,True,False
FKBP6,ENSG00000077800,1.0,True,include_default,1.0,True,include_default,True,True,False
GAGE1,ENSG00000205777,1.0,True,include_default,1.0,True,include_default,True,True,False
LDHC,ENSG00000166796,0.9973,True,include_default,0.9973,True,include_default,True,True,False
MAEL,ENSG00000143194,0.9159,False,exclude_default,0.9182,False,exclude_default,False,False,False
MAGEA12,ENSG00000213401,1.0,True,include_default,1.0,True,include_default,True,True,False
MAGEA8,ENSG00000156009,1.0,True,include_default,1.0,True,include_default,True,True,False
MAGEB10,ENSG00000177689,1.0,True,include_default,1.0,True,include_default,True,True,False
MEIOB,ENSG00000162039,1.0,True,include_default,1.0,True,include_default,True,True,False
NANOS2,ENSG00000188425,1.0,True,include_default,1.0,True,include_default,True,True,False
PASD1,ENSG00000166049,1.0,True,include_default,1.0,True,include_default,True,True,False
PIWIL1,ENSG00000125207,0.9975,True,include_default,0.9975,True,include_default,True,True,False
RAD21L1,ENSG00000244588,1.0,True,include_default,1.0,True,include_default,True,True,False
SMC1B,ENSG00000077935,1.0,True,include_default,1.0,True,include_default,True,True,False
SYCE2,ENSG00000161860,0.8019,True,include_default,0.8019,True,include_default,True,True,False
SYCP3,ENSG00000139351,1.0,True,include_default,1.0,True,include_default,True,True,False
TEX14,ENSG00000121101,0.973,True,include_default,0.973,True,include_default,True,True,False
UTF1,ENSG00000171794,1.0,True,include_default,1.0,True,include_default,True,True,False
ZPBP,ENSG00000042813,0.9752,True,include_default,0.9752,True,include_default,True,True,False
ZPBP2,ENSG00000186075,1.0,True,include_default,1.0,True,include_default,True,True,False
C1orf94,ENSG00000142698,1.0,True,include_default,1.0,True,include_default,True,True,False
ZC3H11B,ENSG00000215817,1.0,True,include_default,1.0,True,include_default,True,True,False
WDR64,ENSG00000162843,1.0,True,include_default,1.0,True,include_default,True,True,False
POTEF,ENSG00000196604,1.0,True,include_default,1.0,True,include_default,True,True,False
COX7B2,ENSG00000170516,1.0,True,include_default,1.0,True,include_default,True,True,False
RBM46,ENSG00000151962,1.0,True,include_default,1.0,True,include_default,True,True,False
TRIML2,ENSG00000179046,1.0,True,include_default,1.0,True,include_default,True,True,False
RFPL4B,ENSG00000251258,1.0,True,include_default,1.0,True,include_default,True,True,False
ZNF722,ENSG00000241149,1.0,True,include_default,1.0,True,include_default,True,True,False
DCAF4L2,ENSG00000176566,1.0,True,include_default,1.0,True,include_default,True,True,False
TEX48,ENSG00000230601,1.0,True,include_default,1.0,True,include_default,True,True,False
CBY2,ENSG00000174015,1.0,True,include_default,1.0,True,include_default,True,True,False
GARIN2,ENSG00000172717,1.0,True,include_default,1.0,True,include_default,True,True,False
GOLGA6L7,ENSG00000261649,1.0,True,include_default,1.0,True,include_default,True,True,False
PRDM7,ENSG00000126856,1.0,True,include_default,1.0,True,include_default,True,True,False
CHCT1,ENSG00000141371,1.0,True,include_default,1.0,True,include_default,True,True,False
POTEC,ENSG00000183206,1.0,True,include_default,1.0,True,include_default,True,True,False
ZNF729,ENSG00000196350,1.0,True,include_default,1.0,True,include_default,True,True,False
ZNF723,ENSG00000268696,1.0,True,include_default,1.0,True,include_default,True,True,False
GFY,ENSG00000261949,1.0,True,include_default,1.0,True,include_default,True,True,False
CSTL1,ENSG00000125823,1.0,True,include_default,1.0,True,include_default,True,True,False
VCX3A,ENSG00000169059,1.0,True,include_default,1.0,True,include_default,True,True,False
VCX,ENSG00000182583,1.0,True,include_default,1.0,True,include_default,True,True,False
VCX3B,ENSG00000205642,1.0,True,include_default,1.0,True,include_default,True,True,False
PPP4R3C,ENSG00000224960,1.0,True,include_default,1.0,True,include_default,True,True,False
DCAF8L2,ENSG00000189186,1.0,True,include_default,1.0,True,include_default,True,True,False
SSX5,ENSG00000165583,1.0,True,include_default,1.0,True,include_default,True,True,False
CXorf49,ENSG00000215115,1.0,True,include_default,1.0,True,include_default,True,True,False
CXorf49B,ENSG00000215113,1.0,True,include_default,1.0,True,include_default,True,True,False
TGIF2LX,ENSG00000153779,1.0,True,include_default,1.0,True,include_default,True,True,False
ESX1,ENSG00000123576,1.0,True,include_default,1.0,True,include_default,True,True,False
TEX13C,ENSG00000282815,1.0,True,include_default,1.0,True,include_default,True,True,False
CT55,ENSG00000169551,1.0,True,include_default,1.0,True,include_default,True,True,False
CT45A10,ENSG00000269586,0.9195,True,include_default,0.9195,True,include_default,True,True,False
CXorf51B,ENSG00000235699,1.0,True,include_default,1.0,True,include_default,True,True,False
VCY,ENSG00000129864,1.0,True,include_default,1.0,True,include_default,True,True,False
VCY1B,ENSG00000129862,1.0,True,include_default,1.0,True,include_default,True,True,False
RBMY1B,ENSG00000242875,1.0,True,include_default,1.0,True,include_default,True,True,False
RBMY1A1,ENSG00000234414,1.0,True,include_default,1.0,True,include_default,True,True,False
RBMY1E,ENSG00000242389,1.0,True,include_default,1.0,True,include_default,True,True,False
AKNAD1,ENSG00000162641,1.0,True,include_default,1.0,True,include_default,True,True,False
DCAF4L1,ENSG00000182308,0.9957,True,include_default,0.9957,True,include_default,True,True,False
NAA11,ENSG00000156269,1.0,True,include_default,1.0,True,include_default,True,True,False
OOEP,ENSG00000203907,0.9496,False,exclude_default,0.9496,False,exclude_default,False,False,False
TMEM270,ENSG00000175877,1.0,True,include_default,1.0,True,include_default,True,True,False
ANKRD7,ENSG00000106013,0.9989,True,include_default,1.0,True,include_default,True,True,False
RNF148,ENSG00000235631,1.0,True,include_default,1.0,True,include_default,True,True,False
GARIN1B,ENSG00000135248,1.0,True,include_default,1.0,True,include_default,True,True,False
TMEM210,ENSG00000185863,0.971,True,include_default,0.971,True,include_default,True,True,False
C12orf42,ENSG00000179088,0.9812,True,include_default,0.9812,True,include_default,True,True,False
CCDC196,ENSG00000196553,1.0,True,include_default,1.0,True,include_default,True,True,False
LRRC36,ENSG00000159708,0.8702,True,include_default,0.9134,True,include_default,True,True,False
DPEP3,ENSG00000141096,0.9634,True,include_default,0.9634,True,include_default,True,True,False
FBXO39,ENSG00000177294,1.0,True,include_default,1.0,True,include_default,True,True,False
C17orf50,ENSG00000270806,0.999,True,include_default,0.999,True,include_default,True,True,False
MEIOC,ENSG00000180336,0.9076,True,include_default,0.9076,True,include_default,True,True,False
C20orf141,ENSG00000258713,0.9952,True,include_default,0.9952,True,include_default,True,True,False
EFCAB8,ENSG00000215529,1.0,True,include_default,1.0,True,include_default,True,True,False
GAGE12C,ENSG00000237671,1.0,True,include_default,1.0,True,include_default,True,True,False
GAGE12F,ENSG00000236362,0.9275,True,include_default,0.9275,True,include_default,True,True,False
TKTL1,ENSG00000007350,0.9701,True,include_default,0.9701,True,include_default,True,True,False
ANKRD60,ENSG00000124227,1.0,True,include_default,1.0,True,include_default,True,True,False
AXDND1,ENSG00000162779,1.0,False,exclude_default,1.0,False,exclude_default,False,False,False
TLCD3A,ENSG00000167695,0.0613,False,exclude_default,0.1971,False,exclude_default,False,False,False
C9orf131,ENSG00000174038,0.8622,False,exclude_default,0.9158,False,exclude_default,False,False,False
KASH5,ENSG00000161609,0.7471,False,exclude_default,0.7471,False,exclude_default,False,False,False
CCDC168,ENSG00000175820,1.0,True,include_default,1.0,True,include_default,True,True,False
CCDC63,ENSG00000173093,0.8827,False,exclude_default,0.8827,False,exclude_default,False,False,False
CDRT15,ENSG00000223510,0.8283,False,exclude_default,0.8283,False,exclude_default,False,False,False
CERS3,ENSG00000154227,0.0851,False,exclude_default,0.2992,False,exclude_default,False,False,False
CFHR5,ENSG00000134389,0.0,False,exclude_default,0.0,False,exclude_default,False,False,False
CSHL1,ENSG00000204414,1.0,False,exclude_default,1.0,False,exclude_default,False,False,False
CSN3,ENSG00000171209,0.0,False,exclude_default,0.0,False,exclude_default,False,False,False
CSNK1A1L,ENSG00000180138,1.0,True,include_default,1.0,True,include_default,True,True,False
CT45A1,ENSG00000268940,1.0,False,exclude_default_keep_clinical,1.0,False,exclude_default_keep_clinical,False,False,False
CT45A3,ENSG00000269096,0.6308,False,exclude_default_keep_clinical,0.6308,False,exclude_default_keep_clinical,False,False,False
CTAG2,ENSG00000126890,0.4711,False,exclude_default_keep_clinical,0.4933,False,exclude_default_keep_clinical,False,False,False
CYP11B1,ENSG00000160882,0.0008,False,exclude_default,0.0008,False,exclude_default,False,False,False
ENDOV,ENSG00000173818,0.0789,False,exclude_default,0.2356,False,exclude_default,False,False,False
EXD1,ENSG00000178997,1.0,True,include_default,1.0,True,include_default,True,True,False
FABP12,ENSG00000197416,0.1,False,exclude_default,0.1145,False,exclude_default,False,False,False
FAM25C,ENSG00000276430,0.0,False,exclude_default,0.2267,False,exclude_default,False,False,False
FAM25G,ENSG00000189090,0.0,False,exclude_default,0.2053,False,exclude_default,False,False,False
GARIN4,ENSG00000162771,1.0,True,include_default,1.0,True,include_default,True,True,False
FANCA,ENSG00000187741,0.2027,False,exclude_default,0.2402,False,exclude_default,False,False,False
FUT5,ENSG00000130383,1.0,True,exclude_default,1.0,True,exclude_default,False,False,False
GAGE12G,ENSG00000215269,0.9234,True,include_default,0.9234,True,include_default,True,True,False
GAGE2E,ENSG00000275113,0.6146,False,exclude_default,0.6146,False,exclude_default,False,False,False
GAPDHS,ENSG00000105679,0.7938,False,exclude_default,0.8041,True,include_default,False,True,True
GOLGA6A,ENSG00000159289,0.9195,True,include_default,0.9195,True,include_default,True,True,False
GOLGA6B,ENSG00000215186,0.6522,False,exclude_default,0.6522,False,exclude_default,False,False,False
GOLGA6C,ENSG00000167195,0.7565,False,exclude_default,0.7565,False,exclude_default,False,False,False
GOLGA6D,ENSG00000140478,1.0,True,include_default,1.0,True,include_default,True,True,False
GOLGA6L6,ENSG00000277322,1.0,True,include_default,1.0,True,include_default,True,True,False
GPX5,ENSG00000224586,0.0476,False,exclude_default,1.0,True,include_default,False,True,True
HMGB4,ENSG00000176256,1.0,True,include_default,1.0,True,include_default,True,True,False
HNRNPCL1,ENSG00000179172,1.0,True,exclude_default,1.0,True,exclude_default,False,False,False
HNRNPCL2,ENSG00000275774,1.0,True,exclude_default,1.0,True,exclude_default,False,False,False
IGF2BP1,ENSG00000159217,0.9753,False,exclude_default,0.9753,False,exclude_default,False,False,False
IGLL1,ENSG00000128322,0.2295,False,exclude_default,0.2295,False,exclude_default,False,False,False
IL4I1,ENSG00000104951,0.3042,False,exclude_default,0.3396,False,exclude_default,False,False,False
KIF24,ENSG00000186638,0.4714,False,exclude_default,0.5905,False,exclude_default,False,False,False
KIF4B,ENSG00000226650,1.0,True,include_default,1.0,True,include_default,True,True,False
KRT28,ENSG00000173908,0.0,False,exclude_default,0.0,False,exclude_default,False,False,False
KRTAP13-1,ENSG00000198390,0.0,False,exclude_default,0.0,False,exclude_default,False,False,False
KRTAP9-2,ENSG00000239886,0.0,False,exclude_default,0.0,False,exclude_default,False,False,False
LALBA,ENSG00000167531,0.0006,False,exclude_default,0.0007,False,exclude_default,False,False,False
NLRP10,ENSG00000182261,0.0,False,exclude_default,0.0,False,exclude_default,False,False,False
NT5C1B-RDH14,ENSG00000250741,1.0,True,include_default,1.0,True,include_default,True,True,False
NUTM2F,ENSG00000130950,1.0,True,include_default,1.0,True,include_default,True,True,False
PABPC3,ENSG00000151846,1.0,False,exclude_default,1.0,False,exclude_default,False,False,False
PBK,ENSG00000168078,0.4111,False,exclude_default,0.4173,False,exclude_default,False,False,False
PCDHA13,ENSG00000239389,0.0,False,exclude_default,0.0,False,exclude_default,False,False,False
PCDHA4,ENSG00000204967,0.0,False,exclude_default,0.0,False,exclude_default,False,False,False
PCDHA5,ENSG00000204965,0.0,False,exclude_default,0.0,False,exclude_default,False,False,False
PCDHA8,ENSG00000204962,0.0,False,exclude_default,0.0,False,exclude_default,False,False,False
PCDHA9,ENSG00000204961,1.0,True,include_default,1.0,True,include_default,True,True,False
PDHA2,ENSG00000163114,1.0,True,include_default,1.0,True,include_default,True,True,False
PGK2,ENSG00000170950,1.0,True,include_default,1.0,True,include_default,True,True,False
PIK3R3,ENSG00000117461,0.0707,False,exclude_default,0.1918,False,exclude_default,False,False,False
PKMYT1,ENSG00000127564,0.3465,False,exclude_default,0.3668,False,exclude_default,False,False,False
POTEG,ENSG00000187537,0.0,False,exclude_default,1.0,True,include_default,False,True,True
PRH1,ENSG00000231887,0.1876,False,exclude_default,0.1889,False,exclude_default,False,False,False
RBMXL2,ENSG00000170748,1.0,True,include_default,1.0,True,include_default,True,True,False
RBMY1D,ENSG00000244395,1.0,True,include_default,1.0,True,include_default,True,True,False
RBMY1F,ENSG00000169800,1.0,True,include_default,1.0,True,include_default,True,True,False
RGPD4,ENSG00000196862,1.0,True,include_default,1.0,True,include_default,True,True,False
RPL10L,ENSG00000165496,0.9672,False,exclude_default,0.9672,False,exclude_default,False,False,False
SIX6,ENSG00000184302,0.0,False,exclude_default,0.0,False,exclude_default,False,False,False
SKA3,ENSG00000165480,0.1748,False,exclude_default,0.1748,False,exclude_default,False,False,False
SLC25A52,ENSG00000141437,1.0,True,include_default,1.0,True,include_default,True,True,False
SPA17,ENSG00000064199,0.5123,False,exclude_default,0.6142,False,exclude_default,False,False,False
SPATA33,ENSG00000167523,0.3481,False,exclude_default,0.459,False,exclude_default,False,False,False
STK31,ENSG00000196335,0.9935,False,exclude_default,0.9935,False,exclude_default,False,False,False
STKLD1,ENSG00000198870,1.0,True,include_default,1.0,True,include_default,True,True,False
SYCE1L,ENSG00000205078,0.3254,False,exclude_default,0.5452,False,exclude_default,False,False,False
TAF1L,ENSG00000122728,0.5,False,exclude_default,0.5,False,exclude_default,False,False,False
TDRD12,ENSG00000173809,0.8543,False,exclude_default,1.0,True,include_default,False,True,True
TMCO5A,ENSG00000166069,1.0,True,include_default,1.0,True,include_default,True,True,False
TTK,ENSG00000112742,0.2402,False,exclude_default,0.2429,False,exclude_default,False,False,False
WFDC11,ENSG00000180083,0.0398,False,exclude_default,0.9663,False,exclude_default,False,False,False
YBX2,ENSG00000006047,0.9579,True,include_default,0.9636,True,include_default,True,True,False
ZC2HC1B,ENSG00000118491,1.0,True,include_default,1.0,True,include_default,True,True,False
ZNF560,ENSG00000198028,0.8333,False,exclude_default,0.8333,False,exclude_default,False,False,False
XAGE2,ENSG00000155622,0.977,True,include_default,0.977,True,include_default,True,True,False
MAGEB6,ENSG00000176746,1.0,True,include_default,1.0,True,include_default,True,True,False
CT47A8,ENSG00000230347,1.0,True,include_default,1.0,True,include_default,True,True,False
CT47A9,ENSG00000226600,1.0,True,include_default,1.0,True,include_default,True,True,False
CT47A10,ENSG00000224089,1.0,True,include_default,1.0,True,include_default,True,True,False
CT45A8,ENSG00000278085,1.0,True,include_default,1.0,True,include_default,True,True,False
CT45A9,ENSG00000270946,1.0,True,exclude_default,1.0,True,exclude_default,False,False,False
GAGE12D,ENSG00000227488,1.0,True,include_default,1.0,True,include_default,True,True,False
GAGE10,ENSG00000215274,1.0,True,include_default,1.0,True,include_default,True,True,False
MAGEA2B,ENSG00000183305,1.0,True,include_default,1.0,True,include_default,True,True,False
CT45A5,ENSG00000228836,0.4301,False,exclude_default_keep_clinical,0.4301,False,exclude_default_keep_clinical,False,False,False
CGB1,ENSG00000267631,0.0,False,exclude_default,0.0,False,exclude_default,False,False,False
CGB2,ENSG00000104818,1.0,True,include_default,1.0,True,include_default,True,True,False
CGB3,ENSG00000104827,0.7944,False,exclude_default,0.7944,False,exclude_default,False,False,False
CGB5,ENSG00000189052,0.7422,False,exclude_default,0.7422,False,exclude_default,False,False,False
CGB7,ENSG00000196337,0.0148,False,exclude_default,0.3037,False,exclude_default,False,False,False
PSG2,ENSG00000242221,1.0,True,include_default,1.0,True,include_default,True,True,False
PSG4,ENSG00000243137,0.715,False,exclude_default,0.715,False,exclude_default,False,False,False
PSG6,ENSG00000170848,0.9916,True,include_default,0.9916,True,include_default,True,True,False
PSG7,ENSG00000221878,0.9375,True,include_default,0.9375,True,include_default,True,True,False
ERVW-1,ENSG00000242950,0.8537,False,exclude_default,0.8899,False,exclude_default,False,False,False
ERVFRD-1,ENSG00000244476,0.8488,False,exclude_default,0.8488,False,exclude_default,False,False,False
ERVH48-1,ENSG00000233056,0.9953,True,include_default,0.9953,True,include_default,True,True,False
ERVV-1,ENSG00000269526,0.9539,False,exclude_default,0.9539,False,exclude_default,False,False,False
ERVV-2,ENSG00000268964,1.0,True,include_default,1.0,True,include_default,True,True,False
LGALS13,ENSG00000105198,1.0,True,include_default,1.0,True,include_default,True,True,False
LGALS14,ENSG00000006659,1.0,True,include_default,1.0,True,include_default,True,True,False
CSH1,ENSG00000136488,0.9898,False,exclude_default,0.9904,False,exclude_default,False,False,False
GH2,ENSG00000136487,0.5536,False,exclude_default,0.5536,False,exclude_default,False,False,False
SSX4B,ENSG00000269791,1.0,True,include_default,1.0,True,include_default,True,True,False
LGALS16,ENSG00000249861,1.0,True,include_default,1.0,True,include_default,True,True,False
NLRP9,ENSG00000185792,1.0,True,include_default,1.0,True,include_default,True,True,False
ZFP42,ENSG00000179059,1.0,True,include_default,1.0,True,include_default,True,True,False
KISS1R,ENSG00000116014,0.0,False,exclude_default,0.0,False,exclude_default,False,False,False
CALHM4,ENSG00000164451,0.8083,False,exclude_default,0.8083,False,exclude_default,False,False,False
SUN5,ENSG00000167098,1.0,True,include_default,1.0,True,include_default,True,True,False
SUN3,ENSG00000164744,1.0,False,exclude_default,1.0,False,exclude_default,False,False,False
SSX7,ENSG00000187754,1.0,True,include_default,1.0,True,include_default,True,True,False
PRAMEF12,ENSG00000116726,1.0,True,exclude_default,1.0,True,exclude_default,False,False,False
DEPDC1B,ENSG00000035499,0.1624,False,exclude_default,0.1633,False,exclude_default,False,False,False
NPFFR2,ENSG00000056291,0.069,False,exclude_default,0.3103,False,exclude_default,False,False,False
CAPN6,ENSG00000077274,0.1671,False,exclude_default,0.7909,False,exclude_default,False,False,False
MMP11,ENSG00000099953,0.1768,False,exclude_default,0.8146,False,exclude_default,False,False,False
ISM2,ENSG00000100593,0.974,False,exclude_default,0.992,False,exclude_default,False,False,False
PAGE4,ENSG00000101951,0.4539,False,exclude_default_keep_clinical,0.9851,True,include_default,False,True,True
VGLL1,ENSG00000102243,0.828,False,exclude_default,0.8555,False,exclude_default,False,False,False
SLC6A2,ENSG00000103546,0.387,False,exclude_default,0.4478,False,exclude_default,False,False,False
EBI3,ENSG00000105246,0.507,False,exclude_default,0.5174,False,exclude_default,False,False,False
SIGLEC6,ENSG00000105492,0.8033,False,exclude_default,0.812,False,exclude_default,False,False,False
TFPI2,ENSG00000105825,0.6732,False,exclude_default,0.718,False,exclude_default,False,False,False
HSD17B1,ENSG00000108786,0.5743,False,exclude_default,0.631,False,exclude_default,False,False,False
PAPPA2,ENSG00000116183,0.757,False,exclude_default,0.8329,True,include_default,False,True,True
INSL4,ENSG00000120211,0.973,True,include_default,1.0,True,include_default,True,True,False
GNGT1,ENSG00000127928,0.001,False,exclude_default,0.001,False,exclude_default,False,False,False
MTNR1B,ENSG00000134640,1.0,False,exclude_default,1.0,False,exclude_default,False,False,False
IGF2BP3,ENSG00000136231,0.7428,False,exclude_default,0.7428,False,exclude_default,False,False,False
GCM1,ENSG00000137270,0.8726,True,include_default,0.8726,True,include_default,True,True,False
CYP19A1,ENSG00000137869,0.8543,True,include_default,0.8631,True,include_default,True,True,False
ZNF593,ENSG00000142684,0.0451,False,exclude_default,0.1462,False,exclude_default,False,False,False
CRH,ENSG00000147571,0.0731,False,exclude_default,0.0731,False,exclude_default,False,False,False
ADAM12,ENSG00000148848,0.7208,False,exclude_default,0.8046,True,include_default,False,True,True
ALPP,ENSG00000163283,0.6257,False,exclude_default,0.9463,False,exclude_default,False,False,False
ALPG,ENSG00000163286,1.0,False,exclude_default,1.0,False,exclude_default,False,False,False
ANKRD33,ENSG00000167612,0.0,False,exclude_default,0.0,False,exclude_default,False,False,False
HTRA4,ENSG00000169495,0.8819,True,include_default,0.8819,True,include_default,True,True,False
KISS1,ENSG00000170498,0.9606,True,include_default,0.9606,True,include_default,True,True,False
AMIGO3,ENSG00000176020,0.0805,False,exclude_default,0.0805,False,exclude_default,False,False,False
SLC38A9,ENSG00000177058,0.2195,False,exclude_default,0.3135,False,exclude_default,False,False,False
OR9A2,ENSG00000179468,1.0,True,exclude_default,1.0,True,exclude_default,False,False,False
PAPPA,ENSG00000182752,0.6474,False,exclude_default,0.7435,False,exclude_default,False,False,False
OR52E8,ENSG00000183269,1.0,True,exclude_default,1.0,True,exclude_default,False,False,False
GPR21,ENSG00000188394,0.0,False,exclude_default,0.0,False,exclude_default,False,False,False
HBG2,ENSG00000196565,0.9789,False,exclude_default,0.9796,False,exclude_default,False,False,False
HSD3B1,ENSG00000203857,0.8648,False,exclude_default,0.8648,False,exclude_default,False,False,False
TRIM40,ENSG00000204614,0.1053,False,exclude_default,0.1053,False,exclude_default,False,False,False
OR52E6,ENSG00000205409,1.0,True,exclude_default,1.0,True,exclude_default,False,False,False
ZBTB9,ENSG00000213588,0.106,False,exclude_default,0.2042,False,exclude_default,False,False,False
TAS2R41,ENSG00000221855,1.0,True,exclude_default,1.0,True,exclude_default,False,False,False
RNASE12,ENSG00000258436,0.0004,False,exclude_default,0.9993,True,include_default,False,True,True
BLID,ENSG00000259571,1.0,True,exclude_default,1.0,True,exclude_default,False,False,False
FIRRM,ENSG00000000460,0.137,False,exclude_default,0.2004,False,exclude_default,False,False,False
KRIT1,ENSG00000001631,0.0799,False,exclude_default,0.2171,False,exclude_default,False,False,False
SLC22A16,ENSG00000004809,0.4648,False,exclude_default,0.4648,False,exclude_default,False,False,False
ZMYND10,ENSG00000004838,0.4908,False,exclude_default,0.7255,False,exclude_default,False,False,False
RPAP3,ENSG00000005175,0.0687,False,exclude_default,0.2008,False,exclude_default,False,False,False
REXO5,ENSG00000005189,0.7718,False,exclude_default,0.7939,False,exclude_default,False,False,False
ZFX,ENSG00000005889,0.0674,False,exclude_default,0.2486,False,exclude_default,False,False,False
KRT33A,ENSG00000006059,0.0302,False,exclude_default,0.0302,False,exclude_default,False,False,False
KDM7A,ENSG00000006459,0.073,False,exclude_default,0.1744,False,exclude_default,False,False,False
DBF4,ENSG00000006634,1.0,True,include_default,1.0,True,include_default,True,True,False
CDKL3,ENSG00000006837,0.3708,False,exclude_default,0.3764,False,exclude_default,False,False,False
PRSS21,ENSG00000007038,0.6925,False,exclude_default,0.7368,False,exclude_default,False,False,False
DNAH9,ENSG00000007174,0.0471,False,exclude_default,0.3636,False,exclude_default,False,False,False
CYTH3,ENSG00000008256,0.0928,False,exclude_default,0.2196,False,exclude_default,False,False,False
UBE3C,ENSG00000009335,0.0583,False,exclude_default,0.1775,False,exclude_default,False,False,False
SPRTN,ENSG00000010072,0.1225,False,exclude_default,0.2322,False,exclude_default,False,False,False
ZBTB32,ENSG00000011590,0.8929,False,exclude_default,0.8929,False,exclude_default,False,False,False
DDX11,ENSG00000013573,0.0576,False,exclude_default,0.1831,False,exclude_default,False,False,False
TACC3,ENSG00000013810,0.1434,False,exclude_default,0.1815,False,exclude_default,False,False,False
ZFP64,ENSG00000020256,0.0677,False,exclude_default,0.2164,False,exclude_default,False,False,False
SPAST,ENSG00000021574,0.071,False,exclude_default,0.1838,False,exclude_default,False,False,False
DEPDC1,ENSG00000024526,0.2288,False,exclude_default,0.2545,False,exclude_default,False,False,False
HSF2,ENSG00000025156,0.088,False,exclude_default,0.2003,False,exclude_default,False,False,False
INSRR,ENSG00000027644,0.1837,False,exclude_default,0.2449,False,exclude_default,False,False,False
STAP1,ENSG00000035720,0.0112,False,exclude_default,0.0278,False,exclude_default,False,False,False
DNAH5,ENSG00000039139,0.0,False,exclude_default,0.4,False,exclude_default,False,False,False
SOX30,ENSG00000039600,1.0,True,include_default,1.0,True,include_default,True,True,False
RAB27B,ENSG00000041353,0.0191,False,exclude_default,0.155,False,exclude_default,False,False,False
MYO16,ENSG00000041515,0.0,False,exclude_default,0.0,False,exclude_default,False,False,False
USH2A,ENSG00000042781,0.0,False,exclude_default,0.0,False,exclude_default,False,False,False
ZIC2,ENSG00000043355,0.001,False,exclude_default,0.001,False,exclude_default,False,False,False
CNTLN,ENSG00000044459,0.1254,False,exclude_default,0.3217,False,exclude_default,False,False,False
ANO2,ENSG00000047617,0.0432,False,exclude_default,0.0546,False,exclude_default,False,False,False
GOPC,ENSG00000047932,0.0738,False,exclude_default,0.2337,False,exclude_default,False,False,False
GUCA1A,ENSG00000048545,0.01,False,exclude_default,0.01,False,exclude_default,False,False,False
ERCC8,ENSG00000049167,0.0814,False,exclude_default,0.1926,False,exclude_default,False,False,False
ADAMTS6,ENSG00000049192,0.6154,False,exclude_default,0.6923,False,exclude_default,False,False,False
FOXP3,ENSG00000049768,0.0096,False,exclude_default,0.1378,False,exclude_default,False,False,False
NEXMIF,ENSG00000050030,0.0,False,exclude_default,0.0,False,exclude_default,False,False,False
RAD51,ENSG00000051180,0.2638,False,exclude_default,0.2702,False,exclude_default,False,False,False
POLQ,ENSG00000051341,0.0714,False,exclude_default,0.0714,False,exclude_default,False,False,False
ITIH4,ENSG00000055955,0.0011,False,exclude_default,0.0081,False,exclude_default,False,False,False
ZNF280C,ENSG00000056277,0.265,False,exclude_default,0.5164,False,exclude_default,False,False,False
MSH4,ENSG00000057468,0.7949,False,exclude_default,1.0,True,include_default,False,True,True
ZNF112,ENSG00000062370,0.1196,False,exclude_default,0.2957,False,exclude_default,False,False,False
SLC6A16,ENSG00000063127,0.4726,False,exclude_default,0.5679,False,exclude_default,False,False,False
AHRR,ENSG00000063438,0.6554,False,exclude_default,0.7187,False,exclude_default,False,False,False
GSC2,ENSG00000063515,1.0,True,include_default,1.0,True,include_default,True,True,False
DDX20,ENSG00000064703,0.3738,False,exclude_default,0.4802,False,exclude_default,False,False,False
MCM10,ENSG00000065328,0.0476,False,exclude_default,0.0476,False,exclude_default,False,False,False
ROPN1,ENSG00000065371,0.8489,False,exclude_default,0.8633,False,exclude_default,False,False,False
SNAP91,ENSG00000065609,0.0216,False,exclude_default,0.0253,False,exclude_default,False,False,False
CDK13,ENSG00000065883,0.075,False,exclude_default,0.2113,False,exclude_default,False,False,False
CTNNA2,ENSG00000066032,0.0289,False,exclude_default,0.1517,False,exclude_default,False,False,False
ZMYND12,ENSG00000066185,0.2463,False,exclude_default,0.4847,False,exclude_default,False,False,False
ASPM,ENSG00000066279,0.059,False,exclude_default,0.059,False,exclude_default,False,False,False
STAG3,ENSG00000066923,0.998,False,exclude_default,0.998,False,exclude_default,False,False,False
ZFY,ENSG00000067646,0.1087,False,exclude_default,0.2174,False,exclude_default,False,False,False
PRR11,ENSG00000068489,0.0472,False,exclude_default,0.0602,False,exclude_default,False,False,False
KIF2A,ENSG00000068796,0.1047,False,exclude_default,0.2125,False,exclude_default,False,False,False
SDK2,ENSG00000069188,0.3889,False,exclude_default,0.7222,False,exclude_default,False,False,False
ADAM7,ENSG00000069206,0.0003,False,exclude_default,1.0,True,include_default,False,True,True
CLEC2D,ENSG00000069493,0.0445,False,exclude_default,0.156,False,exclude_default,False,False,False
FRMPD1,ENSG00000070601,0.0892,False,exclude_default,0.0892,False,exclude_default,False,False,False
EPHA8,ENSG00000070886,0.0239,False,exclude_default,0.0239,False,exclude_default,False,False,False
TRIP13,ENSG00000071539,0.3411,False,exclude_default,0.4168,False,exclude_default,False,False,False
MBD3,ENSG00000071655,0.0572,False,exclude_default,0.1877,False,exclude_default,False,False,False
MYO3B,ENSG00000071909,0.0,False,exclude_default,0.4191,False,exclude_default,False,False,False
AFF4,ENSG00000072364,0.0596,False,exclude_default,0.1993,False,exclude_default,False,False,False
HMMR,ENSG00000072571,0.1986,False,exclude_default,0.2011,False,exclude_default,False,False,False
MOV10L1,ENSG00000073146,0.7344,False,exclude_default,0.9149,False,exclude_default,False,False,False
FNDC8,ENSG00000073598,1.0,True,include_default,1.0,True,include_default,True,True,False
TIPIN,ENSG00000075131,0.1382,False,exclude_default,0.2316,False,exclude_default,False,False,False
GTSE1,ENSG00000075218,0.1087,False,exclude_default,0.1116,False,exclude_default,False,False,False
FGF4,ENSG00000075388,1.0,True,exclude_default,1.0,True,exclude_default,False,False,False
WDR62,ENSG00000075702,0.2261,False,exclude_default,0.2272,False,exclude_default,False,False,False
RBM7,ENSG00000076053,0.0732,False,exclude_default,0.2154,False,exclude_default,False,False,False
DCX,ENSG00000077279,0.0,False,exclude_default,0.0619,False,exclude_default,False,False,False
SPAG6,ENSG00000077327,0.3204,False,exclude_default,0.4832,False,exclude_default,False,False,False
FAM76B,ENSG00000077458,0.0993,False,exclude_default,0.179,False,exclude_default,False,False,False
PIAS2,ENSG00000078043,0.2282,False,exclude_default,0.3219,False,exclude_default,False,False,False
NEBL,ENSG00000078114,0.0059,False,exclude_default,0.0403,False,exclude_default,False,False,False
N4BP2,ENSG00000078177,0.0815,False,exclude_default,0.192,False,exclude_default,False,False,False
ZCWPW1,ENSG00000078487,0.2981,False,exclude_default,0.4104,False,exclude_default,False,False,False
PKD2L2,ENSG00000078795,0.7931,False,exclude_default,0.7931,False,exclude_default,False,False,False
CLUL1,ENSG00000079101,0.0131,False,exclude_default,0.0365,False,exclude_default,False,False,False
RIMS1,ENSG00000079841,0.0186,False,exclude_default,0.0304,False,exclude_default,False,False,False
DDX43,ENSG00000080007,0.8516,False,exclude_default,0.8945,False,exclude_default,False,False,False
EPHA6,ENSG00000080224,0.5928,False,exclude_default,0.6407,False,exclude_default,False,False,False
DNAAF6,ENSG00000080572,0.4569,False,exclude_default,0.8664,False,exclude_default,False,False,False
PSEN1,ENSG00000080815,0.0606,False,exclude_default,0.1582,False,exclude_default,False,False,False
RBL1,ENSG00000080839,0.0687,False,exclude_default,0.1353,False,exclude_default,False,False,False
PCDHA6,ENSG00000081842,0.0,False,exclude_default,0.0,False,exclude_default,False,False,False
IL12RB2,ENSG00000081985,0.4615,False,exclude_default,0.4615,False,exclude_default,False,False,False
TRPM3,ENSG00000083067,0.0085,False,exclude_default,0.0098,False,exclude_default,False,False,False
ULK2,ENSG00000083290,0.1069,False,exclude_default,0.2263,False,exclude_default,False,False,False
ZNF416,ENSG00000083817,0.1055,False,exclude_default,0.2688,False,exclude_default,False,False,False
ZNF264,ENSG00000083844,0.097,False,exclude_default,0.2352,False,exclude_default,False,False,False
AGBL5,ENSG00000084693,0.2671,False,exclude_default,0.3994,False,exclude_default,False,False,False
ORC1,ENSG00000085840,0.071,False,exclude_default,0.071,False,exclude_default,False,False,False
RAD54L,ENSG00000085999,0.2032,False,exclude_default,0.2167,False,exclude_default,False,False,False
IPO11,ENSG00000086200,0.0973,False,exclude_default,0.2242,False,exclude_default,False,False,False
NME8,ENSG00000086288,0.4483,False,exclude_default,0.4483,False,exclude_default,False,False,False
ERO1B,ENSG00000086619,0.0769,False,exclude_default,0.153,False,exclude_default,False,False,False
PPEF1,ENSG00000086717,0.4315,False,exclude_default,0.4315,False,exclude_default,False,False,False
GMCL1,ENSG00000087338,0.0755,False,exclude_default,0.204,False,exclude_default,False,False,False
AURKA,ENSG00000087586,0.1924,False,exclude_default,0.2054,False,exclude_default,False,False,False
TPX2,ENSG00000088325,0.1211,False,exclude_default,0.1389,False,exclude_default,False,False,False
KIF9,ENSG00000088727,0.1227,False,exclude_default,0.2432,False,exclude_default,False,False,False
ARHGAP28,ENSG00000088756,0.5541,False,exclude_default,0.6823,False,exclude_default,False,False,False
DEFB127,ENSG00000088782,0.0,False,candidate_only,1.0,True,candidate_only,False,False,False
BRAP,ENSG00000089234,0.1712,False,exclude_default,0.2717,False,exclude_default,False,False,False
CMTM1,ENSG00000089505,0.7367,False,exclude_default,0.7512,False,exclude_default,False,False,False
BIRC5,ENSG00000089685,0.1266,False,exclude_default,0.1435,False,exclude_default,False,False,False
SI,ENSG00000090402,0.0006,False,exclude_default,0.0006,False,exclude_default,False,False,False
ZNF268,ENSG00000090612,0.0835,False,exclude_default,0.2492,False,exclude_default,False,False,False
KIF4A,ENSG00000090889,0.0331,False,exclude_default,0.0428,False,exclude_default,False,False,False
ORC6,ENSG00000091651,0.1959,False,exclude_default,0.2015,False,exclude_default,False,False,False
RPGRIP1,ENSG00000092200,0.241,False,exclude_default,0.241,False,exclude_default,False,False,False
CLSPN,ENSG00000092853,0.1282,False,exclude_default,0.1282,False,exclude_default,False,False,False
CDC45,ENSG00000093009,0.2039,False,exclude_default,0.2099,False,exclude_default,False,False,False
CDC6,ENSG00000094804,0.1119,False,exclude_default,0.1388,False,exclude_default,False,False,False
CBX5,ENSG00000094916,0.0631,False,exclude_default,0.1575,False,exclude_default,False,False,False
MYO3A,ENSG00000095777,0.2128,False,exclude_default,0.2128,False,exclude_default,False,False,False
CREM,ENSG00000095794,0.1974,False,exclude_default,0.2845,False,exclude_default,False,False,False
CATSPERG,ENSG00000099338,0.9455,False,exclude_default,0.9455,False,exclude_default,False,False,False
AMELY,ENSG00000099721,1.0,True,exclude_default,1.0,True,exclude_default,False,False,False
IZUMO4,ENSG00000099840,0.7017,False,exclude_default,0.7294,False,exclude_default,False,False,False
YPEL1,ENSG00000100027,0.3026,False,exclude_default,0.333,False,exclude_default,False,False,False
GGTLC2,ENSG00000100121,0.6896,False,exclude_default,0.6896,False,exclude_default,False,False,False
DMC1,ENSG00000100206,0.5097,False,exclude_default,0.5777,False,exclude_default,False,False,False
ACR,ENSG00000100312,0.9402,True,include_default,0.9413,True,include_default,True,True,False
AP4S1,ENSG00000100478,0.0831,False,exclude_default,0.1969,False,exclude_default,False,False,False
POLE2,ENSG00000100479,0.0842,False,exclude_default,0.1384,False,exclude_default,False,False,False
SOS2,ENSG00000100485,0.0614,False,exclude_default,0.1741,False,exclude_default,False,False,False
DDHD1,ENSG00000100523,0.1693,False,exclude_default,0.2542,False,exclude_default,False,False,False
CDKN3,ENSG00000100526,0.4299,False,exclude_default,0.4439,False,exclude_default,False,False,False
LRRC74A,ENSG00000100565,1.0,True,include_default,1.0,True,include_default,True,True,False
SAMD15,ENSG00000100583,0.312,False,exclude_default,0.4679,False,exclude_default,False,False,False
CEP128,ENSG00000100629,0.0732,False,exclude_default,0.1248,False,exclude_default,False,False,False
PRORP,ENSG00000100890,0.0409,False,exclude_default,0.1516,False,exclude_default,False,False,False
GINS1,ENSG00000101003,0.2024,False,exclude_default,0.2164,False,exclude_default,False,False,False
MYBL2,ENSG00000101057,0.057,False,exclude_default,0.0624,False,exclude_default,False,False,False
R3HDML,ENSG00000101074,0.0,False,exclude_default,0.0,False,exclude_default,False,False,False
COL20A1,ENSG00000101203,0.0406,False,exclude_default,0.0406,False,exclude_default,False,False,False
SEL1L2,ENSG00000101251,1.0,True,include_default,1.0,True,include_default,True,True,False
SLC52A3,ENSG00000101276,0.2425,False,exclude_default,0.3287,False,exclude_default,False,False,False
MROH8,ENSG00000101353,0.3946,False,exclude_default,0.5157,False,exclude_default,False,False,False
CST9L,ENSG00000101435,0.7732,False,exclude_default,1.0,True,include_default,False,True,True
SPINT3,ENSG00000101446,0.0,False,candidate_only,0.9848,False,candidate_only,False,False,False
NOL4,ENSG00000101746,0.1566,False,exclude_default,0.1566,False,exclude_default,False,False,False
VSIG1,ENSG00000101842,0.1803,False,exclude_default,0.1803,False,exclude_default,False,False,False
RHOXF1,ENSG00000101883,0.3516,False,exclude_default,0.3978,False,exclude_default,False,False,False
GUCY2F,ENSG00000101890,0.0,False,exclude_default,0.0,False,exclude_default,False,False,False
MCF2,ENSG00000101977,0.1392,False,exclude_default,0.3274,False,exclude_default,False,False,False
ASB9,ENSG00000102048,0.2586,False,exclude_default,0.2833,False,exclude_default,False,False,False
OPN1LW,ENSG00000102076,0.0,False,exclude_default,0.0,False,exclude_default,False,False,False
SCML2,ENSG00000102098,0.3067,False,exclude_default,0.3906,False,exclude_default,False,False,False
ZDHHC15,ENSG00000102383,0.0839,False,exclude_default,0.1958,False,exclude_default,False,False,False
CENPI,ENSG00000102384,0.0432,False,exclude_default,0.0731,False,exclude_default,False,False,False
TAF7L,ENSG00000102387,0.7655,False,exclude_default,0.8299,False,exclude_default,False,False,False
CDADC1,ENSG00000102543,0.0672,False,exclude_default,0.1961,False,exclude_default,False,False,False
UGGT2,ENSG00000102595,0.0957,False,exclude_default,0.2875,False,exclude_default,False,False,False
DGKH,ENSG00000102780,0.0647,False,exclude_default,0.3128,False,exclude_default,False,False,False
KATNAL1,ENSG00000102781,0.1062,False,exclude_default,0.2514,False,exclude_default,False,False,False
CBLN1,ENSG00000102924,0.0529,False,exclude_default,0.0631,False,exclude_default,False,False,False
CCL17,ENSG00000102970,0.0,False,exclude_default,0.0051,False,exclude_default,False,False,False
CFAP263,ENSG00000103021,0.086,False,exclude_default,0.3773,False,exclude_default,False,False,False
ZNF174,ENSG00000103343,0.0668,False,exclude_default,0.2365,False,exclude_default,False,False,False
IQCH,ENSG00000103599,0.3377,False,exclude_default,0.5728,False,exclude_default,False,False,False
LACTB,ENSG00000103642,0.0542,False,exclude_default,0.1239,False,exclude_default,False,False,False
AP3B2,ENSG00000103723,0.0264,False,exclude_default,0.0358,False,exclude_default,False,False,False
CEP152,ENSG00000103995,0.1875,False,exclude_default,0.2403,False,exclude_default,False,False,False
OIP5,ENSG00000104147,0.2807,False,exclude_default,0.2846,False,exclude_default,False,False,False
CSPP1,ENSG00000104218,0.1294,False,exclude_default,0.2631,False,exclude_default,False,False,False
IL7,ENSG00000104432,0.0103,False,exclude_default,0.0985,False,exclude_default,False,False,False
SPAG1,ENSG00000104450,0.1067,False,exclude_default,0.2259,False,exclude_default,False,False,False
SNX16,ENSG00000104497,0.0871,False,exclude_default,0.2392,False,exclude_default,False,False,False
GML,ENSG00000104499,0.0122,False,exclude_default,0.0122,False,exclude_default,False,False,False
SARS2,ENSG00000104835,0.0568,False,exclude_default,0.1728,False,exclude_default,False,False,False
ARHGEF18,ENSG00000104880,0.0357,False,exclude_default,0.1382,False,exclude_default,False,False,False
RSPH6A,ENSG00000104941,0.9426,True,include_default,0.9426,True,include_default,True,True,False
ASF1B,ENSG00000105011,0.2319,False,exclude_default,0.2551,False,exclude_default,False,False,False
MED26,ENSG00000105085,0.2372,False,exclude_default,0.3363,False,exclude_default,False,False,False
SLC1A6,ENSG00000105143,0.1224,False,exclude_default,0.1256,False,exclude_default,False,False,False
AURKC,ENSG00000105146,0.6397,False,exclude_default,0.6582,False,exclude_default,False,False,False
OVOL3,ENSG00000105261,1.0,True,include_default,1.0,True,include_default,True,True,False
CLIP3,ENSG00000105270,0.0318,False,exclude_default,0.1523,False,exclude_default,False,False,False
ZNRF4,ENSG00000105428,1.0,True,include_default,1.0,True,include_default,True,True,False
SYNGR4,ENSG00000105467,0.8564,False,exclude_default,0.8564,False,exclude_default,False,False,False
ODAD1,ENSG00000105479,0.182,False,exclude_default,0.5443,False,exclude_default,False,False,False
PIK3R2,ENSG00000105647,0.0545,False,exclude_default,0.1926,False,exclude_default,False,False,False
ETV2,ENSG00000105672,0.7883,False,exclude_default,0.7973,False,exclude_default,False,False,False
GRIK5,ENSG00000105737,0.1106,False,exclude_default,0.2037,False,exclude_default,False,False,False
ZNF85,ENSG00000105750,0.1863,False,exclude_default,0.2729,False,exclude_default,False,False,False
GTPBP10,ENSG00000105793,0.0678,False,exclude_default,0.18,False,exclude_default,False,False,False
PIK3CG,ENSG00000105851,0.0382,False,exclude_default,0.0481,False,exclude_default,False,False,False
DNAH11,ENSG00000105877,0.0,False,exclude_default,0.052,False,exclude_default,False,False,False
CBLL1,ENSG00000105879,0.0758,False,exclude_default,0.2085,False,exclude_default,False,False,False
STEAP1B,ENSG00000105889,0.0798,False,exclude_default,0.1288,False,exclude_default,False,False,False
IFT56,ENSG00000105948,0.1547,False,exclude_default,0.4082,False,exclude_default,False,False,False
RNF32,ENSG00000105982,0.5938,False,exclude_default,0.7238,False,exclude_default,False,False,False
MINDY4,ENSG00000106125,0.1136,False,exclude_default,0.3744,False,exclude_default,False,False,False
FSCN3,ENSG00000106328,1.0,True,include_default,1.0,True,include_default,True,True,False
FBXO24,ENSG00000106336,0.9873,True,include_default,0.9924,True,include_default,True,True,False
NOBOX,ENSG00000106410,1.0,True,exclude_default,1.0,True,exclude_default,False,False,False
PSMA2,ENSG00000106588,0.0457,False,exclude_default,0.1591,False,exclude_default,False,False,False
TBL2,ENSG00000106638,0.1861,False,exclude_default,0.3273,False,exclude_default,False,False,False
GALNTL5,ENSG00000106648,0.9596,False,exclude_default,0.9596,False,exclude_default,False,False,False
TLE4,ENSG00000106829,0.1757,False,exclude_default,0.2491,False,exclude_default,False,False,False
RIC1,ENSG00000107036,0.0749,False,exclude_default,0.2184,False,exclude_default,False,False,False
KDM4C,ENSG00000107077,0.0429,False,exclude_default,0.1525,False,exclude_default,False,False,False
ELAVL2,ENSG00000107105,0.3047,False,exclude_default,0.3047,False,exclude_default,False,False,False
ATRNL1,ENSG00000107518,0.1979,False,exclude_default,0.2905,False,exclude_default,False,False,False
TRDMT1,ENSG00000107614,0.0683,False,exclude_default,0.295,False,exclude_default,False,False,False
UBE2S,ENSG00000108106,0.1566,False,exclude_default,0.2302,False,exclude_default,False,False,False
C17orf75,ENSG00000108666,0.0782,False,exclude_default,0.2052,False,exclude_default,False,False,False
SLAIN2,ENSG00000109171,0.0768,False,exclude_default,0.2286,False,exclude_default,False,False,False
DCUN1D4,ENSG00000109184,0.0652,False,exclude_default,0.213,False,exclude_default,False,False,False
CRACD,ENSG00000109265,0.2137,False,exclude_default,0.3083,False,exclude_default,False,False,False
SEPSECS,ENSG00000109618,0.0567,False,exclude_default,0.1639,False,exclude_default,False,False,False
NEIL3,ENSG00000109674,0.0139,False,exclude_default,0.0139,False,exclude_default,False,False,False
CLNK,ENSG00000109684,0.0,False,exclude_default,0.012,False,exclude_default,False,False,False
LRP2BP,ENSG00000109771,0.107,False,exclude_default,0.1883,False,exclude_default,False,False,False
DDX25,ENSG00000109832,0.3634,False,exclude_default,0.3634,False,exclude_default,False,False,False
DBX1,ENSG00000109851,1.0,True,exclude_default,1.0,True,exclude_default,False,False,False
CCDC34,ENSG00000109881,0.1815,False,exclude_default,0.2975,False,exclude_default,False,False,False
TECTA,ENSG00000109927,0.0,False,exclude_default,0.0,False,exclude_default,False,False,False
CPT1A,ENSG00000110090,0.0401,False,exclude_default,0.1517,False,exclude_default,False,False,False
HIPK3,ENSG00000110422,0.0563,False,exclude_default,0.1923,False,exclude_default,False,False,False
SOX6,ENSG00000110693,0.1162,False,exclude_default,0.1503,False,exclude_default,False,False,False
SYT10,ENSG00000110975,0.0,False,exclude_default,1.0,True,include_default,False,True,True
LIN7A,ENSG00000111052,0.0626,False,exclude_default,0.165,False,exclude_default,False,False,False
RAD51AP1,ENSG00000111247,0.098,False,exclude_default,0.1062,False,exclude_default,False,False,False
AKAP3,ENSG00000111254,0.8966,True,include_default,0.9236,True,include_default,True,True,False
GSG1,ENSG00000111305,0.9063,False,exclude_default,0.9063,False,exclude_default,False,False,False
MAK,ENSG00000111837,0.0266,False,exclude_default,0.0586,False,exclude_default,False,False,False
HINT3,ENSG00000111911,0.0326,False,exclude_default,0.1391,False,exclude_default,False,False,False
FBXO5,ENSG00000112029,0.0586,False,exclude_default,0.1462,False,exclude_default,False,False,False
OPRM1,ENSG00000112038,0.6207,False,exclude_default,0.6207,False,exclude_default,False,False,False
SLC26A8,ENSG00000112053,0.8327,True,include_default,0.8327,True,include_default,True,True,False
IL17F,ENSG00000112116,0.0,False,exclude_default,0.0,False,exclude_default,False,False,False
BACH2,ENSG00000112182,0.0283,False,exclude_default,0.0518,False,exclude_default,False,False,False
PRDM13,ENSG00000112238,1.0,True,exclude_default,1.0,True,exclude_default,False,False,False
SIM1,ENSG00000112246,0.0,False,exclude_default,0.1908,False,exclude_default,False,False,False
HDGFL1,ENSG00000112273,1.0,True,include_default,1.0,True,include_default,True,True,False
MED23,ENSG00000112282,0.0658,False,exclude_default,0.2199,False,exclude_default,False,False,False
PDE10A,ENSG00000112541,0.0885,False,exclude_default,0.159,False,exclude_default,False,False,False
PRPH2,ENSG00000112619,0.0068,False,exclude_default,0.0123,False,exclude_default,False,False,False
CCN6,ENSG00000112761,0.0,False,exclude_default,0.7426,False,exclude_default,False,False,False
ENPP5,ENSG00000112796,0.0604,False,exclude_default,0.5171,False,exclude_default,False,False,False
PCDHB2,ENSG00000112852,0.2247,False,exclude_default,0.348,False,exclude_default,False,False,False
PCDHB3,ENSG00000113205,0.4203,False,exclude_default,0.5507,False,exclude_default,False,False,False
PCDHB5,ENSG00000113209,0.1487,False,exclude_default,0.4053,False,exclude_default,False,False,False
PCDHB6,ENSG00000113211,0.1887,False,exclude_default,0.3962,False,exclude_default,False,False,False
SLC27A6,ENSG00000113396,0.1869,False,exclude_default,0.3924,False,exclude_default,False,False,False
IL5,ENSG00000113525,1.0,True,include_default,1.0,True,include_default,True,True,False
ARL6,ENSG00000113966,0.0536,False,exclude_default,0.1724,False,exclude_default,False,False,False
ARMC8,ENSG00000114098,0.0542,False,exclude_default,0.163,False,exclude_default,False,False,False
GNAT1,ENSG00000114349,0.0002,False,exclude_default,0.0002,False,exclude_default,False,False,False
CFAP92,ENSG00000114656,0.5614,False,exclude_default,0.6188,False,exclude_default,False,False,False
ACVR2B,ENSG00000114739,0.1004,False,exclude_default,0.1808,False,exclude_default,False,False,False
PEX5L,ENSG00000114757,0.0167,False,exclude_default,0.0167,False,exclude_default,False,False,False
KANSL3,ENSG00000114982,0.0716,False,exclude_default,0.2434,False,exclude_default,False,False,False
IL1A,ENSG00000115008,0.1557,False,exclude_default,0.2426,False,exclude_default,False,False,False
GPD2,ENSG00000115159,0.0326,False,exclude_default,0.1511,False,exclude_default,False,False,False
CENPA,ENSG00000115163,0.0357,False,exclude_default,0.0378,False,exclude_default,False,False,False
SLC30A3,ENSG00000115194,0.2076,False,exclude_default,0.6191,False,exclude_default,False,False,False
ASB3,ENSG00000115239,0.0618,False,exclude_default,0.1962,False,exclude_default,False,False,False
PDE1A,ENSG00000115252,0.0959,False,exclude_default,0.2244,False,exclude_default,False,False,False
PCSK4,ENSG00000115257,0.6614,False,exclude_default,0.7023,False,exclude_default,False,False,False
INO80B,ENSG00000115274,0.0701,False,exclude_default,0.2258,False,exclude_default,False,False,False
THADA,ENSG00000115970,0.0593,False,exclude_default,0.2226,False,exclude_default,False,False,False
RALGPS2,ENSG00000116191,0.1567,False,exclude_default,0.2313,False,exclude_default,False,False,False
PRAMEF1,ENSG00000116721,1.0,True,exclude_default,1.0,True,exclude_default,False,False,False
PHTF1,ENSG00000116793,0.117,False,exclude_default,0.2184,False,exclude_default,False,False,False
LGALS8,ENSG00000116977,0.1083,False,exclude_default,0.2147,False,exclude_default,False,False,False
SSX2IP,ENSG00000117155,0.1731,False,exclude_default,0.277,False,exclude_default,False,False,False
MPL,ENSG00000117400,0.4615,False,exclude_default,0.5385,False,exclude_default,False,False,False
BLZF1,ENSG00000117475,0.0952,False,exclude_default,0.2371,False,exclude_default,False,False,False
CCDC181,ENSG00000117477,0.1434,False,exclude_default,0.229,False,exclude_default,False,False,False
PTBP2,ENSG00000117569,0.0685,False,exclude_default,0.2285,False,exclude_default,False,False,False
TNFSF4,ENSG00000117586,0.2624,False,exclude_default,0.2837,False,exclude_default,False,False,False
NEK2,ENSG00000117650,0.418,False,exclude_default,0.4388,False,exclude_default,False,False,False
ESYT2,ENSG00000117868,0.0707,False,exclude_default,0.2216,False,exclude_default,False,False,False
CHRNB4,ENSG00000117971,0.4792,False,exclude_default,0.4792,False,exclude_default,False,False,False
ZNF541,ENSG00000118156,0.9134,True,include_default,0.9134,True,include_default,True,True,False
KIF14,ENSG00000118193,0.0636,False,exclude_default,0.0636,False,exclude_default,False,False,False
TNP1,ENSG00000118245,0.998,True,include_default,0.9987,True,include_default,True,True,False
DNAI7,ENSG00000118307,0.2968,False,exclude_default,0.5603,False,exclude_default,False,False,False
UBE3D,ENSG00000118420,0.0304,False,exclude_default,0.1827,False,exclude_default,False,False,False
ADGB,ENSG00000118492,0.6816,False,exclude_default,0.8575,False,exclude_default,False,False,False
SLC16A7,ENSG00000118596,0.0174,False,exclude_default,0.0683,False,exclude_default,False,False,False
ZNF430,ENSG00000118620,0.0831,False,exclude_default,0.2339,False,exclude_default,False,False,False
WDR35,ENSG00000118965,0.0859,False,exclude_default,0.2904,False,exclude_default,False,False,False
DNAH7,ENSG00000118997,0.1082,False,exclude_default,0.2301,False,exclude_default,False,False,False
SENP5,ENSG00000119231,0.0837,False,exclude_default,0.2081,False,exclude_default,False,False,False
ONECUT2,ENSG00000119547,0.0,False,exclude_default,0.0,False,exclude_default,False,False,False
C19orf25,ENSG00000119559,0.0469,False,exclude_default,0.1476,False,exclude_default,False,False,False
DNAL1,ENSG00000119661,0.1725,False,exclude_default,0.3318,False,exclude_default,False,False,False
ZC2HC1C,ENSG00000119703,0.3135,False,exclude_default,0.5241,False,exclude_default,False,False,False
ZNF410,ENSG00000119725,0.0865,False,exclude_default,0.2457,False,exclude_default,False,False,False
CFAP58,ENSG00000120051,0.4615,False,exclude_default,0.8077,False,exclude_default,False,False,False
EQTN,ENSG00000120160,1.0,True,include_default,1.0,True,include_default,True,True,False
INSL6,ENSG00000120210,0.6943,False,exclude_default,0.6943,False,exclude_default,False,False,False
MLANA,ENSG00000120215,0.0,False,exclude_default,0.0,False,exclude_default,False,False,False
CCDC170,ENSG00000120262,0.102,False,exclude_default,0.5826,False,exclude_default,False,False,False
MAGEB4,ENSG00000120289,0.2289,False,exclude_default,1.0,False,exclude_default,False,False,False
SLC25A2,ENSG00000120329,1.0,True,include_default,1.0,True,include_default,True,True,False
CENPL,ENSG00000120334,0.1862,False,exclude_default,0.2224,False,exclude_default,False,False,False
SEC16B,ENSG00000120341,0.0203,False,exclude_default,0.0843,False,exclude_default,False,False,False
GPR31,ENSG00000120436,0.0,False,exclude_default,0.0,False,exclude_default,False,False,False
TTLL2,ENSG00000120440,0.9657,False,exclude_default,0.9657,False,exclude_default,False,False,False
SNX19,ENSG00000120451,0.0583,False,exclude_default,0.1962,False,exclude_default,False,False,False
TEX11,ENSG00000120498,0.1291,False,exclude_default,0.1291,False,exclude_default,False,False,False
SLC10A7,ENSG00000120519,0.0715,False,exclude_default,0.2536,False,exclude_default,False,False,False
LYZL1,ENSG00000120563,1.0,True,include_default,1.0,True,include_default,True,True,False
EPC1,ENSG00000120616,0.0536,False,exclude_default,0.1759,False,exclude_default,False,False,False
TNFSF11,ENSG00000120659,0.0043,False,exclude_default,0.0043,False,exclude_default,False,False,False
SOHLH2,ENSG00000120669,0.7414,False,exclude_default,0.8017,False,exclude_default,False,False,False
PRAMEF2,ENSG00000120952,1.0,True,exclude_default,1.0,True,exclude_default,False,False,False
RDH10,ENSG00000121039,0.0661,False,exclude_default,0.162,False,exclude_default,False,False,False
NCAPH,ENSG00000121152,0.1912,False,exclude_default,0.1972,False,exclude_default,False,False,False
LRAT,ENSG00000121207,0.0,False,exclude_default,0.0,False,exclude_default,False,False,False
MND1,ENSG00000121211,0.168,False,exclude_default,0.172,False,exclude_default,False,False,False
ABCC11,ENSG00000121270,0.0267,False,exclude_default,0.078,False,exclude_default,False,False,False
BCL2L14,ENSG00000121380,0.3217,False,exclude_default,0.3228,False,exclude_default,False,False,False
PSPC1,ENSG00000121390,0.0731,False,exclude_default,0.1985,False,exclude_default,False,False,False
RGSL1,ENSG00000121446,0.9744,True,include_default,1.0,True,include_default,True,True,False
DPPA4,ENSG00000121570,0.2211,False,exclude_default,0.2211,False,exclude_default,False,False,False
KIF18A,ENSG00000121621,0.3299,False,exclude_default,0.3299,False,exclude_default,False,False,False
GJA8,ENSG00000121634,1.0,False,exclude_default,1.0,False,exclude_default,False,False,False
DEPDC7,ENSG00000121690,0.1247,False,exclude_default,0.1538,False,exclude_default,False,False,False
ZSCAN20,ENSG00000121903,0.1717,False,exclude_default,0.2929,False,exclude_default,False,False,False
CSMD2,ENSG00000121904,0.0,False,exclude_default,0.0,False,exclude_default,False,False,False
ZRANB3,ENSG00000121988,0.5208,False,exclude_default,0.5208,False,exclude_default,False,False,False
CCDC18,ENSG00000122483,0.2204,False,exclude_default,0.2204,False,exclude_default,False,False,False
KLHL7,ENSG00000122550,0.1099,False,exclude_default,0.2259,False,exclude_default,False,False,False
HYCC1,ENSG00000122591,0.0895,False,exclude_default,0.2072,False,exclude_default,False,False,False
KIAA1549,ENSG00000122778,0.0114,False,exclude_default,0.2301,False,exclude_default,False,False,False
ACTRT1,ENSG00000123165,1.0,True,include_default,1.0,True,include_default,True,True,False
CCDC70,ENSG00000123171,1.0,True,include_default,1.0,True,include_default,True,True,False
CENPK,ENSG00000123219,0.1103,False,exclude_default,0.1337,False,exclude_default,False,False,False
STIL,ENSG00000123473,0.1118,False,exclude_default,0.1304,False,exclude_default,False,False,False
HJURP,ENSG00000123485,0.0869,False,exclude_default,0.0941,False,exclude_default,False,False,False
IL13RA2,ENSG00000123496,0.2824,False,exclude_default,0.3698,False,exclude_default,False,False,False
COL10A1,ENSG00000123500,0.208,False,exclude_default,0.2522,False,exclude_default,False,False,False
H2BW1,ENSG00000123569,1.0,True,exclude_default,1.0,True,exclude_default,False,False,False
ATXN3L,ENSG00000123594,1.0,True,include_default,1.0,True,include_default,True,True,False
CKS2,ENSG00000123975,0.1569,False,exclude_default,0.2137,False,exclude_default,False,False,False
DAW1,ENSG00000123977,0.3106,False,exclude_default,0.5041,False,exclude_default,False,False,False
INHA,ENSG00000123999,0.5731,False,exclude_default,0.5949,False,exclude_default,False,False,False
MC3R,ENSG00000124089,0.0,False,exclude_default,0.0,False,exclude_default,False,False,False
FAM209A,ENSG00000124103,0.85,False,exclude_default,0.85,False,exclude_default,False,False,False
WFDC3,ENSG00000124116,0.5428,False,exclude_default,0.5428,False,exclude_default,False,False,False
GTSF1L,ENSG00000124196,0.9977,True,include_default,0.9977,True,include_default,True,True,False
ARFGEF2,ENSG00000124198,0.0485,False,exclude_default,0.1464,False,exclude_default,False,False,False
RBPJL,ENSG00000124232,0.0,False,exclude_default,0.0,False,exclude_default,False,False,False
IRGC,ENSG00000124449,1.0,True,include_default,1.0,True,include_default,True,True,False
ZNF391,ENSG00000124613,0.1484,False,exclude_default,0.3887,False,exclude_default,False,False,False
TCP11,ENSG00000124678,1.0,True,include_default,1.0,True,include_default,True,True,False
DNAH8,ENSG00000124721,0.6735,False,exclude_default,0.9388,False,exclude_default,False,False,False
CRISP1,ENSG00000124812,0.0009,False,exclude_default,1.0,True,include_default,False,True,True
OPN5,ENSG00000124818,1.0,False,exclude_default,1.0,False,exclude_default,False,False,False
TRIM51,ENSG00000124900,1.0,True,exclude_default,1.0,True,exclude_default,False,False,False
GPR18,ENSG00000125245,0.0982,False,exclude_default,0.0982,False,exclude_default,False,False,False
HROB,ENSG00000125319,0.4122,False,exclude_default,0.4163,False,exclude_default,False,False,False
GRK4,ENSG00000125388,0.2819,False,exclude_default,0.3397,False,exclude_default,False,False,False
TEKT3,ENSG00000125409,0.8343,False,exclude_default,0.9429,False,exclude_default,False,False,False
FNDC11,ENSG00000125531,0.9839,True,include_default,0.9981,True,include_default,True,True,False
BHLHE23,ENSG00000125533,1.0,True,exclude_default,1.0,True,exclude_default,False,False,False
CCDC93,ENSG00000125633,0.0603,False,exclude_default,0.1664,False,exclude_default,False,False,False
DEFB126,ENSG00000125788,0.0,False,exclude_default,1.0,True,include_default,False,True,True
CST8,ENSG00000125815,1.0,True,include_default,1.0,True,include_default,True,True,False
NKX2-4,ENSG00000125816,1.0,True,include_default,1.0,True,include_default,True,True,False
BFSP1,ENSG00000125864,0.1488,False,exclude_default,0.2111,False,exclude_default,False,False,False
BANF2,ENSG00000125888,0.8455,False,exclude_default,0.8455,False,exclude_default,False,False,False
SIRPD,ENSG00000125900,0.9185,False,exclude_default,0.9185,False,exclude_default,False,False,False
DEFB129,ENSG00000125903,0.0,False,candidate_only,1.0,True,candidate_only,False,False,False
GDF5,ENSG00000125965,0.0,False,exclude_default,0.009,False,exclude_default,False,False,False
C20orf173,ENSG00000125975,1.0,True,include_default,1.0,True,include_default,True,True,False
TUBGCP3,ENSG00000126216,0.0759,False,exclude_default,0.2031,False,exclude_default,False,False,False
IGFLR1,ENSG00000126246,0.0321,False,exclude_default,0.0938,False,exclude_default,False,False,False
HTN1,ENSG00000126550,0.0001,False,exclude_default,0.0001,False,exclude_default,False,False,False
DLGAP5,ENSG00000126787,0.1278,False,exclude_default,0.1316,False,exclude_default,False,False,False
PLAAT1,ENSG00000127252,0.2539,False,exclude_default,0.2708,False,exclude_default,False,False,False
HELB,ENSG00000127311,0.0,False,exclude_default,0.0,False,exclude_default,False,False,False
YEATS4,ENSG00000127337,0.0884,False,exclude_default,0.1971,False,exclude_default,False,False,False
AUNIP,ENSG00000127423,0.6878,False,exclude_default,0.6878,False,exclude_default,False,False,False
UQCR11,ENSG00000127540,0.0231,False,exclude_default,0.1065,False,exclude_default,False,False,False
RNF6,ENSG00000127870,0.0751,False,exclude_default,0.182,False,exclude_default,False,False,False
RBM48,ENSG00000127993,0.0546,False,exclude_default,0.1708,False,exclude_default,False,False,False
SPINK2,ENSG00000128040,0.058,False,exclude_default,0.9911,True,include_default,False,True,True
PPAT,ENSG00000128059,0.1085,False,exclude_default,0.2147,False,exclude_default,False,False,False
ADORA2A,ENSG00000128271,0.013,False,exclude_default,0.0488,False,exclude_default,False,False,False
C22orf23,ENSG00000128346,0.3691,False,exclude_default,0.4569,False,exclude_default,False,False,False
APOBEC3F,ENSG00000128394,0.0997,False,exclude_default,0.2749,False,exclude_default,False,False,False
RIBC2,ENSG00000128408,0.5603,False,exclude_default,0.7237,False,exclude_default,False,False,False
SPECC1,ENSG00000128487,0.0836,False,exclude_default,0.1614,False,exclude_default,False,False,False
CCDC136,ENSG00000128596,0.2689,False,exclude_default,0.3297,False,exclude_default,False,False,False
FEZF1,ENSG00000128610,0.1382,False,exclude_default,0.1382,False,exclude_default,False,False,False
PDE11A,ENSG00000128655,0.0825,False,exclude_default,0.231,False,exclude_default,False,False,False
ELL3,ENSG00000128886,0.0813,False,exclude_default,0.1004,False,exclude_default,False,False,False
AIPL1,ENSG00000129221,0.0,False,exclude_default,0.0,False,exclude_default,False,False,False
NRL,ENSG00000129535,0.0097,False,exclude_default,0.0114,False,exclude_default,False,False,False
NEDD8,ENSG00000129559,0.0379,False,exclude_default,0.1569,False,exclude_default,False,False,False
QRICH2,ENSG00000129646,0.3153,False,exclude_default,0.3713,False,exclude_default,False,False,False
AANAT,ENSG00000129673,0.2174,False,exclude_default,0.2174,False,exclude_default,False,False,False
SGO1,ENSG00000129810,0.1375,False,exclude_default,0.1375,False,exclude_default,False,False,False
CDY2B,ENSG00000129873,1.0,True,include_default,1.0,True,include_default,True,True,False
TSPAN16,ENSG00000130167,0.9694,False,exclude_default,0.9694,False,exclude_default,False,False,False
ACE2,ENSG00000130234,0.0697,False,exclude_default,0.0748,False,exclude_default,False,False,False
ATP8B3,ENSG00000130270,0.6858,False,exclude_default,0.6926,False,exclude_default,False,False,False
ACSBG2,ENSG00000130377,1.0,True,include_default,1.0,True,include_default,True,True,False
BMP15,ENSG00000130385,1.0,True,candidate_only,1.0,True,candidate_only,False,False,False
IQCN,ENSG00000130518,0.593,False,exclude_default,0.7335,False,exclude_default,False,False,False
ZNF557,ENSG00000130544,0.0759,False,exclude_default,0.1962,False,exclude_default,False,False,False
SAG,ENSG00000130561,0.0014,False,exclude_default,0.0014,False,exclude_default,False,False,False
HBZ,ENSG00000130656,0.6559,False,exclude_default,0.6559,False,exclude_default,False,False,False
CCDC62,ENSG00000130783,0.9941,True,include_default,0.9941,True,include_default,True,True,False
PPAN,ENSG00000130810,0.0573,False,exclude_default,0.1912,False,exclude_default,False,False,False
PKDREJ,ENSG00000130943,1.0,True,include_default,1.0,True,include_default,True,True,False
HSD17B3,ENSG00000130948,0.3589,False,exclude_default,0.4376,False,exclude_default,False,False,False
ULBP3,ENSG00000131019,0.2935,False,exclude_default,0.3424,False,exclude_default,False,False,False
TTLL9,ENSG00000131044,0.1204,False,exclude_default,0.321,False,exclude_default,False,False,False
BPIFA2,ENSG00000131050,0.0,False,exclude_default,0.0005,False,exclude_default,False,False,False
BPIFA3,ENSG00000131059,1.0,True,include_default,1.0,True,include_default,True,True,False
DEFB118,ENSG00000131068,0.0,False,candidate_only,1.0,True,candidate_only,False,False,False
ZNF227,ENSG00000131115,0.0698,False,exclude_default,0.2105,False,exclude_default,False,False,False
C3orf20,ENSG00000131379,1.0,True,include_default,1.0,True,include_default,True,True,False
NDUFA2,ENSG00000131495,0.0416,False,exclude_default,0.1255,False,exclude_default,False,False,False
RHOXF2,ENSG00000131721,1.0,True,include_default,1.0,True,include_default,True,True,False
KRT33B,ENSG00000131738,0.0,False,exclude_default,0.0,False,exclude_default,False,False,False
TOP2A,ENSG00000131747,0.1574,False,exclude_default,0.1882,False,exclude_default,False,False,False
KHDRBS3,ENSG00000131773,0.225,False,exclude_default,0.3275,False,exclude_default,False,False,False
ZSCAN5A,ENSG00000131848,0.2163,False,exclude_default,0.3374,False,exclude_default,False,False,False
USP29,ENSG00000131864,0.8085,True,include_default,0.8085,True,include_default,True,True,False
LIN28A,ENSG00000131914,1.0,False,exclude_default,1.0,False,exclude_default,False,False,False
LRRC9,ENSG00000131951,0.7419,False,exclude_default,0.7419,False,exclude_default,False,False,False
BRME1,ENSG00000132016,0.241,False,exclude_default,0.3477,False,exclude_default,False,False,False
SPATA6,ENSG00000132122,0.2254,False,exclude_default,0.3992,False,exclude_default,False,False,False
CCT6B,ENSG00000132141,0.6542,False,exclude_default,0.7155,False,exclude_default,False,False,False
FIGNL1,ENSG00000132436,0.0815,False,exclude_default,0.2087,False,exclude_default,False,False,False
ENAM,ENSG00000132464,0.0,False,exclude_default,0.2234,False,exclude_default,False,False,False
RGS22,ENSG00000132554,0.7464,False,exclude_default,0.8993,False,exclude_default,False,False,False
SCP2D1,ENSG00000132631,1.0,True,include_default,1.0,True,include_default,True,True,False
ATP1A4,ENSG00000132681,0.6546,False,exclude_default,0.6645,False,exclude_default,False,False,False
TESMIN,ENSG00000132749,0.6812,False,exclude_default,0.7098,False,exclude_default,False,False,False
ATP8A2,ENSG00000132932,0.0171,False,exclude_default,0.0171,False,exclude_default,False,False,False
ZMYM5,ENSG00000132950,0.1169,False,exclude_default,0.2548,False,exclude_default,False,False,False
XPO4,ENSG00000132953,0.0519,False,exclude_default,0.1516,False,exclude_default,False,False,False
TPTE2,ENSG00000132958,1.0,True,include_default,1.0,True,include_default,True,True,False
RNF17,ENSG00000132972,1.0,False,exclude_default,1.0,False,exclude_default,False,False,False
CHRM3,ENSG00000133019,0.0641,False,exclude_default,0.1023,False,exclude_default,False,False,False
CCNA1,ENSG00000133101,0.4077,False,exclude_default,0.5619,False,exclude_default,False,False,False
RFXAP,ENSG00000133111,0.0744,False,exclude_default,0.2332,False,exclude_default,False,False,False
FAM83F,ENSG00000133477,0.2478,False,exclude_default,0.3886,False,exclude_default,False,False,False
LRRIQ1,ENSG00000133640,0.241,False,exclude_default,0.4991,False,exclude_default,False,False,False
MICAL2,ENSG00000133816,0.0666,False,exclude_default,0.1487,False,exclude_default,False,False,False
CATSPERB,ENSG00000133962,0.0,False,exclude_default,0.0,False,exclude_default,False,False,False
VRTN,ENSG00000133980,0.6,False,exclude_default,1.0,True,include_default,False,True,True
ADAM20,ENSG00000134007,1.0,True,include_default,1.0,True,include_default,True,True,False
MBD2,ENSG00000134046,0.0753,False,exclude_default,0.1984,False,exclude_default,False,False,False
IER3IP1,ENSG00000134049,0.0487,False,exclude_default,0.1569,False,exclude_default,False,False,False
DPH6,ENSG00000134146,0.0669,False,exclude_default,0.2137,False,exclude_default,False,False,False
TRPM1,ENSG00000134160,0.0529,False,exclude_default,0.0529,False,exclude_default,False,False,False
VAV3,ENSG00000134215,0.0687,False,exclude_default,0.1488,False,exclude_default,False,False,False
ADAM30,ENSG00000134249,1.0,True,include_default,1.0,True,include_default,True,True,False
CD101,ENSG00000134256,0.0,False,exclude_default,0.0,False,exclude_default,False,False,False
CRB1,ENSG00000134376,0.0177,False,exclude_default,0.0177,False,exclude_default,False,False,False
TMEM241,ENSG00000134490,0.0777,False,exclude_default,0.2136,False,exclude_default,False,False,False
USP26,ENSG00000134588,1.0,True,include_default,1.0,True,include_default,True,True,False
SOX3,ENSG00000134595,0.0822,False,exclude_default,0.6233,False,exclude_default,False,False,False
CDCA8,ENSG00000134690,0.124,False,exclude_default,0.1409,False,exclude_default,False,False,False
RNF138,ENSG00000134758,0.1876,False,exclude_default,0.2827,False,exclude_default,False,False,False
ACRV1,ENSG00000134940,0.9566,True,include_default,0.977,True,include_default,True,True,False
TMED7,ENSG00000134970,0.0529,False,exclude_default,0.2334,False,exclude_default,False,False,False
RNFT2,ENSG00000135119,0.0374,False,exclude_default,0.0374,False,exclude_default,False,False,False
OCM2,ENSG00000135175,1.0,True,exclude_default,1.0,True,exclude_default,False,False,False
CSN2,ENSG00000135222,0.0,False,exclude_default,0.0,False,exclude_default,False,False,False
KHDC1,ENSG00000135314,0.0821,False,exclude_default,0.1258,False,exclude_default,False,False,False
AKIRIN2,ENSG00000135334,0.0479,False,exclude_default,0.1511,False,exclude_default,False,False,False
LCA5,ENSG00000135338,0.0878,False,exclude_default,0.2628,False,exclude_default,False,False,False
GJA10,ENSG00000135355,1.0,True,exclude_default,1.0,True,exclude_default,False,False,False
FAM186B,ENSG00000135436,0.9865,True,include_default,0.9865,True,include_default,True,True,False
TROAP,ENSG00000135451,0.1518,False,exclude_default,0.1795,False,exclude_default,False,False,False
AFG1L,ENSG00000135537,0.1654,False,exclude_default,0.226,False,exclude_default,False,False,False
NMBR,ENSG00000135577,1.0,True,exclude_default,1.0,True,exclude_default,False,False,False
EGR4,ENSG00000135625,0.0521,False,exclude_default,0.0521,False,exclude_default,False,False,False
RGS8,ENSG00000135824,0.0197,False,exclude_default,0.0197,False,exclude_default,False,False,False
DHX9,ENSG00000135829,0.069,False,exclude_default,0.2058,False,exclude_default,False,False,False
GPR55,ENSG00000135898,0.2047,False,exclude_default,0.2047,False,exclude_default,False,False,False
USP37,ENSG00000135913,0.1313,False,exclude_default,0.2751,False,exclude_default,False,False,False
TSGA10,ENSG00000135951,0.6377,False,exclude_default,0.7948,False,exclude_default,False,False,False
EDAR,ENSG00000135960,0.0,False,exclude_default,0.0714,False,exclude_default,False,False,False
USP44,ENSG00000136014,0.6303,False,exclude_default,0.6583,False,exclude_default,False,False,False
C7orf25,ENSG00000136197,0.1105,False,exclude_default,0.2956,False,exclude_default,False,False,False
SPDYE1,ENSG00000136206,0.8507,False,exclude_default,0.8507,False,exclude_default,False,False,False
NKX2-8,ENSG00000136327,0.4161,False,exclude_default,0.4161,False,exclude_default,False,False,False
MYCBPAP,ENSG00000136449,0.8772,False,exclude_default,0.931,False,exclude_default,False,False,False
BRIP1,ENSG00000136492,0.4022,False,exclude_default,0.4022,False,exclude_default,False,False,False
SKIL,ENSG00000136603,0.0674,False,exclude_default,0.1852,False,exclude_default,False,False,False
ODF2,ENSG00000136811,0.3515,False,exclude_default,0.4521,False,exclude_default,False,False,False
ZFP37,ENSG00000136866,0.132,False,exclude_default,0.3262,False,exclude_default,False,False,False
HEMGN,ENSG00000136929,0.1706,False,exclude_default,0.1706,False,exclude_default,False,False,False
LMX1B,ENSG00000136944,0.0144,False,exclude_default,0.0144,False,exclude_default,False,False,False
CAPN11,ENSG00000137225,0.9105,True,include_default,0.9105,True,include_default,True,True,False
C6orf52,ENSG00000137434,0.2787,False,exclude_default,0.3872,False,exclude_default,False,False,False
TTC29,ENSG00000137473,0.7212,False,exclude_default,0.9266,False,exclude_default,False,False,False
MMP20,ENSG00000137674,1.0,True,exclude_default,1.0,True,exclude_default,False,False,False
CFAP300,ENSG00000137691,0.2395,False,exclude_default,0.6176,False,exclude_default,False,False,False
BTG4,ENSG00000137707,0.8502,False,exclude_default,0.8664,False,exclude_default,False,False,False
CTDSPL2,ENSG00000137770,0.1038,False,exclude_default,0.2414,False,exclude_default,False,False,False
KNL1,ENSG00000137812,0.4729,False,exclude_default,0.4729,False,exclude_default,False,False,False
PAK6,ENSG00000137843,0.0803,False,exclude_default,0.1538,False,exclude_default,False,False,False
SLC44A5,ENSG00000137968,0.1205,False,exclude_default,0.1864,False,exclude_default,False,False,False
DNASE2B,ENSG00000137976,0.0,False,exclude_default,0.032,False,exclude_default,False,False,False
SULT6B1,ENSG00000138068,1.0,True,candidate_only,1.0,True,candidate_only,False,False,False
CENPO,ENSG00000138092,0.0947,False,exclude_default,0.1811,False,exclude_default,False,False,False
CYP2C8,ENSG00000138115,0.0014,False,exclude_default,0.0014,False,exclude_default,False,False,False
KIF20B,ENSG00000138182,0.1265,False,exclude_default,0.1592,False,exclude_default,False,False,False
TET1,ENSG00000138336,0.1765,False,exclude_default,0.1765,False,exclude_default,False,False,False
MSTN,ENSG00000138379,0.0,False,exclude_default,0.0081,False,exclude_default,False,False,False
CARF,ENSG00000138380,0.1082,False,exclude_default,0.2633,False,exclude_default,False,False,False
MDH1B,ENSG00000138400,0.2222,False,exclude_default,0.4464,False,exclude_default,False,False,False
CCDC54,ENSG00000138483,1.0,True,include_default,1.0,True,include_default,True,True,False
MNS1,ENSG00000138587,0.2959,False,exclude_default,0.4626,False,exclude_default,False,False,False
HERC5,ENSG00000138646,0.2587,False,exclude_default,0.3867,False,exclude_default,False,False,False
PRKG2,ENSG00000138669,0.0,False,exclude_default,0.2268,False,exclude_default,False,False,False
IL21,ENSG00000138684,0.0,False,exclude_default,0.0,False,exclude_default,False,False,False
BLTP1,ENSG00000138688,0.0556,False,exclude_default,0.1759,False,exclude_default,False,False,False
CENPE,ENSG00000138778,0.0954,False,exclude_default,0.0954,False,exclude_default,False,False,False
GSTCD,ENSG00000138780,0.1164,False,exclude_default,0.2502,False,exclude_default,False,False,False
C4orf17,ENSG00000138813,1.0,True,include_default,1.0,True,include_default,True,True,False
TTLL8,ENSG00000138892,1.0,True,include_default,1.0,True,include_default,True,True,False
ALG10,ENSG00000139133,0.0795,False,exclude_default,0.251,False,exclude_default,False,False,False
PLCZ1,ENSG00000139151,0.9828,True,include_default,0.9828,True,include_default,True,True,False
ETFBKMT,ENSG00000139160,0.0632,False,exclude_default,0.2119,False,exclude_default,False,False,False
ETNK1,ENSG00000139163,0.0589,False,exclude_default,0.1684,False,exclude_default,False,False,False
PTPRQ,ENSG00000139304,0.0941,False,exclude_default,0.1765,False,exclude_default,False,False,False
NEDD1,ENSG00000139350,0.0947,False,exclude_default,0.2228,False,exclude_default,False,False,False
FOXN4,ENSG00000139445,0.9266,False,exclude_default,1.0,True,include_default,False,True,True
NUP58,ENSG00000139496,0.1148,False,exclude_default,0.2232,False,exclude_default,False,False,False
CCDC65,ENSG00000139537,0.3461,False,exclude_default,0.6126,False,exclude_default,False,False,False
DHH,ENSG00000139549,1.0,True,include_default,1.0,True,include_default,True,True,False
BRCA2,ENSG00000139618,0.168,False,exclude_default,0.168,False,exclude_default,False,False,False
MORN3,ENSG00000139714,0.1717,False,exclude_default,0.3131,False,exclude_default,False,False,False
VPS33A,ENSG00000139719,0.074,False,exclude_default,0.1873,False,exclude_default,False,False,False
DIAPH3,ENSG00000139734,0.4925,False,exclude_default,0.4925,False,exclude_default,False,False,False
RNF113B,ENSG00000139797,1.0,True,include_default,1.0,True,include_default,True,True,False
ZIC5,ENSG00000139800,0.0686,False,exclude_default,0.0686,False,exclude_default,False,False,False
REM2,ENSG00000139890,0.0982,False,exclude_default,0.1525,False,exclude_default,False,False,False
MDGA2,ENSG00000139915,0.2842,False,exclude_default,0.2842,False,exclude_default,False,False,False
WDR89,ENSG00000140006,0.063,False,exclude_default,0.1978,False,exclude_default,False,False,False
ESR2,ENSG00000140009,0.4028,False,exclude_default,0.4537,False,exclude_default,False,False,False
KCNH5,ENSG00000140015,0.0,False,exclude_default,0.0,False,exclude_default,False,False,False
EFCAB11,ENSG00000140025,0.194,False,exclude_default,0.3307,False,exclude_default,False,False,False
PTGR2,ENSG00000140043,0.0267,False,exclude_default,0.1427,False,exclude_default,False,False,False
AK7,ENSG00000140057,0.0655,False,exclude_default,0.3419,False,exclude_default,False,False,False
FAM181A,ENSG00000140067,0.3174,False,exclude_default,0.3268,False,exclude_default,False,False,False
SLC24A4,ENSG00000140090,0.0,False,exclude_default,0.0,False,exclude_default,False,False,False
SLC12A6,ENSG00000140199,0.0791,False,exclude_default,0.1958,False,exclude_default,False,False,False
ADAMTS17,ENSG00000140470,0.0649,False,exclude_default,0.1054,False,exclude_default,False,False,False
WDR93,ENSG00000140527,0.34,False,exclude_default,0.72,False,exclude_default,False,False,False
TICRR,ENSG00000140534,0.0392,False,exclude_default,0.049,False,exclude_default,False,False,False
SEPTIN12,ENSG00000140623,0.9784,True,include_default,0.9784,True,include_default,True,True,False
ABCC12,ENSG00000140798,0.6923,False,exclude_default,0.6923,False,exclude_default,False,False,False
CMTM2,ENSG00000140932,0.9987,True,include_default,0.9987,True,include_default,True,True,False
ADAD2,ENSG00000140955,0.9225,True,include_default,0.9225,True,include_default,True,True,False
TIGD7,ENSG00000140993,0.1094,False,exclude_default,0.2617,False,exclude_default,False,False,False
OR4D1,ENSG00000141194,1.0,True,exclude_default,1.0,True,exclude_default,False,False,False
KIF2B,ENSG00000141200,1.0,False,exclude_default,1.0,False,exclude_default,False,False,False
MTNAP1,ENSG00000141219,0.1172,False,exclude_default,0.2466,False,exclude_default,False,False,False
TAF4B,ENSG00000141384,0.2426,False,exclude_default,0.2681,False,exclude_default,False,False,False
GNAL,ENSG00000141404,0.0267,False,exclude_default,0.1622,False,exclude_default,False,False,False
RPRD1A,ENSG00000141425,0.0466,False,exclude_default,0.2274,False,exclude_default,False,False,False
ASXL3,ENSG00000141431,0.7222,False,exclude_default,0.7222,False,exclude_default,False,False,False
ZMYND15,ENSG00000141497,0.4196,False,exclude_default,0.4306,False,exclude_default,False,False,False
ASGR1,ENSG00000141505,0.0208,False,exclude_default,0.0231,False,exclude_default,False,False,False
RNF157,ENSG00000141576,0.0461,False,exclude_default,0.0538,False,exclude_default,False,False,False
MBD1,ENSG00000141644,0.0929,False,exclude_default,0.2204,False,exclude_default,False,False,False
FBXO15,ENSG00000141665,0.3782,False,exclude_default,0.641,False,exclude_default,False,False,False
ZIM3,ENSG00000141946,1.0,True,exclude_default,1.0,True,exclude_default,False,False,False
CIB3,ENSG00000141977,0.0,False,exclude_default,0.0,False,exclude_default,False,False,False
HUNK,ENSG00000142149,0.0992,False,exclude_default,0.2534,False,exclude_default,False,False,False
GPR32,ENSG00000142511,0.0125,False,exclude_default,0.0125,False,exclude_default,False,False,False
ACP4,ENSG00000142513,0.9286,False,exclude_default,0.9286,False,exclude_default,False,False,False
GARIN5A,ENSG00000142530,0.5293,False,exclude_default,0.5378,False,exclude_default,False,False,False
PTH2,ENSG00000142538,1.0,True,candidate_only,1.0,True,candidate_only,False,False,False
FHAD1,ENSG00000142621,0.2801,False,exclude_default,0.6551,False,exclude_default,False,False,False
PLK4,ENSG00000142731,0.2584,False,exclude_default,0.2703,False,exclude_default,False,False,False
AZIN2,ENSG00000142920,0.2251,False,exclude_default,0.2903,False,exclude_default,False,False,False
KIF2C,ENSG00000142945,0.3463,False,exclude_default,0.3595,False,exclude_default,False,False,False
BARHL2,ENSG00000143032,0.0261,False,exclude_default,0.0261,False,exclude_default,False,False,False
KCNA10,ENSG00000143105,1.0,True,exclude_default,1.0,True,exclude_default,False,False,False
FNDC7,ENSG00000143107,1.0,True,include_default,1.0,True,include_default,True,True,False
ADCY10,ENSG00000143199,0.7488,False,exclude_default,0.7488,False,exclude_default,False,False,False
NUF2,ENSG00000143228,0.3192,False,exclude_default,0.3233,False,exclude_default,False,False,False
FAM163A,ENSG00000143340,0.1843,False,exclude_default,0.1843,False,exclude_default,False,False,False
LHX9,ENSG00000143355,0.8525,False,exclude_default,0.8525,False,exclude_default,False,False,False
C1orf56,ENSG00000143443,0.3399,False,exclude_default,0.4542,False,exclude_default,False,False,False
OAZ3,ENSG00000143450,0.8468,False,exclude_default,0.8881,False,exclude_default,False,False,False
SYT14,ENSG00000143469,0.1964,False,exclude_default,0.1964,False,exclude_default,False,False,False
DTL,ENSG00000143476,0.2192,False,exclude_default,0.2192,False,exclude_default,False,False,False
DYRK3,ENSG00000143479,0.2653,False,exclude_default,0.3737,False,exclude_default,False,False,False
VASH2,ENSG00000143494,0.2605,False,exclude_default,0.3678,False,exclude_default,False,False,False
TAF1A,ENSG00000143498,0.1359,False,exclude_default,0.2781,False,exclude_default,False,False,False
HHIPL2,ENSG00000143512,0.8043,True,include_default,0.8043,True,include_default,True,True,False
NUP210L,ENSG00000143552,1.0,True,include_default,1.0,True,include_default,True,True,False
CEP170,ENSG00000143702,0.2354,False,exclude_default,0.2983,False,exclude_default,False,False,False
SDE2,ENSG00000143751,0.0596,False,exclude_default,0.1822,False,exclude_default,False,False,False
WDPCP,ENSG00000143951,0.0792,False,exclude_default,0.2031,False,exclude_default,False,False,False
ABHD1,ENSG00000143994,0.8299,False,exclude_default,0.8299,False,exclude_default,False,False,False
TRIM43B,ENSG00000144010,1.0,True,candidate_only,1.0,True,candidate_only,False,False,False
TRIM43,ENSG00000144015,1.0,True,exclude_default,1.0,True,exclude_default,False,False,False
NPHP1,ENSG00000144061,0.103,False,exclude_default,0.2556,False,exclude_default,False,False,False
NT5DC4,ENSG00000144130,0.8824,False,exclude_default,0.8824,False,exclude_default,False,False,False
LIPT1,ENSG00000144182,0.0777,False,exclude_default,0.2316,False,exclude_default,False,False,False
CCDC150,ENSG00000144395,0.6909,False,exclude_default,0.6909,False,exclude_default,False,False,False
METTL21A,ENSG00000144401,0.0495,False,exclude_default,0.1379,False,exclude_default,False,False,False
KANSL1L,ENSG00000144445,0.0742,False,exclude_default,0.2172,False,exclude_default,False,False,False
ESPNL,ENSG00000144488,0.125,False,exclude_default,0.1818,False,exclude_default,False,False,False
CNTN4,ENSG00000144619,0.1303,False,exclude_default,0.3115,False,exclude_default,False,False,False
SLC22A14,ENSG00000144671,0.9717,True,include_default,0.9717,True,include_default,True,True,False
ZNF660,ENSG00000144792,0.2113,False,exclude_default,0.4648,False,exclude_default,False,False,False
MYH15,ENSG00000144821,0.0,False,exclude_default,0.0,False,exclude_default,False,False,False
RABL3,ENSG00000144840,0.0462,False,exclude_default,0.1511,False,exclude_default,False,False,False
MED12L,ENSG00000144893,0.1158,False,exclude_default,0.1467,False,exclude_default,False,False,False
UCN2,ENSG00000145040,0.0136,False,exclude_default,0.3136,False,exclude_default,False,False,False
FIP1L1,ENSG00000145216,0.098,False,exclude_default,0.2299,False,exclude_default,False,False,False
TRMT10A,ENSG00000145331,0.1043,False,exclude_default,0.2218,False,exclude_default,False,False,False
AFG2A,ENSG00000145375,0.2479,False,exclude_default,0.3333,False,exclude_default,False,False,False
ROPN1L,ENSG00000145491,0.8358,False,exclude_default,0.9063,False,exclude_default,False,False,False
FBXL17,ENSG00000145743,0.0363,False,exclude_default,0.1454,False,exclude_default,False,False,False
SPATA9,ENSG00000145757,1.0,False,exclude_default,1.0,False,exclude_default,False,False,False
TIMD4,ENSG00000145850,0.4829,False,exclude_default,0.4836,False,exclude_default,False,False,False
FBXO38,ENSG00000145868,0.0626,False,exclude_default,0.2009,False,exclude_default,False,False,False
FAM217A,ENSG00000145975,0.9643,False,exclude_default,0.9643,False,exclude_default,False,False,False
TBC1D7,ENSG00000145979,0.0537,False,exclude_default,0.1668,False,exclude_default,False,False,False
TCTE1,ENSG00000146221,0.4801,False,exclude_default,0.6954,False,exclude_default,False,False,False
IRAK1BP1,ENSG00000146243,0.0874,False,exclude_default,0.2732,False,exclude_default,False,False,False
MMS22L,ENSG00000146263,0.1948,False,exclude_default,0.2436,False,exclude_default,False,False,False
GABRR1,ENSG00000146276,0.0,False,exclude_default,0.0,False,exclude_default,False,False,False
TAAR2,ENSG00000146378,1.0,True,candidate_only,1.0,True,candidate_only,False,False,False
MTFR2,ENSG00000146410,0.131,False,exclude_default,0.131,False,exclude_default,False,False,False
PNLDC1,ENSG00000146453,0.5966,False,exclude_default,0.6639,False,exclude_default,False,False,False
CDCA5,ENSG00000146670,0.1998,False,exclude_default,0.2136,False,exclude_default,False,False,False
PSPH,ENSG00000146733,0.0562,False,exclude_default,0.2011,False,exclude_default,False,False,False
ZAN,ENSG00000146839,1.0,True,exclude_default,1.0,True,exclude_default,False,False,False
TMEM140,ENSG00000146859,0.0459,False,exclude_default,0.1482,False,exclude_default,False,False,False
NCAPG2,ENSG00000146918,0.0989,False,exclude_default,0.171,False,exclude_default,False,False,False
RAB41,ENSG00000147127,0.0483,False,exclude_default,0.0483,False,exclude_default,False,False,False
ZNF711,ENSG00000147180,0.1993,False,exclude_default,0.2934,False,exclude_default,False,False,False
MCPH1,ENSG00000147316,0.0698,False,exclude_default,0.1984,False,exclude_default,False,False,False
GINS4,ENSG00000147536,0.1006,False,exclude_default,0.1124,False,exclude_default,False,False,False
DNAJC5B,ENSG00000147570,0.7588,False,exclude_default,0.7588,False,exclude_default,False,False,False
PRDM14,ENSG00000147596,1.0,True,exclude_default,1.0,True,exclude_default,False,False,False
PSKH2,ENSG00000147613,0.0,False,exclude_default,0.0,False,exclude_default,False,False,False
HAUS6,ENSG00000147874,0.1244,False,exclude_default,0.2347,False,exclude_default,False,False,False
FBXO10,ENSG00000147912,0.0516,False,exclude_default,0.1607,False,exclude_default,False,False,False
CEP78,ENSG00000148019,0.1216,False,exclude_default,0.2321,False,exclude_default,False,False,False
NR6A1,ENSG00000148200,0.4967,False,exclude_default,0.5078,False,exclude_default,False,False,False
OR5C1,ENSG00000148215,1.0,True,exclude_default,1.0,True,exclude_default,False,False,False
LRIT1,ENSG00000148602,0.173,False,exclude_default,0.173,False,exclude_default,False,False,False
RGR,ENSG00000148604,0.0,False,exclude_default,0.0,False,exclude_default,False,False,False
HTR7,ENSG00000148680,0.3378,False,exclude_default,0.3378,False,exclude_default,False,False,False
LRRC27,ENSG00000148814,0.2652,False,exclude_default,0.3765,False,exclude_default,False,False,False
PAOX,ENSG00000148832,0.3078,False,exclude_default,0.4073,False,exclude_default,False,False,False
IMMP1L,ENSG00000148950,0.0485,False,exclude_default,0.1526,False,exclude_default,False,False,False
ZNF214,ENSG00000149050,0.1697,False,exclude_default,0.4945,False,exclude_default,False,False,False
ZNF215,ENSG00000149054,0.0382,False,exclude_default,0.0382,False,exclude_default,False,False,False
SESN3,ENSG00000149212,0.1328,False,exclude_default,0.2302,False,exclude_default,False,False,False
KLHL35,ENSG00000149243,0.2078,False,exclude_default,0.2078,False,exclude_default,False,False,False
SLX4IP,ENSG00000149346,0.037,False,exclude_default,0.1704,False,exclude_default,False,False,False
OOSP2,ENSG00000149507,1.0,False,exclude_default,1.0,False,exclude_default,False,False,False
CCDC15,ENSG00000149548,0.4532,False,exclude_default,0.5123,False,exclude_default,False,False,False
CHEK1,ENSG00000149554,0.0675,False,exclude_default,0.2636,False,exclude_default,False,False,False
C20orf144,ENSG00000149609,1.0,True,include_default,1.0,True,include_default,True,True,False
CNBD2,ENSG00000149646,0.1243,False,exclude_default,0.2235,False,exclude_default,False,False,False
SPINT4,ENSG00000149651,0.0,False,candidate_only,1.0,False,candidate_only,False,False,False
CABLES2,ENSG00000149679,0.1802,False,exclude_default,0.274,False,exclude_default,False,False,False
TLCD3B,ENSG00000149926,0.2303,False,exclude_default,0.2303,False,exclude_default,False,False,False
HMGA2,ENSG00000149948,0.2673,False,exclude_default,0.297,False,exclude_default,False,False,False
TRIM48,ENSG00000150244,1.0,True,exclude_default,1.0,True,exclude_default,False,False,False
PCDH15,ENSG00000150275,0.0185,False,exclude_default,0.0185,False,exclude_default,False,False,False
TIRAP,ENSG00000150455,0.0562,False,exclude_default,0.2068,False,exclude_default,False,False,False
KIAA1328,ENSG00000150477,0.1032,False,exclude_default,0.2156,False,exclude_default,False,False,False
MIA2,ENSG00000150527,0.0291,False,exclude_default,0.145,False,exclude_default,False,False,False
FSIP1,ENSG00000150667,0.2542,False,exclude_default,0.2627,False,exclude_default,False,False,False
CCDC83,ENSG00000150676,1.0,True,include_default,1.0,True,include_default,True,True,False
DOCK1,ENSG00000150760,0.0627,False,exclude_default,0.2208,False,exclude_default,False,False,False
PIH1D2,ENSG00000150773,0.5213,False,exclude_default,0.6762,False,exclude_default,False,False,False
NKAPD1,ENSG00000150776,0.0741,False,exclude_default,0.1967,False,exclude_default,False,False,False
TEX12,ENSG00000150783,0.7208,False,exclude_default,0.7208,False,exclude_default,False,False,False
TKTL2,ENSG00000151005,1.0,True,include_default,1.0,True,include_default,True,True,False
LYZL2,ENSG00000151033,1.0,True,include_default,1.0,True,include_default,True,True,False
CACNA2D4,ENSG00000151062,0.0,False,exclude_default,0.0,False,exclude_default,False,False,False
RAD9B,ENSG00000151164,1.0,False,exclude_default,1.0,False,exclude_default,False,False,False
EIF4E,ENSG00000151247,0.0685,False,exclude_default,0.1849,False,exclude_default,False,False,False
TEX30,ENSG00000151287,0.2531,False,exclude_default,0.4521,False,exclude_default,False,False,False
MIPOL1,ENSG00000151338,0.1327,False,exclude_default,0.3712,False,exclude_default,False,False,False
ALLC,ENSG00000151360,1.0,True,include_default,1.0,True,include_default,True,True,False
SLC25A31,ENSG00000151475,1.0,False,exclude_default,1.0,False,exclude_default,False,False,False
TEX9,ENSG00000151575,0.0831,False,exclude_default,0.2435,False,exclude_default,False,False,False
DRD3,ENSG00000151577,0.0,False,exclude_default,0.0,False,exclude_default,False,False,False
POU4F2,ENSG00000151615,1.0,True,exclude_default,1.0,True,exclude_default,False,False,False
ANKAR,ENSG00000151687,1.0,True,include_default,1.0,True,include_default,True,True,False
CENPU,ENSG00000151725,0.156,False,exclude_default,0.1802,False,exclude_default,False,False,False
CCDC122,ENSG00000151773,0.1111,False,exclude_default,0.3262,False,exclude_default,False,False,False
ZNF385D,ENSG00000151789,0.1354,False,exclude_default,0.1849,False,exclude_default,False,False,False
FAM168B,ENSG00000152102,0.0501,False,exclude_default,0.1814,False,exclude_default,False,False,False
POU4F1,ENSG00000152192,0.0,False,exclude_default,0.0,False,exclude_default,False,False,False
GRID2,ENSG00000152208,0.565,False,exclude_default,0.565,False,exclude_default,False,False,False
SPC25,ENSG00000152253,0.0912,False,exclude_default,0.1081,False,exclude_default,False,False,False
KCNK13,ENSG00000152315,0.367,False,exclude_default,0.367,False,exclude_default,False,False,False
ATG10,ENSG00000152348,0.0828,False,exclude_default,0.226,False,exclude_default,False,False,False
JMY,ENSG00000152409,0.0784,False,exclude_default,0.2383,False,exclude_default,False,False,False
XRCC4,ENSG00000152422,0.0819,False,exclude_default,0.1813,False,exclude_default,False,False,False
ZNF776,ENSG00000152443,0.0553,False,exclude_default,0.2156,False,exclude_default,False,False,False
SUV39H2,ENSG00000152455,0.4404,False,exclude_default,0.5052,False,exclude_default,False,False,False
OLAH,ENSG00000152463,0.6071,False,exclude_default,0.6228,False,exclude_default,False,False,False
RPP38,ENSG00000152464,0.0987,False,exclude_default,0.2326,False,exclude_default,False,False,False
CAMK4,ENSG00000152495,0.0448,False,exclude_default,0.0591,False,exclude_default,False,False,False
TRIM36,ENSG00000152503,0.4544,False,exclude_default,0.4848,False,exclude_default,False,False,False
SPEF2,ENSG00000152582,0.0808,False,exclude_default,0.396,False,exclude_default,False,False,False
DMP1,ENSG00000152592,1.0,False,exclude_default,1.0,False,exclude_default,False,False,False
CAPSL,ENSG00000152611,0.0327,False,exclude_default,0.4741,False,exclude_default,False,False,False
CATSPER3,ENSG00000152705,0.8201,False,exclude_default,0.8201,False,exclude_default,False,False,False
DNAI4,ENSG00000152763,0.2648,False,exclude_default,0.5318,False,exclude_default,False,False,False
CENPH,ENSG00000153044,0.1552,False,exclude_default,0.2268,False,exclude_default,False,False,False
ACOXL,ENSG00000153093,0.0655,False,exclude_default,0.4148,False,exclude_default,False,False,False
CLGN,ENSG00000153132,0.4114,False,exclude_default,0.5374,False,exclude_default,False,False,False
SYCP2L,ENSG00000153157,0.0296,False,exclude_default,0.0508,False,exclude_default,False,False,False
RGPD3,ENSG00000153165,0.8636,False,exclude_default,0.8636,False,exclude_default,False,False,False
AHCTF1,ENSG00000153207,0.1326,False,exclude_default,0.2518,False,exclude_default,False,False,False
CCDC148,ENSG00000153237,0.2695,False,exclude_default,0.4326,False,exclude_default,False,False,False
FAM81B,ENSG00000153347,0.3634,False,exclude_default,0.5867,False,exclude_default,False,False,False
TEX29,ENSG00000153495,0.7077,False,exclude_default,0.7077,False,exclude_default,False,False,False
SPACA7,ENSG00000153498,1.0,True,include_default,1.0,True,include_default,True,True,False
CNKSR3,ENSG00000153721,0.0839,False,exclude_default,0.23,False,exclude_default,False,False,False
SPMIP4,ENSG00000153790,0.4242,False,exclude_default,0.5057,False,exclude_default,False,False,False
MCOLN2,ENSG00000153898,0.0225,False,exclude_default,0.0746,False,exclude_default,False,False,False
GDPD1,ENSG00000153982,0.0823,False,exclude_default,0.1062,False,exclude_default,False,False,False
ASB17,ENSG00000154007,1.0,True,include_default,1.0,True,include_default,True,True,False
IMPACT,ENSG00000154059,0.0858,False,exclude_default,0.2149,False,exclude_default,False,False,False
DNAAF1,ENSG00000154099,0.3858,False,exclude_default,0.5881,False,exclude_default,False,False,False
TBCEL,ENSG00000154114,0.0921,False,exclude_default,0.2397,False,exclude_default,False,False,False
PANX3,ENSG00000154143,1.0,True,exclude_default,1.0,True,exclude_default,False,False,False
ASZ1,ENSG00000154438,1.0,True,include_default,1.0,True,include_default,True,True,False
CFAP210,ENSG00000154479,0.4629,False,exclude_default,0.5455,False,exclude_default,False,False,False
SRSF12,ENSG00000154548,0.3408,False,exclude_default,0.3408,False,exclude_default,False,False,False
PSMA8,ENSG00000154611,0.939,False,exclude_default,0.939,False,exclude_default,False,False,False
CHODL,ENSG00000154645,0.406,False,exclude_default,0.4763,False,exclude_default,False,False,False
L3MBTL4,ENSG00000154655,0.1285,False,exclude_default,0.2634,False,exclude_default,False,False,False
RABGEF1,ENSG00000154710,0.0724,False,exclude_default,0.1925,False,exclude_default,False,False,False
GABPA,ENSG00000154727,0.0887,False,exclude_default,0.2299,False,exclude_default,False,False,False
WNT7A,ENSG00000154764,0.1397,False,exclude_default,0.1397,False,exclude_default,False,False,False
SKA1,ENSG00000154839,0.1188,False,exclude_default,0.1188,False,exclude_default,False,False,False
EME1,ENSG00000154920,0.2591,False,exclude_default,0.5285,False,exclude_default,False,False,False
EPHB1,ENSG00000154928,0.0862,False,exclude_default,0.1265,False,exclude_default,False,False,False
SEPTIN14,ENSG00000154997,0.7932,False,exclude_default,0.8008,True,include_default,False,True,True
RSPH10B,ENSG00000155026,0.5928,False,exclude_default,0.8241,False,exclude_default,False,False,False
AK9,ENSG00000155085,0.0916,False,exclude_default,0.214,False,exclude_default,False,False,False
OR4K1,ENSG00000155249,1.0,True,candidate_only,1.0,True,candidate_only,False,False,False
USP25,ENSG00000155313,0.0932,False,exclude_default,0.2253,False,exclude_default,False,False,False
C16orf87,ENSG00000155330,0.1203,False,exclude_default,0.1972,False,exclude_default,False,False,False
PPM1J,ENSG00000155367,0.2064,False,exclude_default,0.3046,False,exclude_default,False,False,False
LRGUK,ENSG00000155530,0.3571,False,exclude_default,0.6696,False,exclude_default,False,False,False
ZKSCAN2,ENSG00000155592,0.1628,False,exclude_default,0.2849,False,exclude_default,False,False,False
C9orf85,ENSG00000155621,0.0669,False,exclude_default,0.1977,False,exclude_default,False,False,False
PDZD9,ENSG00000155714,0.9074,False,exclude_default,0.9074,False,exclude_default,False,False,False
OTOA,ENSG00000155719,0.7436,False,exclude_default,0.7436,False,exclude_default,False,False,False
FLACC1,ENSG00000155749,0.3384,False,exclude_default,0.4924,False,exclude_default,False,False,False
C2CD6,ENSG00000155754,0.9869,True,include_default,0.9869,True,include_default,True,True,False
CYLC2,ENSG00000155833,1.0,True,include_default,1.0,True,include_default,True,True,False
SAXO1,ENSG00000155875,1.0,False,exclude_default,1.0,False,exclude_default,False,False,False
TRIM42,ENSG00000155890,1.0,True,include_default,1.0,True,include_default,True,True,False
CFAP70,ENSG00000156042,0.1162,False,exclude_default,0.2835,False,exclude_default,False,False,False
CFAP418,ENSG00000156172,0.0861,False,exclude_default,0.2773,False,exclude_default,False,False,False
PPEF2,ENSG00000156194,0.0,False,exclude_default,0.0,False,exclude_default,False,False,False
BACH1,ENSG00000156273,0.1116,False,exclude_default,0.219,False,exclude_default,False,False,False
RPGR,ENSG00000156313,0.0397,False,exclude_default,0.1724,False,exclude_default,False,False,False
SFR1,ENSG00000156384,0.1123,False,exclude_default,0.2126,False,exclude_default,False,False,False
GDF6,ENSG00000156466,0.7037,False,exclude_default,0.7556,False,exclude_default,False,False,False
PABIR3,ENSG00000156500,0.2119,False,exclude_default,0.312,False,exclude_default,False,False,False
FBXO43,ENSG00000156509,1.0,True,include_default,1.0,True,include_default,True,True,False
SASS6,ENSG00000156876,0.1314,False,exclude_default,0.2226,False,exclude_default,False,False,False
BUB1B,ENSG00000156970,0.1607,False,exclude_default,0.167,False,exclude_default,False,False,False
TATDN2,ENSG00000157014,0.0485,False,exclude_default,0.1854,False,exclude_default,False,False,False
SHCBP1L,ENSG00000157060,1.0,False,exclude_default,1.0,False,exclude_default,False,False,False
LYZL4,ENSG00000157093,1.0,True,include_default,1.0,True,include_default,True,True,False
NRG1,ENSG00000157168,0.0264,False,exclude_default,0.1089,False,exclude_default,False,False,False
CLEC18A,ENSG00000157322,0.0532,False,exclude_default,0.0532,False,exclude_default,False,False,False
CFAP107,ENSG00000157330,0.3872,False,exclude_default,0.5937,False,exclude_default,False,False,False
ARMC12,ENSG00000157343,0.5553,False,exclude_default,0.6561,False,exclude_default,False,False,False
HYDIN,ENSG00000157423,0.1369,False,exclude_default,0.3384,False,exclude_default,False,False,False
ZNF19,ENSG00000157429,0.1222,False,exclude_default,0.2743,False,exclude_default,False,False,False
CACNA2D3,ENSG00000157445,0.0123,False,exclude_default,0.0205,False,exclude_default,False,False,False
CCNB2,ENSG00000157456,0.1938,False,exclude_default,0.2141,False,exclude_default,False,False,False
LCA5L,ENSG00000157578,0.7495,False,exclude_default,0.8433,False,exclude_default,False,False,False
C9orf43,ENSG00000157653,0.9352,False,exclude_default,0.9395,False,exclude_default,False,False,False
SVOPL,ENSG00000157703,0.0,False,exclude_default,0.0415,False,exclude_default,False,False,False
CIB4,ENSG00000157884,0.9186,False,exclude_default,0.9186,False,exclude_default,False,False,False
CDC25C,ENSG00000158402,0.3678,False,exclude_default,0.3678,False,exclude_default,False,False,False
RIBC1,ENSG00000158423,0.2789,False,exclude_default,0.5061,False,exclude_default,False,False,False
HMHB1,ENSG00000158497,0.1875,False,exclude_default,0.1875,False,exclude_default,False,False,False
CPA5,ENSG00000158525,0.9162,False,exclude_default,0.9162,False,exclude_default,False,False,False
POM121L2,ENSG00000158553,1.0,True,include_default,1.0,True,include_default,True,True,False
PKD1L1,ENSG00000158683,0.0317,False,exclude_default,0.0317,False,exclude_default,False,False,False
F11R,ENSG00000158769,0.0548,False,exclude_default,0.185,False,exclude_default,False,False,False
RAPGEF6,ENSG00000158987,0.0758,False,exclude_default,0.1617,False,exclude_default,False,False,False
CFAP298,ENSG00000159079,0.073,False,exclude_default,0.2007,False,exclude_default,False,False,False
SYNJ1,ENSG00000159082,0.0453,False,exclude_default,0.104,False,exclude_default,False,False,False
GART,ENSG00000159131,0.0736,False,exclude_default,0.1924,False,exclude_default,False,False,False
GIP,ENSG00000159224,0.0,False,exclude_default,0.0,False,exclude_default,False,False,False
M1AP,ENSG00000159374,0.6023,False,exclude_default,0.7386,False,exclude_default,False,False,False
TGM7,ENSG00000159495,0.0,False,exclude_default,0.0,False,exclude_default,False,False,False
DRC7,ENSG00000159625,0.5574,False,exclude_default,0.8048,False,exclude_default,False,False,False
C16orf86,ENSG00000159761,0.3527,False,exclude_default,0.4382,False,exclude_default,False,False,False
ZNF230,ENSG00000159882,0.0755,False,exclude_default,0.2114,False,exclude_default,False,False,False
ZNF221,ENSG00000159905,0.0714,False,exclude_default,0.1786,False,exclude_default,False,False,False
ZNF233,ENSG00000159915,0.308,False,exclude_default,0.3655,False,exclude_default,False,False,False
ZBTB8A,ENSG00000160062,0.0692,False,exclude_default,0.3288,False,exclude_default,False,False,False
CILP2,ENSG00000160161,0.9206,False,exclude_default,0.9206,False,exclude_default,False,False,False
HSF2BP,ENSG00000160207,0.9256,False,exclude_default,0.9256,False,exclude_default,False,False,False
CLDND2,ENSG00000160318,0.2672,False,exclude_default,0.3412,False,exclude_default,False,False,False
ZNF208,ENSG00000160321,0.0845,False,exclude_default,0.2488,False,exclude_default,False,False,False
ZNF714,ENSG00000160352,0.1593,False,exclude_default,0.2456,False,exclude_default,False,False,False
HIPK4,ENSG00000160396,0.4868,False,exclude_default,0.4868,False,exclude_default,False,False,False
COX6B2,ENSG00000160471,0.8571,False,exclude_default,0.8591,False,exclude_default,False,False,False
NLRP4,ENSG00000160505,0.5833,False,exclude_default,0.5833,False,exclude_default,False,False,False
LRRC71,ENSG00000160838,0.4887,False,exclude_default,0.7155,False,exclude_default,False,False,False
LY6K,ENSG00000160886,0.4253,False,exclude_default,0.5024,False,exclude_default,False,False,False
TEKTL1,ENSG00000160994,1.0,False,exclude_default,1.0,False,exclude_default,False,False,False
LRWD1,ENSG00000161036,0.3964,False,exclude_default,0.4674,False,exclude_default,False,False,False
FBXL13,ENSG00000161040,0.2736,False,exclude_default,0.3962,False,exclude_default,False,False,False
CCDC116,ENSG00000161180,0.9859,True,include_default,1.0,True,include_default,True,True,False
PCYT1A,ENSG00000161217,0.0468,False,exclude_default,0.145,False,exclude_default,False,False,False
IKZF3,ENSG00000161405,0.0029,False,exclude_default,0.0052,False,exclude_default,False,False,False
KLHL10,ENSG00000161594,0.9909,True,include_default,1.0,True,include_default,True,True,False
IZUMO2,ENSG00000161652,1.0,True,include_default,1.0,True,include_default,True,True,False
LSM12,ENSG00000161654,0.0607,False,exclude_default,0.1794,False,exclude_default,False,False,False
AQP5,ENSG00000161798,0.2014,False,exclude_default,0.2139,False,exclude_default,False,False,False
KRT82,ENSG00000161850,0.0,False,exclude_default,0.0,False,exclude_default,False,False,False
TEDC2,ENSG00000162062,0.2695,False,exclude_default,0.2695,False,exclude_default,False,False,False
CLPB,ENSG00000162129,0.4234,False,exclude_default,0.4651,False,exclude_default,False,False,False
SAXO4,ENSG00000162148,0.2312,False,exclude_default,0.4064,False,exclude_default,False,False,False
ZFPL1,ENSG00000162300,0.0547,False,exclude_default,0.1986,False,exclude_default,False,False,False
TSSK3,ENSG00000162526,0.3598,False,exclude_default,0.4328,False,exclude_default,False,False,False
UBXN10,ENSG00000162543,0.0816,False,exclude_default,0.4961,False,exclude_default,False,False,False
TTLL10,ENSG00000162571,0.7296,False,exclude_default,0.9111,False,exclude_default,False,False,False
CCDC27,ENSG00000162592,1.0,True,include_default,1.0,True,include_default,True,True,False
LRRIQ3,ENSG00000162620,0.8282,False,exclude_default,0.8767,False,exclude_default,False,False,False
LHX8,ENSG00000162624,0.0,False,exclude_default,0.0,False,exclude_default,False,False,False
HENMT1,ENSG00000162639,0.256,False,exclude_default,0.3213,False,exclude_default,False,False,False
SLC9C2,ENSG00000162753,1.0,False,exclude_default,1.0,False,exclude_default,False,False,False
LRRC52,ENSG00000162763,0.7451,False,exclude_default,0.7451,False,exclude_default,False,False,False
TDRD5,ENSG00000162782,0.6433,False,exclude_default,0.8153,False,exclude_default,False,False,False
SPATA17,ENSG00000162814,0.4564,False,exclude_default,0.7179,False,exclude_default,False,False,False
CNST,ENSG00000162852,0.049,False,exclude_default,0.1402,False,exclude_default,False,False,False
PEX13,ENSG00000162928,0.0742,False,exclude_default,0.2042,False,exclude_default,False,False,False
TRIM17,ENSG00000162931,0.2449,False,exclude_default,0.3063,False,exclude_default,False,False,False
CLHC1,ENSG00000162994,0.164,False,exclude_default,0.3423,False,exclude_default,False,False,False
DUSP19,ENSG00000162999,0.1301,False,exclude_default,0.3902,False,exclude_default,False,False,False
CCDC138,ENSG00000163006,0.2089,False,exclude_default,0.3133,False,exclude_default,False,False,False
ZSWIM2,ENSG00000163012,1.0,True,include_default,1.0,True,include_default,True,True,False
TEKT4,ENSG00000163060,0.8963,False,exclude_default,1.0,False,exclude_default,False,False,False
SMCP,ENSG00000163206,0.9997,True,include_default,0.9997,True,include_default,True,True,False
TDRD10,ENSG00000163239,0.4044,False,exclude_default,0.5265,False,exclude_default,False,False,False
CRYGC,ENSG00000163254,1.0,False,exclude_default,1.0,False,exclude_default,False,False,False
CFAP141,ENSG00000163263,0.3724,False,exclude_default,0.9712,True,include_default,False,True,True
HELQ,ENSG00000163312,0.0734,False,exclude_default,0.204,False,exclude_default,False,False,False
ABRAXAS1,ENSG00000163322,0.1534,False,exclude_default,0.292,False,exclude_default,False,False,False
DCST1,ENSG00000163357,0.6111,False,exclude_default,0.6111,False,exclude_default,False,False,False
KBTBD8,ENSG00000163376,0.0993,False,exclude_default,0.0993,False,exclude_default,False,False,False
PROK2,ENSG00000163421,0.0857,False,exclude_default,0.097,False,exclude_default,False,False,False
TEX55,ENSG00000163424,1.0,False,exclude_default,1.0,False,exclude_default,False,False,False
PDCL2,ENSG00000163440,1.0,True,include_default,1.0,True,include_default,True,True,False
TSACC,ENSG00000163467,0.9955,True,include_default,0.9971,True,include_default,True,True,False
NEK10,ENSG00000163491,0.3388,False,exclude_default,0.469,False,exclude_default,False,False,False
CIP2A,ENSG00000163507,0.1049,False,exclude_default,0.1469,False,exclude_default,False,False,False
AZI2,ENSG00000163512,0.0694,False,exclude_default,0.1874,False,exclude_default,False,False,False
STT3B,ENSG00000163527,0.0989,False,exclude_default,0.2521,False,exclude_default,False,False,False
SGO2,ENSG00000163535,0.3854,False,exclude_default,0.4014,False,exclude_default,False,False,False
SPTA1,ENSG00000163554,0.0081,False,exclude_default,0.0081,False,exclude_default,False,False,False
ERICH6,ENSG00000163645,0.9654,True,include_default,0.9896,True,include_default,True,True,False
CLRN1,ENSG00000163646,0.0,False,exclude_default,0.0,False,exclude_default,False,False,False
RPP14,ENSG00000163684,0.0391,False,exclude_default,0.1264,False,exclude_default,False,False,False
CFAP20DC,ENSG00000163689,0.5983,False,exclude_default,0.6821,False,exclude_default,False,False,False
FANCD2OS,ENSG00000163705,1.0,True,include_default,1.0,True,include_default,True,True,False
PLSCR2,ENSG00000163746,0.9606,False,exclude_default,0.9921,True,include_default,False,True,True
CCDC158,ENSG00000163749,0.97,True,include_default,0.97,True,include_default,True,True,False
DNAJC5G,ENSG00000163793,0.3135,False,exclude_default,0.9777,True,include_default,False,True,True
SPDYA,ENSG00000163806,0.8198,True,include_default,0.8538,True,include_default,True,True,False
KIF15,ENSG00000163808,0.2723,False,exclude_default,0.2723,False,exclude_default,False,False,False
ZMYM6,ENSG00000163867,0.0697,False,exclude_default,0.2015,False,exclude_default,False,False,False
DNALI1,ENSG00000163879,0.0984,False,exclude_default,0.3252,False,exclude_default,False,False,False
CFAP100,ENSG00000163885,0.3701,False,exclude_default,0.7002,False,exclude_default,False,False,False
RPL39L,ENSG00000163923,0.3802,False,exclude_default,0.4782,False,exclude_default,False,False,False
ZDHHC19,ENSG00000163958,0.9896,True,include_default,0.9896,True,include_default,True,True,False
SGMS2,ENSG00000164023,0.0332,False,exclude_default,0.1613,False,exclude_default,False,False,False
SLC9B1,ENSG00000164037,0.9163,False,exclude_default,0.9498,False,exclude_default,False,False,False
CDC25A,ENSG00000164045,0.2491,False,exclude_default,0.2491,False,exclude_default,False,False,False
HSPA4L,ENSG00000164070,0.3506,False,exclude_default,0.42,False,exclude_default,False,False,False
SPMIP2,ENSG00000164123,1.0,True,include_default,1.0,True,include_default,True,True,False
SLC45A2,ENSG00000164175,0.0,False,exclude_default,0.0,False,exclude_default,False,False,False
F2RL2,ENSG00000164220,0.0,False,exclude_default,0.0503,False,exclude_default,False,False,False
C5orf63,ENSG00000164241,0.0755,False,exclude_default,0.1779,False,exclude_default,False,False,False
PRDM9,ENSG00000164256,0.8286,False,exclude_default,1.0,True,include_default,False,True,True
CDC20B,ENSG00000164287,0.5769,False,exclude_default,0.9615,False,exclude_default,False,False,False
SPZ1,ENSG00000164299,1.0,True,include_default,1.0,True,include_default,True,True,False
FAM170A,ENSG00000164334,1.0,True,include_default,1.0,True,include_default,True,True,False
IL3,ENSG00000164399,1.0,True,candidate_only,1.0,True,candidate_only,False,False,False
GDF9,ENSG00000164404,0.6142,False,exclude_default,0.811,False,exclude_default,False,False,False
SLC35A1,ENSG00000164414,0.0548,False,exclude_default,0.2037,False,exclude_default,False,False,False
SAMD3,ENSG00000164483,0.0501,False,exclude_default,0.1628,False,exclude_default,False,False,False
SPMIP7,ENSG00000164500,1.0,True,include_default,1.0,True,include_default,True,True,False
STXBP5,ENSG00000164506,0.0482,False,exclude_default,0.184,False,exclude_default,False,False,False
ANKRD55,ENSG00000164512,0.3891,False,exclude_default,0.3891,False,exclude_default,False,False,False
MATCAP2,ENSG00000164542,0.158,False,exclude_default,0.2481,False,exclude_default,False,False,False
CFAP144P1,ENSG00000164556,,False,exclude_default,,False,exclude_default,False,False,False
PTTG1,ENSG00000164611,0.1653,False,exclude_default,0.2035,False,exclude_default,False,False,False
KIF6,ENSG00000164627,0.0998,False,exclude_default,0.1655,False,exclude_default,False,False,False
TEX47,ENSG00000164645,1.0,True,include_default,1.0,True,include_default,True,True,False
USP49,ENSG00000164663,0.0686,False,exclude_default,0.1749,False,exclude_default,False,False,False
IQUB,ENSG00000164675,0.7646,False,exclude_default,0.8617,False,exclude_default,False,False,False
C7orf57,ENSG00000164746,0.104,False,exclude_default,0.6,False,exclude_default,False,False,False
CSMD3,ENSG00000164796,0.0,False,exclude_default,0.0,False,exclude_default,False,False,False
ORC5,ENSG00000164815,0.0803,False,exclude_default,0.2391,False,exclude_default,False,False,False
SPAG11B,ENSG00000164871,0.0,False,exclude_default,1.0,True,include_default,False,True,True
FMC1,ENSG00000164898,0.0358,False,exclude_default,0.1479,False,exclude_default,False,False,False
GBX1,ENSG00000164900,0.2878,False,exclude_default,0.2878,False,exclude_default,False,False,False
VIRMA,ENSG00000164944,0.0856,False,exclude_default,0.2242,False,exclude_default,False,False,False
SNAPC3,ENSG00000164975,0.0718,False,exclude_default,0.205,False,exclude_default,False,False,False
CCDC171,ENSG00000164989,0.3134,False,exclude_default,0.4872,False,exclude_default,False,False,False
PRKACG,ENSG00000165059,1.0,True,include_default,1.0,True,include_default,True,True,False
PRSS37,ENSG00000165076,1.0,True,include_default,1.0,True,include_default,True,True,False
GKAP1,ENSG00000165113,0.3381,False,exclude_default,0.4131,False,exclude_default,False,False,False
SSMEM1,ENSG00000165120,1.0,True,include_default,1.0,True,include_default,True,True,False
LLCFC1,ENSG00000165131,0.9844,True,include_default,0.9844,True,include_default,True,True,False
SHOC1,ENSG00000165181,0.8354,False,exclude_default,0.8354,False,exclude_default,False,False,False
CXorf58,ENSG00000165182,1.0,True,include_default,1.0,True,include_default,True,True,False
RNF183,ENSG00000165188,0.0832,False,exclude_default,0.4136,False,exclude_default,False,False,False
OR1K1,ENSG00000165204,1.0,True,exclude_default,1.0,True,exclude_default,False,False,False
ZNF367,ENSG00000165244,0.0699,False,exclude_default,0.076,False,exclude_default,False,False,False
ARMC3,ENSG00000165309,0.2345,False,exclude_default,0.5503,False,exclude_default,False,False,False
DEUP1,ENSG00000165325,0.772,False,exclude_default,0.9637,False,exclude_default,False,False,False
LRRC18,ENSG00000165383,0.299,False,exclude_default,0.4314,False,exclude_default,False,False,False
DDIAS,ENSG00000165490,0.2246,False,exclude_default,0.2311,False,exclude_default,False,False,False
NOXRED1,ENSG00000165555,0.6404,False,exclude_default,0.6404,False,exclude_default,False,False,False
AKR1E2,ENSG00000165568,0.5277,False,exclude_default,0.5773,False,exclude_default,False,False,False
SOHLH1,ENSG00000165643,0.164,False,exclude_default,0.164,False,exclude_default,False,False,False
AK8,ENSG00000165695,0.1708,False,exclude_default,0.6821,False,exclude_default,False,False,False
SPACA9,ENSG00000165698,0.2447,False,exclude_default,0.496,False,exclude_default,False,False,False
C12orf50,ENSG00000165805,1.0,True,include_default,1.0,True,include_default,True,True,False
PPP1R36,ENSG00000165807,0.3665,False,exclude_default,0.5026,False,exclude_default,False,False,False
PRAP1,ENSG00000165828,0.0035,False,exclude_default,0.0035,False,exclude_default,False,False,False
ERICH6B,ENSG00000165837,1.0,True,include_default,1.0,True,include_default,True,True,False
SPMIP5,ENSG00000165863,0.9756,True,include_default,0.9756,True,include_default,True,True,False
E2F7,ENSG00000165891,0.1233,False,exclude_default,0.1233,False,exclude_default,False,False,False
AGBL2,ENSG00000165923,0.485,False,exclude_default,0.7854,False,exclude_default,False,False,False
SLC6A5,ENSG00000165970,1.0,True,exclude_default,1.0,True,exclude_default,False,False,False
CCDC38,ENSG00000165972,0.9,False,exclude_default,0.9,False,exclude_default,False,False,False
R3HCC1L,ENSG00000166024,0.0938,False,exclude_default,0.2336,False,exclude_default,False,False,False
SPRED1,ENSG00000166068,0.0677,False,exclude_default,0.1877,False,exclude_default,False,False,False
JAM3,ENSG00000166086,0.1346,False,exclude_default,0.2914,False,exclude_default,False,False,False
C16orf78,ENSG00000166152,1.0,True,include_default,1.0,True,include_default,True,True,False
SENP8,ENSG00000166192,0.2239,False,exclude_default,0.3159,False,exclude_default,False,False,False
GABRB3,ENSG00000166206,0.0216,False,exclude_default,0.0628,False,exclude_default,False,False,False
TBATA,ENSG00000166220,0.1344,False,exclude_default,0.1344,False,exclude_default,False,False,False
DNAAF8,ENSG00000166246,0.5943,False,exclude_default,0.7863,False,exclude_default,False,False,False
STXBP4,ENSG00000166263,0.0665,False,exclude_default,0.2913,False,exclude_default,False,False,False
C11orf65,ENSG00000166323,0.8796,False,exclude_default,0.9106,False,exclude_default,False,False,False
CCDC182,ENSG00000166329,1.0,True,include_default,1.0,True,include_default,True,True,False
RAG1,ENSG00000166349,0.0,False,exclude_default,0.0,False,exclude_default,False,False,False
POTED,ENSG00000166351,1.0,True,include_default,1.0,True,include_default,True,True,False
WDR88,ENSG00000166359,0.9157,False,exclude_default,0.9157,False,exclude_default,False,False,False
OR2D2,ENSG00000166368,1.0,True,exclude_default,1.0,True,exclude_default,False,False,False
RNF169,ENSG00000166439,0.056,False,exclude_default,0.21,False,exclude_default,False,False,False
BEAN1,ENSG00000166546,0.1905,False,exclude_default,0.1905,False,exclude_default,False,False,False
IQCD,ENSG00000166578,0.3741,False,exclude_default,0.581,False,exclude_default,False,False,False
ACSM1,ENSG00000166743,0.023,False,exclude_default,0.049,False,exclude_default,False,False,False
LDHAL6A,ENSG00000166800,0.988,True,include_default,0.988,True,include_default,True,True,False
C18orf54,ENSG00000166845,0.538,False,exclude_default,0.5965,False,exclude_default,False,False,False
PLK1,ENSG00000166851,0.1441,False,exclude_default,0.1606,False,exclude_default,False,False,False
OR4D6,ENSG00000166884,1.0,True,candidate_only,1.0,True,candidate_only,False,False,False
MS4A6E,ENSG00000166926,0.8363,False,exclude_default,0.8451,False,exclude_default,False,False,False
MS4A14,ENSG00000166928,0.5645,False,exclude_default,0.5756,False,exclude_default,False,False,False
MS4A5,ENSG00000166930,1.0,True,include_default,1.0,True,include_default,True,True,False
TERB2,ENSG00000167014,0.9531,False,exclude_default,0.9531,False,exclude_default,False,False,False
TTC16,ENSG00000167094,0.7143,False,exclude_default,0.9951,True,include_default,False,True,True
TBC1D21,ENSG00000167139,1.0,True,include_default,1.0,True,include_default,True,True,False
C16orf92,ENSG00000167194,0.2848,False,exclude_default,0.2848,False,exclude_default,False,False,False
LOXHD1,ENSG00000167210,0.5591,False,exclude_default,0.7349,False,exclude_default,False,False,False
ART5,ENSG00000167311,0.5213,False,exclude_default,0.6187,False,exclude_default,False,False,False
OR51Q1,ENSG00000167360,1.0,True,exclude_default,1.0,True,exclude_default,False,False,False
ZNF23,ENSG00000167377,0.0607,False,exclude_default,0.1933,False,exclude_default,False,False,False
ZNF668,ENSG00000167394,0.0648,False,exclude_default,0.1989,False,exclude_default,False,False,False
ZNF646,ENSG00000167395,0.1467,False,exclude_default,0.2695,False,exclude_default,False,False,False
VKORC1,ENSG00000167397,0.0535,False,exclude_default,0.2105,False,exclude_default,False,False,False
PROCA1,ENSG00000167525,0.6883,False,exclude_default,0.7331,False,exclude_default,False,False,False
ZNF610,ENSG00000167554,0.2008,False,exclude_default,0.3892,False,exclude_default,False,False,False
ZNF701,ENSG00000167562,0.082,False,exclude_default,0.2653,False,exclude_default,False,False,False
TRAPPC9,ENSG00000167632,0.0425,False,exclude_default,0.1554,False,exclude_default,False,False,False
NLRP7,ENSG00000167634,1.0,True,include_default,1.0,True,include_default,True,True,False
CABP2,ENSG00000167791,0.0,False,candidate_only,0.0,False,candidate_only,False,False,False
ZNF597,ENSG00000167981,0.1967,False,exclude_default,0.3096,False,exclude_default,False,False,False
SDHAF2,ENSG00000167985,0.0532,False,exclude_default,0.1747,False,exclude_default,False,False,False
TTC21A,ENSG00000168026,0.8619,True,include_default,0.9842,True,include_default,True,True,False
ULK4,ENSG00000168038,0.1995,False,exclude_default,0.4334,False,exclude_default,False,False,False
SAC3D1,ENSG00000168061,0.1368,False,exclude_default,0.2349,False,exclude_default,False,False,False
MAJIN,ENSG00000168070,0.832,False,exclude_default,0.876,False,exclude_default,False,False,False
KIAA1586,ENSG00000168116,0.1469,False,exclude_default,0.2897,False,exclude_default,False,False,False
THAP9,ENSG00000168152,0.1218,False,exclude_default,0.2437,False,exclude_default,False,False,False
KCNV2,ENSG00000168263,0.0131,False,exclude_default,0.0131,False,exclude_default,False,False,False
PTF1A,ENSG00000168267,0.0108,False,exclude_default,0.0108,False,exclude_default,False,False,False
MOBP,ENSG00000168314,0.0018,False,exclude_default,0.002,False,exclude_default,False,False,False
CDC40,ENSG00000168438,0.0579,False,exclude_default,0.1756,False,exclude_default,False,False,False
TXNDC2,ENSG00000168454,1.0,False,exclude_default,1.0,False,exclude_default,False,False,False
CCDC110,ENSG00000168491,0.5825,False,exclude_default,0.6392,False,exclude_default,False,False,False
SCGB1D1,ENSG00000168515,0.0,False,exclude_default,1.0,True,include_default,False,True,True
DYNLRB2,ENSG00000168589,0.5095,False,exclude_default,0.6912,False,exclude_default,False,False,False
ADAM18,ENSG00000168619,1.0,True,include_default,1.0,True,include_default,True,True,False
KCTD19,ENSG00000168676,0.9145,False,exclude_default,0.9145,False,exclude_default,False,False,False
LRP1B,ENSG00000168702,0.0,False,exclude_default,0.0182,False,exclude_default,False,False,False
LRRC28,ENSG00000168904,0.0874,False,exclude_default,0.1687,False,exclude_default,False,False,False
TRIM49,ENSG00000168930,1.0,True,exclude_default,1.0,True,exclude_default,False,False,False
CEP120,ENSG00000168944,0.0989,False,exclude_default,0.2449,False,exclude_default,False,False,False
ZBBX,ENSG00000169064,0.4363,False,exclude_default,0.713,False,exclude_default,False,False,False
ODAD2,ENSG00000169126,0.5302,False,exclude_default,0.8558,False,exclude_default,False,False,False
GOT1L1,ENSG00000169154,1.0,True,include_default,1.0,True,include_default,True,True,False
CPT1C,ENSG00000169169,0.0232,False,exclude_default,0.1082,False,exclude_default,False,False,False
IL13,ENSG00000169194,1.0,True,include_default,1.0,True,include_default,True,True,False
OR6F1,ENSG00000169214,1.0,True,include_default,1.0,True,include_default,True,True,False
CXCL11,ENSG00000169248,0.026,False,exclude_default,0.0935,False,exclude_default,False,False,False
PDILT,ENSG00000169340,0.1256,False,exclude_default,0.1256,False,exclude_default,False,False,False
ELSPBP1,ENSG00000169393,0.0,False,exclude_default,0.9748,True,include_default,False,True,True
RSPH10B2,ENSG00000169402,0.6007,False,exclude_default,0.896,False,exclude_default,False,False,False
DTWD2,ENSG00000169570,0.0246,False,exclude_default,0.1429,False,exclude_default,False,False,False
VPREB1,ENSG00000169575,0.0,False,exclude_default,0.0,False,exclude_default,False,False,False
BNC1,ENSG00000169594,0.318,False,exclude_default,0.5046,False,exclude_default,False,False,False
CKAP2L,ENSG00000169607,0.104,False,exclude_default,0.104,False,exclude_default,False,False,False
APLF,ENSG00000169621,0.1346,False,exclude_default,0.3269,False,exclude_default,False,False,False
BUB1,ENSG00000169679,0.2327,False,exclude_default,0.2543,False,exclude_default,False,False,False
CHRNA5,ENSG00000169684,0.0756,False,exclude_default,0.1203,False,exclude_default,False,False,False
ACTRT2,ENSG00000169717,1.0,False,exclude_default,1.0,False,exclude_default,False,False,False
NLGN1,ENSG00000169760,0.0713,False,exclude_default,0.1741,False,exclude_default,False,False,False
TAS2R1,ENSG00000169777,1.0,True,include_default,1.0,True,include_default,True,True,False
OTUD7A,ENSG00000169918,0.0498,False,exclude_default,0.058,False,exclude_default,False,False,False
HSFY2,ENSG00000169953,1.0,True,include_default,1.0,True,include_default,True,True,False
ZNF778,ENSG00000170100,0.071,False,exclude_default,0.1769,False,exclude_default,False,False,False
CCDC144A,ENSG00000170160,0.1933,False,exclude_default,0.2951,False,exclude_default,False,False,False
USP50,ENSG00000170236,1.0,True,include_default,1.0,True,include_default,True,True,False
FAM161A,ENSG00000170264,0.1334,False,exclude_default,0.2201,False,exclude_default,False,False,False
C7orf33,ENSG00000170279,0.0,False,exclude_default,0.0,False,exclude_default,False,False,False
SPATA24,ENSG00000170469,0.3556,False,exclude_default,0.4687,False,exclude_default,False,False,False
KRT72,ENSG00000170486,0.6077,False,exclude_default,0.6077,False,exclude_default,False,False,False
GARIN3,ENSG00000170613,1.0,True,include_default,1.0,True,include_default,True,True,False
GTSF1,ENSG00000170627,0.8639,False,exclude_default,0.8639,False,exclude_default,False,False,False
TTLL6,ENSG00000170703,0.5805,False,exclude_default,0.6577,False,exclude_default,False,False,False
POLH,ENSG00000170734,0.0729,False,exclude_default,0.1892,False,exclude_default,False,False,False
TPD52L3,ENSG00000170777,1.0,True,include_default,1.0,True,include_default,True,True,False
OR10A4,ENSG00000170782,1.0,True,exclude_default,1.0,True,exclude_default,False,False,False
DYDC1,ENSG00000170788,0.9576,False,exclude_default,0.9961,True,include_default,False,True,True
FSHR,ENSG00000170820,1.0,True,include_default,1.0,True,include_default,True,True,False
MTSS1,ENSG00000170873,0.0704,False,exclude_default,0.1541,False,exclude_default,False,False,False
MSANTD4,ENSG00000170903,0.0576,False,exclude_default,0.1902,False,exclude_default,False,False,False
TEX13B,ENSG00000170925,1.0,True,exclude_default,1.0,True,exclude_default,False,False,False
DNAJC24,ENSG00000170946,0.0434,False,exclude_default,0.156,False,exclude_default,False,False,False
MBD3L1,ENSG00000170948,0.9004,False,exclude_default,1.0,False,exclude_default,False,False,False
OR8B12,ENSG00000170953,1.0,True,candidate_only,1.0,True,candidate_only,False,False,False
DDI1,ENSG00000170967,1.0,True,include_default,1.0,True,include_default,True,True,False
C8orf74,ENSG00000171060,1.0,True,include_default,1.0,True,include_default,True,True,False
ALK,ENSG00000171094,0.1818,False,exclude_default,0.1818,False,exclude_default,False,False,False
OBP2B,ENSG00000171102,0.8113,False,exclude_default,0.8113,False,exclude_default,False,False,False
KCNMB3,ENSG00000171121,0.0699,False,exclude_default,0.1717,False,exclude_default,False,False,False
OR2K2,ENSG00000171133,1.0,True,exclude_default,1.0,True,exclude_default,False,False,False
ESCO2,ENSG00000171320,0.0963,False,exclude_default,0.0963,False,exclude_default,False,False,False
SPACA5B,ENSG00000171478,1.0,True,candidate_only,1.0,True,candidate_only,False,False,False
OR1L3,ENSG00000171481,1.0,True,exclude_default,1.0,True,exclude_default,False,False,False
NLRP5,ENSG00000171487,0.2069,False,exclude_default,0.2069,False,exclude_default,False,False,False
SPACA5,ENSG00000171489,1.0,True,include_default,1.0,True,include_default,True,True,False
LRRC8D,ENSG00000171492,0.0367,False,exclude_default,0.1048,False,exclude_default,False,False,False
MROH2B,ENSG00000171495,1.0,True,include_default,1.0,True,include_default,True,True,False
OR1N1,ENSG00000171505,1.0,True,exclude_default,1.0,True,exclude_default,False,False,False
MAP6,ENSG00000171533,0.0232,False,exclude_default,0.1431,False,exclude_default,False,False,False
OTP,ENSG00000171540,0.0,False,exclude_default,0.0,False,exclude_default,False,False,False
SPATA46,ENSG00000171722,0.8954,False,exclude_default,0.8954,False,exclude_default,False,False,False
LRRC34,ENSG00000171757,0.3363,False,exclude_default,0.4631,False,exclude_default,False,False,False
SYCE1,ENSG00000171772,0.4867,False,exclude_default,0.493,False,exclude_default,False,False,False
SLFNL1,ENSG00000171790,0.9325,False,exclude_default,0.9401,False,exclude_default,False,False,False
WDR87,ENSG00000171804,1.0,True,include_default,1.0,True,include_default,True,True,False
ZNF570,ENSG00000171827,0.1267,False,exclude_default,0.2412,False,exclude_default,False,False,False
FAM90A1,ENSG00000171847,0.076,False,exclude_default,0.152,False,exclude_default,False,False,False
PRND,ENSG00000171864,0.6136,False,exclude_default,0.6407,False,exclude_default,False,False,False
KLF17,ENSG00000171872,0.9861,True,include_default,0.9861,True,include_default,True,True,False
FBXW10,ENSG00000171931,0.9659,False,exclude_default,0.9659,False,exclude_default,False,False,False
FOXB1,ENSG00000171956,0.0,False,exclude_default,0.0,False,exclude_default,False,False,False
JMJD1C,ENSG00000171988,0.0706,False,exclude_default,0.199,False,exclude_default,False,False,False
LDHAL6B,ENSG00000171989,1.0,True,include_default,1.0,True,include_default,True,True,False
SLC9C1,ENSG00000172139,0.8608,False,exclude_default,0.8608,False,exclude_default,False,False,False
C5orf34,ENSG00000172244,0.2459,False,exclude_default,0.377,False,exclude_default,False,False,False
CDY1,ENSG00000172288,1.0,True,candidate_only,1.0,True,candidate_only,False,False,False
OR5A1,ENSG00000172320,1.0,True,exclude_default,1.0,True,exclude_default,False,False,False
CDY1B,ENSG00000172352,1.0,True,candidate_only,1.0,True,candidate_only,False,False,False
CFAP53,ENSG00000172361,0.4722,False,exclude_default,0.6724,False,exclude_default,False,False,False
OR5B12,ENSG00000172362,1.0,True,exclude_default,1.0,True,exclude_default,False,False,False
OR5B2,ENSG00000172365,1.0,True,candidate_only,1.0,True,candidate_only,False,False,False
EFCAB3,ENSG00000172421,1.0,True,include_default,1.0,True,include_default,True,True,False
TCEAL1,ENSG00000172465,0.097,False,exclude_default,0.373,False,exclude_default,False,False,False
HSFY1,ENSG00000172468,1.0,True,candidate_only,1.0,True,candidate_only,False,False,False
OR10H5,ENSG00000172519,1.0,True,exclude_default,1.0,True,exclude_default,False,False,False
FAM170B,ENSG00000172538,1.0,True,include_default,1.0,True,include_default,True,True,False
ZFAND4,ENSG00000172671,0.3452,False,exclude_default,0.4228,False,exclude_default,False,False,False
MOS,ENSG00000172680,1.0,True,exclude_default,1.0,True,exclude_default,False,False,False
PURG,ENSG00000172733,0.0349,False,exclude_default,0.061,False,exclude_default,False,False,False
TMEM217,ENSG00000172738,0.4936,False,exclude_default,0.5256,False,exclude_default,False,False,False
EFCAB12,ENSG00000172771,0.1264,False,exclude_default,0.5698,False,exclude_default,False,False,False
ZNG1A,ENSG00000172785,0.0571,False,exclude_default,0.1718,False,exclude_default,False,False,False
PDP2,ENSG00000172840,0.0777,False,exclude_default,0.1751,False,exclude_default,False,False,False
XKR3,ENSG00000172967,1.0,True,include_default,1.0,True,include_default,True,True,False
ADAMTS20,ENSG00000173157,1.0,True,exclude_default,1.0,True,exclude_default,False,False,False
TUBB8B,ENSG00000173213,1.0,False,exclude_default,1.0,False,exclude_default,False,False,False
ZNF483,ENSG00000173258,0.0746,False,exclude_default,0.2847,False,exclude_default,False,False,False
PLAC8L1,ENSG00000173261,0.7934,False,exclude_default,0.7934,False,exclude_default,False,False,False
SLC2A14,ENSG00000173262,0.8101,False,exclude_default,0.8121,False,exclude_default,False,False,False
CST9,ENSG00000173335,0.0,False,exclude_default,0.0,False,exclude_default,False,False,False
IQCF1,ENSG00000173389,1.0,True,include_default,1.0,True,include_default,True,True,False
GLIPR1L1,ENSG00000173401,1.0,True,include_default,1.0,True,include_default,True,True,False
IHO1,ENSG00000173421,0.8639,False,exclude_default,0.8829,False,exclude_default,False,False,False
RNASE8,ENSG00000173431,0.0,False,exclude_default,0.0,False,exclude_default,False,False,False
THAP2,ENSG00000173451,0.0932,False,exclude_default,0.2152,False,exclude_default,False,False,False
RNASE11,ENSG00000173464,0.0657,False,exclude_default,1.0,True,include_default,False,True,True
CIMIP2C,ENSG00000173557,0.5573,False,exclude_default,0.6989,False,exclude_default,False,False,False
SCAI,ENSG00000173611,0.0344,False,exclude_default,0.1162,False,exclude_default,False,False,False
LRFN4,ENSG00000173621,0.0706,False,exclude_default,0.2053,False,exclude_default,False,False,False
APOBEC4,ENSG00000173627,0.4579,False,exclude_default,0.9947,True,include_default,False,True,True
HES3,ENSG00000173673,1.0,True,exclude_default,1.0,True,exclude_default,False,False,False
SPATA3,ENSG00000173699,1.0,True,include_default,1.0,True,include_default,True,True,False
SPMIP3,ENSG00000173728,1.0,True,include_default,1.0,True,include_default,True,True,False
TOPAZ1,ENSG00000173769,1.0,True,include_default,1.0,True,include_default,True,True,False
MARCHF10,ENSG00000173838,0.7029,False,exclude_default,0.7982,False,exclude_default,False,False,False
PHOSPHO1,ENSG00000173868,0.6605,False,exclude_default,0.6624,False,exclude_default,False,False,False
PHC3,ENSG00000173889,0.0563,False,exclude_default,0.1733,False,exclude_default,False,False,False
CBX2,ENSG00000173894,0.4484,False,exclude_default,0.4968,False,exclude_default,False,False,False
SLCO4C1,ENSG00000173930,0.0,False,exclude_default,0.0375,False,exclude_default,False,False,False
RBM4,ENSG00000173933,0.0597,False,exclude_default,0.1999,False,exclude_default,False,False,False
LRRC63,ENSG00000173988,0.2584,False,exclude_default,0.4157,False,exclude_default,False,False,False
CEP19,ENSG00000174007,0.125,False,exclude_default,0.2196,False,exclude_default,False,False,False
KICS2,ENSG00000174206,0.0447,False,exclude_default,0.1606,False,exclude_default,False,False,False
ARL13A,ENSG00000174225,1.0,True,include_default,1.0,True,include_default,True,True,False
EVX2,ENSG00000174279,0.6333,False,exclude_default,1.0,True,include_default,False,True,True
EXO1,ENSG00000174371,0.1188,False,exclude_default,0.1188,False,exclude_default,False,False,False
LIG4,ENSG00000174405,0.0524,False,exclude_default,0.1382,False,exclude_default,False,False,False
SNAPC5,ENSG00000174446,0.0514,False,exclude_default,0.1766,False,exclude_default,False,False,False
STARD6,ENSG00000174448,1.0,True,include_default,1.0,True,include_default,True,True,False
GOLGA6L2,ENSG00000174450,0.998,True,include_default,0.998,True,include_default,True,True,False
BBS1,ENSG00000174483,0.0609,False,exclude_default,0.2479,False,exclude_default,False,False,False
MYO1H,ENSG00000174527,1.0,True,exclude_default,1.0,True,exclude_default,False,False,False
KLK15,ENSG00000174562,0.0238,False,exclude_default,0.0238,False,exclude_default,False,False,False
OR7D4,ENSG00000174667,1.0,True,exclude_default,1.0,True,exclude_default,False,False,False
WDR49,ENSG00000174776,0.0,False,exclude_default,0.268,False,exclude_default,False,False,False
PCP2,ENSG00000174788,0.3228,False,exclude_default,0.3541,False,exclude_default,False,False,False
THAP6,ENSG00000174796,0.0789,False,exclude_default,0.2208,False,exclude_default,False,False,False
NDUFA11,ENSG00000174886,0.0367,False,exclude_default,0.151,False,exclude_default,False,False,False
TEX36,ENSG00000175018,1.0,True,include_default,1.0,True,include_default,True,True,False
VCPIP1,ENSG00000175073,0.0586,False,exclude_default,0.1499,False,exclude_default,False,False,False
RAG2,ENSG00000175097,0.0,False,exclude_default,0.0,False,exclude_default,False,False,False
TVP23C,ENSG00000175106,0.0879,False,exclude_default,0.2434,False,exclude_default,False,False,False
PPM1E,ENSG00000175175,0.0802,False,exclude_default,0.0933,False,exclude_default,False,False,False
HIGD2B,ENSG00000175202,1.0,True,include_default,1.0,True,include_default,True,True,False
CATSPER1,ENSG00000175294,1.0,True,include_default,1.0,True,include_default,True,True,False
CCNE2,ENSG00000175305,0.0999,False,exclude_default,0.1118,False,exclude_default,False,False,False
CHRNA7,ENSG00000175344,0.0482,False,exclude_default,0.053,False,exclude_default,False,False,False
RFESD,ENSG00000175449,0.1461,False,exclude_default,0.2488,False,exclude_default,False,False,False
TSGA10IP,ENSG00000175513,1.0,True,include_default,1.0,True,include_default,True,True,False
UBQLNL,ENSG00000175518,0.9426,False,exclude_default,0.9789,True,include_default,False,True,True
UBQLN3,ENSG00000175520,1.0,True,include_default,1.0,True,include_default,True,True,False
LIPT2,ENSG00000175536,0.1959,False,exclude_default,0.302,False,exclude_default,False,False,False
ALG10B,ENSG00000175548,0.0936,False,exclude_default,0.2352,False,exclude_default,False,False,False
TEX26,ENSG00000175664,0.5905,False,exclude_default,0.5905,False,exclude_default,False,False,False
RBMXL3,ENSG00000175718,1.0,True,include_default,1.0,True,include_default,True,True,False
TTLL11,ENSG00000175764,0.07,False,exclude_default,0.1628,False,exclude_default,False,False,False
ZNF169,ENSG00000175787,0.0499,False,exclude_default,0.2072,False,exclude_default,False,False,False
TMPRSS7,ENSG00000176040,1.0,True,include_default,1.0,True,include_default,True,True,False
ZNF683,ENSG00000176083,0.7876,False,exclude_default,0.7936,False,exclude_default,False,False,False
TCP11L1,ENSG00000176148,0.0628,False,exclude_default,0.1789,False,exclude_default,False,False,False
HSF5,ENSG00000176160,0.9978,True,include_default,0.9978,True,include_default,True,True,False
FOXG1,ENSG00000176165,0.0381,False,exclude_default,0.0381,False,exclude_default,False,False,False
ENTHD1,ENSG00000176177,0.97,True,include_default,0.97,True,include_default,True,True,False
OR11H4,ENSG00000176198,1.0,True,exclude_default,1.0,True,exclude_default,False,False,False
ATAD5,ENSG00000176208,0.043,False,exclude_default,0.043,False,exclude_default,False,False,False
OR11H6,ENSG00000176219,1.0,True,candidate_only,1.0,True,candidate_only,False,False,False
OR4N2,ENSG00000176294,1.0,True,include_default,1.0,True,include_default,True,True,False
OR4M1,ENSG00000176299,1.0,True,exclude_default,1.0,True,exclude_default,False,False,False
FOXR1,ENSG00000176302,1.0,True,include_default,1.0,True,include_default,True,True,False
EID2B,ENSG00000176401,0.0526,False,exclude_default,0.1516,False,exclude_default,False,False,False
CNTD1,ENSG00000176563,0.8891,False,exclude_default,0.9024,False,exclude_default,False,False,False
CNBD1,ENSG00000176571,1.0,True,include_default,1.0,True,include_default,True,True,False
B3GNT5,ENSG00000176597,0.0474,False,exclude_default,0.1453,False,exclude_default,False,False,False
TGIF2LY,ENSG00000176679,1.0,True,include_default,1.0,True,include_default,True,True,False
PFN4,ENSG00000176732,0.9387,False,exclude_default,0.9579,False,exclude_default,False,False,False
NCKAP5,ENSG00000176771,0.0515,False,exclude_default,0.0669,False,exclude_default,False,False,False
DEFB104A,ENSG00000176782,0.0,False,candidate_only,0.9995,True,candidate_only,False,False,False
OR52E2,ENSG00000176787,1.0,True,exclude_default,1.0,True,exclude_default,False,False,False
OR51A7,ENSG00000176895,1.0,True,exclude_default,1.0,True,exclude_default,False,False,False
OR51S1,ENSG00000176922,1.0,True,exclude_default,1.0,True,exclude_default,False,False,False
EFCAB5,ENSG00000176927,0.9605,False,exclude_default,0.9605,False,exclude_default,False,False,False
TRIM60,ENSG00000176979,1.0,True,include_default,1.0,True,include_default,True,True,False
DEFB104B,ENSG00000177023,1.0,True,candidate_only,1.0,True,candidate_only,False,False,False
C19orf18,ENSG00000177025,0.1863,False,exclude_default,0.2994,False,exclude_default,False,False,False
FAM9B,ENSG00000177138,0.6184,False,exclude_default,0.7368,False,exclude_default,False,False,False
CETN1,ENSG00000177143,1.0,True,include_default,1.0,True,include_default,True,True,False
SPACA4,ENSG00000177202,0.9058,True,include_default,0.9058,True,include_default,True,True,False
KCNA3,ENSG00000177272,0.0,False,exclude_default,0.0,False,exclude_default,False,False,False
BEND2,ENSG00000177324,1.0,True,include_default,1.0,True,include_default,True,True,False
UMODL1,ENSG00000177398,1.0,True,exclude_default,1.0,True,include_default,False,True,True
UBE2U,ENSG00000177414,0.961,False,exclude_default,0.961,False,exclude_default,False,False,False
RBM44,ENSG00000177483,1.0,True,include_default,1.0,True,include_default,True,True,False
VCX2,ENSG00000177504,1.0,False,exclude_default,1.0,False,exclude_default,False,False,False
FAM187B,ENSG00000177558,1.0,True,include_default,1.0,True,include_default,True,True,False
C12orf54,ENSG00000177627,1.0,True,include_default,1.0,True,include_default,True,True,False
DEFB114,ENSG00000177684,0.0,False,candidate_only,1.0,True,candidate_only,False,False,False
DNAJC28,ENSG00000177692,0.2094,False,exclude_default,0.2166,False,exclude_default,False,False,False
NAALADL2,ENSG00000177694,0.0447,False,exclude_default,0.3516,False,exclude_default,False,False,False
PCDHB9,ENSG00000177839,0.0833,False,exclude_default,0.369,False,exclude_default,False,False,False
ZNF620,ENSG00000177842,0.0362,False,exclude_default,0.124,False,exclude_default,False,False,False
ZNF619,ENSG00000177873,0.0517,False,exclude_default,0.1869,False,exclude_default,False,False,False
SPATA31C2,ENSG00000177910,0.2349,False,exclude_default,1.0,True,include_default,False,True,True
CAPZA3,ENSG00000177938,0.9916,True,include_default,0.9916,True,include_default,True,True,False
CIMIP6,ENSG00000177994,0.8142,False,exclude_default,0.9257,False,exclude_default,False,False,False
MLF1,ENSG00000178053,0.2807,False,exclude_default,0.3607,False,exclude_default,False,False,False
TSSK6,ENSG00000178093,0.9951,True,include_default,0.9951,True,include_default,True,True,False
PPP1R42,ENSG00000178125,0.6423,False,exclude_default,0.9919,True,include_default,False,True,True
LCORL,ENSG00000178177,0.0961,False,exclude_default,0.1848,False,exclude_default,False,False,False
ZNF543,ENSG00000178229,0.1723,False,exclude_default,0.3133,False,exclude_default,False,False,False
GEN1,ENSG00000178295,0.0761,False,exclude_default,0.1973,False,exclude_default,False,False,False
TMPRSS9,ENSG00000178297,0.3768,False,exclude_default,0.3768,False,exclude_default,False,False,False
PLEKHM3,ENSG00000178385,0.0404,False,exclude_default,0.1343,False,exclude_default,False,False,False
ZNF223,ENSG00000178386,0.0658,False,exclude_default,0.2309,False,exclude_default,False,False,False
CCDC185,ENSG00000178395,1.0,True,include_default,1.0,True,include_default,True,True,False
NEUROG2,ENSG00000178403,0.1463,False,exclude_default,0.1463,False,exclude_default,False,False,False
CEP295NL,ENSG00000178404,0.9638,False,exclude_default,0.9638,False,exclude_default,False,False,False
BEND3,ENSG00000178409,0.186,False,exclude_default,0.186,False,exclude_default,False,False,False
MCMDC2,ENSG00000178460,0.3354,False,exclude_default,0.3415,False,exclude_default,False,False,False
KLHL11,ENSG00000178502,0.1399,False,exclude_default,0.2676,False,exclude_default,False,False,False
MAF,ENSG00000178573,0.079,False,exclude_default,0.2157,False,exclude_default,False,False,False
DEFB125,ENSG00000178591,0.0,False,exclude_default,1.0,True,include_default,False,True,True
C10orf53,ENSG00000178645,1.0,True,include_default,1.0,True,include_default,True,True,False
ZNF713,ENSG00000178665,0.2092,False,exclude_default,0.3072,False,exclude_default,False,False,False
NSUN3,ENSG00000178694,0.0653,False,exclude_default,0.2036,False,exclude_default,False,False,False
GDPD4,ENSG00000178795,0.8667,False,exclude_default,0.8667,False,exclude_default,False,False,False
RIIAD1,ENSG00000178796,0.1373,False,exclude_default,0.3446,False,exclude_default,False,False,False
EFCAB13,ENSG00000178852,0.2121,False,exclude_default,0.3617,False,exclude_default,False,False,False
TPRX1,ENSG00000178928,0.5,False,exclude_default,0.5,False,exclude_default,False,False,False
C14orf39,ENSG00000179008,0.4025,False,exclude_default,0.4068,False,exclude_default,False,False,False
OR13D1,ENSG00000179055,1.0,True,exclude_default,1.0,True,exclude_default,False,False,False
CCDC89,ENSG00000179071,0.795,False,exclude_default,0.9519,False,exclude_default,False,False,False
FAM133A,ENSG00000179083,0.2664,False,exclude_default,0.2664,False,exclude_default,False,False,False
C10orf67,ENSG00000179133,0.4564,False,exclude_default,0.6224,False,exclude_default,False,False,False
CYP11B2,ENSG00000179142,0.0,False,candidate_only,0.0,False,candidate_only,False,False,False
PXT1,ENSG00000179165,1.0,True,include_default,1.0,True,include_default,True,True,False
GGN,ENSG00000179168,0.9344,False,exclude_default,0.9344,False,exclude_default,False,False,False
SIGLECL1,ENSG00000179213,1.0,True,include_default,1.0,True,include_default,True,True,False
PTPN11,ENSG00000179295,0.0369,False,exclude_default,0.1404,False,exclude_default,False,False,False
NSUN7,ENSG00000179299,0.2133,False,exclude_default,0.394,False,exclude_default,False,False,False
TMEM31,ENSG00000179363,0.9518,False,exclude_default,0.9545,False,exclude_default,False,False,False
CATSPERE,ENSG00000179397,0.9171,False,exclude_default,1.0,True,include_default,False,True,True
HNRNPCL4,ENSG00000179412,1.0,True,candidate_only,1.0,True,candidate_only,False,False,False
RNF151,ENSG00000179580,1.0,True,include_default,1.0,True,include_default,True,True,False
PLD6,ENSG00000179598,0.1331,False,exclude_default,0.2722,False,exclude_default,False,False,False
GPHB5,ENSG00000179600,1.0,True,candidate_only,1.0,True,candidate_only,False,False,False
GRM8,ENSG00000179603,0.0233,False,exclude_default,0.0233,False,exclude_default,False,False,False
TPPP2,ENSG00000179636,0.9216,False,exclude_default,0.9305,False,exclude_default,False,False,False
OR6C2,ENSG00000179695,1.0,True,exclude_default,1.0,True,exclude_default,False,False,False
NLRP8,ENSG00000179709,1.0,True,exclude_default,1.0,True,exclude_default,False,False,False
SYCN,ENSG00000179751,0.0011,False,exclude_default,0.0012,False,exclude_default,False,False,False
LRRC3B,ENSG00000179796,0.0435,False,exclude_default,0.0435,False,exclude_default,False,False,False
MRGPRX4,ENSG00000179817,1.0,True,exclude_default,1.0,True,exclude_default,False,False,False
ABCA13,ENSG00000179869,0.0107,False,exclude_default,0.0128,False,exclude_default,False,False,False
NLRP11,ENSG00000179873,0.0,False,exclude_default,1.0,True,exclude_default,False,False,False
OR10A7,ENSG00000179919,1.0,True,candidate_only,1.0,True,candidate_only,False,False,False
PSTK,ENSG00000179988,0.0645,False,exclude_default,0.1957,False,exclude_default,False,False,False
OR1E1,ENSG00000180016,1.0,True,exclude_default,1.0,True,exclude_default,False,False,False
GARIN5B,ENSG00000180043,1.0,True,include_default,1.0,True,include_default,True,True,False
OR3A1,ENSG00000180090,1.0,True,exclude_default,1.0,True,exclude_default,False,False,False
TDRD6,ENSG00000180113,0.376,False,exclude_default,0.4186,False,exclude_default,False,False,False
REDIC1,ENSG00000180116,1.0,True,include_default,1.0,True,include_default,True,True,False
FAHD1,ENSG00000180185,0.034,False,exclude_default,0.1167,False,exclude_default,False,False,False
WFDC9,ENSG00000180205,0.0,False,candidate_only,1.0,True,candidate_only,False,False,False
GARIN6,ENSG00000180219,1.0,True,include_default,1.0,True,include_default,True,True,False
GPR139,ENSG00000180269,1.0,True,exclude_default,1.0,True,exclude_default,False,False,False
WFDC10A,ENSG00000180305,0.0,False,exclude_default,1.0,True,include_default,False,True,True
HARBI1,ENSG00000180423,0.1521,False,exclude_default,0.2407,False,exclude_default,False,False,False
DEFB123,ENSG00000180424,0.4801,False,exclude_default,1.0,True,include_default,False,True,True
C11orf71,ENSG00000180425,0.2764,False,exclude_default,0.3733,False,exclude_default,False,False,False
ZNF571,ENSG00000180479,0.0633,False,exclude_default,0.1809,False,exclude_default,False,False,False
GLIPR1L2,ENSG00000180481,0.4939,False,exclude_default,0.5822,False,exclude_default,False,False,False
DEFB119,ENSG00000180483,0.1373,False,exclude_default,0.936,True,include_default,False,True,True
SKIDA1,ENSG00000180592,0.4,False,exclude_default,0.4,False,exclude_default,False,False,False
PCGF5,ENSG00000180628,0.0521,False,exclude_default,0.161,False,exclude_default,False,False,False
OR2A4,ENSG00000180658,1.0,True,exclude_default,1.0,True,exclude_default,False,False,False
C3orf22,ENSG00000180697,1.0,True,include_default,1.0,True,include_default,True,True,False
ZDHHC20,ENSG00000180776,0.0823,False,exclude_default,0.2002,False,exclude_default,False,False,False
DEFB112,ENSG00000180872,0.0,False,candidate_only,1.0,True,candidate_only,False,False,False
C11orf42,ENSG00000180878,0.9634,True,include_default,0.9634,True,include_default,True,True,False
OR56A1,ENSG00000180934,1.0,True,candidate_only,1.0,True,candidate_only,False,False,False
ZNF572,ENSG00000180938,0.2774,False,exclude_default,0.4964,False,exclude_default,False,False,False
OR52E4,ENSG00000180974,1.0,True,candidate_only,1.0,True,candidate_only,False,False,False
C1orf105,ENSG00000180999,0.5062,False,exclude_default,0.5992,False,exclude_default,False,False,False
TRAPPC5,ENSG00000181029,0.0857,False,exclude_default,0.1885,False,exclude_default,False,False,False
PENK,ENSG00000181195,0.0959,False,exclude_default,0.1385,False,exclude_default,False,False,False
NME9,ENSG00000181322,0.0392,False,exclude_default,0.2362,False,exclude_default,False,False,False
OR5M8,ENSG00000181371,1.0,True,candidate_only,1.0,True,candidate_only,False,False,False
ZNF678,ENSG00000181450,0.0983,False,exclude_default,0.2547,False,exclude_default,False,False,False
EDDM3B,ENSG00000181552,0.0,False,exclude_default,1.0,True,include_default,False,True,True
EDDM3A,ENSG00000181562,0.0002,False,exclude_default,1.0,True,include_default,False,True,True
OR52D1,ENSG00000181609,1.0,True,include_default,1.0,True,include_default,True,True,False
OR52H1,ENSG00000181616,1.0,True,exclude_default,1.0,True,exclude_default,False,False,False
ANKRD62,ENSG00000181626,1.0,True,include_default,1.0,True,include_default,True,True,False
ZBTB20,ENSG00000181722,0.1646,False,exclude_default,0.3664,False,exclude_default,False,False,False
CIMAP1D,ENSG00000181781,0.7569,False,exclude_default,0.7569,False,exclude_default,False,False,False
ACTL9,ENSG00000181786,1.0,True,include_default,1.0,True,include_default,True,True,False
RFX7,ENSG00000181827,0.0799,False,exclude_default,0.2104,False,exclude_default,False,False,False
FTMT,ENSG00000181867,1.0,True,include_default,1.0,True,include_default,True,True,False
IBA57,ENSG00000181873,0.0339,False,exclude_default,0.0679,False,exclude_default,False,False,False
ZNF101,ENSG00000181896,0.0599,False,exclude_default,0.1095,False,exclude_default,False,False,False
C5orf24,ENSG00000181904,0.057,False,exclude_default,0.1849,False,exclude_default,False,False,False
OR4A16,ENSG00000181961,1.0,True,candidate_only,1.0,True,candidate_only,False,False,False
NEUROG1,ENSG00000181965,1.0,True,exclude_default,1.0,True,exclude_default,False,False,False
ADIG,ENSG00000182035,0.9733,True,include_default,1.0,True,include_default,True,True,False
MGAT4C,ENSG00000182050,0.1429,False,exclude_default,0.2817,False,exclude_default,False,False,False
TRIM49B,ENSG00000182053,1.0,True,candidate_only,1.0,True,candidate_only,False,False,False
OR6B2,ENSG00000182083,1.0,True,exclude_default,1.0,True,exclude_default,False,False,False
ZNF716,ENSG00000182111,1.0,True,exclude_default,1.0,True,exclude_default,False,False,False
TDRKH,ENSG00000182134,0.1098,False,exclude_default,0.1908,False,exclude_default,False,False,False
MRGPRG,ENSG00000182170,1.0,True,candidate_only,1.0,True,candidate_only,False,False,False
RAD51B,ENSG00000182185,0.0681,False,exclude_default,0.274,False,exclude_default,False,False,False
ZAR1,ENSG00000182223,1.0,True,include_default,1.0,True,include_default,True,True,False
GABRG3,ENSG00000182256,0.1728,False,exclude_default,0.3089,False,exclude_default,False,False,False
IZUMO1,ENSG00000182264,0.9721,True,include_default,0.9721,True,include_default,True,True,False
MBD3L3,ENSG00000182315,1.0,True,candidate_only,1.0,True,candidate_only,False,False,False
KCNJ14,ENSG00000182324,0.0031,False,exclude_default,0.0077,False,exclude_default,False,False,False
PGBD4,ENSG00000182405,0.0473,False,exclude_default,0.0743,False,exclude_default,False,False,False
KPNA2,ENSG00000182481,0.1777,False,exclude_default,0.2467,False,exclude_default,False,False,False
OR2V2,ENSG00000182613,1.0,True,exclude_default,1.0,True,exclude_default,False,False,False
CCDC172,ENSG00000182645,0.845,False,exclude_default,0.845,False,exclude_default,False,False,False
OR4Q3,ENSG00000182652,1.0,True,candidate_only,1.0,True,candidate_only,False,False,False
CCDC87,ENSG00000182791,0.9118,False,exclude_default,0.9632,False,exclude_default,False,False,False
GSTA5,ENSG00000182793,1.0,True,exclude_default,1.0,True,exclude_default,False,False,False
MAGEB17,ENSG00000182798,0.4,False,candidate_only,0.4,False,candidate_only,False,False,False
GLUD2,ENSG00000182890,0.6114,False,exclude_default,0.6419,False,exclude_default,False,False,False
TMEM95,ENSG00000182896,1.0,True,include_default,1.0,True,include_default,True,True,False
TCHHL1,ENSG00000182898,1.0,False,exclude_default,1.0,False,exclude_default,False,False,False
RGS7,ENSG00000182901,0.0147,False,exclude_default,0.0147,False,exclude_default,False,False,False
CIMAP1C,ENSG00000182950,0.7491,False,exclude_default,0.7563,False,exclude_default,False,False,False
SOX1,ENSG00000182968,0.0,False,exclude_default,0.0,False,exclude_default,False,False,False
C12orf60,ENSG00000182993,0.3694,False,exclude_default,0.3861,False,exclude_default,False,False,False
OR1G1,ENSG00000183024,1.0,True,exclude_default,1.0,True,exclude_default,False,False,False
OTOP2,ENSG00000183034,0.0997,False,exclude_default,0.0997,False,exclude_default,False,False,False
CYLC1,ENSG00000183035,1.0,True,include_default,1.0,True,include_default,True,True,False
WBP2NL,ENSG00000183066,0.9879,True,include_default,1.0,True,include_default,True,True,False
CEP57L1,ENSG00000183137,0.1098,False,exclude_default,0.2338,False,exclude_default,False,False,False
CALN1,ENSG00000183166,0.011,False,exclude_default,0.0247,False,exclude_default,False,False,False
GABRR3,ENSG00000183185,0.0,False,candidate_only,0.0,False,candidate_only,False,False,False
RIMBP3C,ENSG00000183246,1.0,True,include_default,1.0,True,include_default,True,True,False
FAM9A,ENSG00000183304,1.0,True,include_default,1.0,True,include_default,True,True,False
OR52L1,ENSG00000183313,1.0,True,exclude_default,1.0,True,exclude_default,False,False,False
SPDYE4,ENSG00000183318,1.0,True,include_default,1.0,True,include_default,True,True,False
REC114,ENSG00000183324,0.9169,False,exclude_default,0.9169,False,exclude_default,False,False,False
TMEM89,ENSG00000183396,0.9706,True,include_default,0.9706,True,include_default,True,True,False
SH2D7,ENSG00000183476,0.4167,False,exclude_default,0.4167,False,exclude_default,False,False,False
MEX3B,ENSG00000183496,0.5024,False,exclude_default,0.7396,False,exclude_default,False,False,False
C10orf120,ENSG00000183559,1.0,True,include_default,1.0,True,include_default,True,True,False
GOLGA8G,ENSG00000183629,1.0,True,include_default,1.0,True,include_default,True,True,False
TP53TG3,ENSG00000183632,0.3133,False,candidate_only,1.0,True,candidate_only,False,False,False
KRTAP8-1,ENSG00000183640,0.0,False,candidate_only,0.0,False,candidate_only,False,False,False
MARCHF11,ENSG00000183654,0.6709,False,exclude_default,0.6709,False,exclude_default,False,False,False
OR4N4,ENSG00000183706,1.0,True,include_default,1.0,True,include_default,True,True,False
BPY2,ENSG00000183753,1.0,True,include_default,1.0,True,include_default,True,True,False
BPY2B,ENSG00000183795,1.0,True,candidate_only,1.0,True,candidate_only,False,False,False
RBM12B,ENSG00000183808,0.0997,False,exclude_default,0.2688,False,exclude_default,False,False,False
ANKRD45,ENSG00000183831,0.1992,False,exclude_default,0.4427,False,exclude_default,False,False,False
CFAP91,ENSG00000183833,0.1228,False,exclude_default,0.4524,False,exclude_default,False,False,False
GPR39,ENSG00000183840,0.0,False,exclude_default,0.1287,False,exclude_default,False,False,False
ZNF730,ENSG00000183850,0.5043,False,exclude_default,0.6,False,exclude_default,False,False,False
CNGA2,ENSG00000183862,1.0,True,exclude_default,1.0,True,exclude_default,False,False,False
DNAH2,ENSG00000183914,0.1345,False,exclude_default,0.3582,False,exclude_default,False,False,False
PP2D1,ENSG00000183977,0.8732,True,include_default,0.8732,True,include_default,True,True,False
KRTAP20-2,ENSG00000184032,0.0,False,candidate_only,0.0,False,candidate_only,False,False,False
TRIML1,ENSG00000184108,1.0,True,include_default,1.0,True,include_default,True,True,False
SPRR4,ENSG00000184148,0.0406,False,exclude_default,0.0517,False,exclude_default,False,False,False
OR1D2,ENSG00000184166,0.0,False,candidate_only,0.0,False,candidate_only,False,False,False
CCSER1,ENSG00000184305,0.3846,False,exclude_default,0.3846,False,exclude_default,False,False,False
S100A7A,ENSG00000184330,0.0,False,exclude_default,0.1404,False,exclude_default,False,False,False
IQCF2,ENSG00000184345,1.0,True,include_default,1.0,True,include_default,True,True,False
MAP7D2,ENSG00000184368,0.0673,False,exclude_default,0.2358,False,exclude_default,False,False,False
ACTRT3,ENSG00000184378,0.8092,False,exclude_default,0.8516,False,exclude_default,False,False,False
BPIFC,ENSG00000184459,0.0199,False,exclude_default,0.0199,False,exclude_default,False,False,False
OR56A3,ENSG00000184478,1.0,True,exclude_default,1.0,True,exclude_default,False,False,False
GAST,ENSG00000184502,0.0003,False,exclude_default,0.0003,False,exclude_default,False,False,False
SPEM2,ENSG00000184560,1.0,True,include_default,1.0,True,include_default,True,True,False
PIWIL3,ENSG00000184571,1.0,True,exclude_default,1.0,True,exclude_default,False,False,False
TAFA3,ENSG00000184599,0.1015,False,exclude_default,0.1015,False,exclude_default,False,False,False
SNN,ENSG00000184602,0.0142,False,exclude_default,0.0772,False,exclude_default,False,False,False
ZNF93,ENSG00000184635,0.138,False,exclude_default,0.2842,False,exclude_default,False,False,False
PRSS55,ENSG00000184647,1.0,True,include_default,1.0,True,include_default,True,True,False
CDCA2,ENSG00000184661,0.374,False,exclude_default,0.374,False,exclude_default,False,False,False
AMER1,ENSG00000184675,0.0905,False,exclude_default,0.2647,False,exclude_default,False,False,False
SERINC4,ENSG00000184716,0.012,False,exclude_default,0.012,False,exclude_default,False,False,False
KRTAP6-1,ENSG00000184724,0.0,False,candidate_only,0.0,False,candidate_only,False,False,False
DYNLT2,ENSG00000184786,1.0,True,include_default,1.0,True,include_default,True,True,False
PRR23B,ENSG00000184814,1.0,True,include_default,1.0,True,include_default,True,True,False
DMRTC1B,ENSG00000184911,0.0594,False,exclude_default,0.0924,False,exclude_default,False,False,False
OR6A2,ENSG00000184933,1.0,True,exclude_default,1.0,True,exclude_default,False,False,False
RFX6,ENSG00000185002,0.0,False,exclude_default,0.0,False,exclude_default,False,False,False
NT5C1B,ENSG00000185013,1.0,True,include_default,1.0,True,include_default,True,True,False
ANKS1B,ENSG00000185046,0.0218,False,exclude_default,0.0411,False,exclude_default,False,False,False
EFCAB10,ENSG00000185055,0.2899,False,exclude_default,0.6662,False,exclude_default,False,False,False
C5orf47,ENSG00000185056,1.0,True,include_default,1.0,True,include_default,True,True,False
FAF1,ENSG00000185104,0.0649,False,exclude_default,0.1814,False,exclude_default,False,False,False
MFSD6L,ENSG00000185156,0.4082,False,exclude_default,0.458,False,exclude_default,False,False,False
ZNF479,ENSG00000185177,1.0,True,include_default,1.0,True,include_default,True,True,False
RAB11B,ENSG00000185236,0.0467,False,exclude_default,0.167,False,exclude_default,False,False,False
GP1BA,ENSG00000185245,0.0,False,exclude_default,0.0,False,exclude_default,False,False,False
KIAA0825,ENSG00000185261,0.1961,False,exclude_default,0.3922,False,exclude_default,False,False,False
NOTUM,ENSG00000185269,0.8642,False,exclude_default,0.8707,False,exclude_default,False,False,False
ZBTB37,ENSG00000185278,0.1416,False,exclude_default,0.2422,False,exclude_default,False,False,False
NUPR2,ENSG00000185290,0.7573,False,exclude_default,0.7858,False,exclude_default,False,False,False
SPPL2C,ENSG00000185294,0.9803,True,include_default,0.9803,True,include_default,True,True,False
C12orf56,ENSG00000185306,0.6702,False,exclude_default,0.7234,False,exclude_default,False,False,False
SCN10A,ENSG00000185313,1.0,True,exclude_default,1.0,True,exclude_default,False,False,False
HS6ST3,ENSG00000185352,0.0,False,exclude_default,0.0473,False,exclude_default,False,False,False
MRPL30,ENSG00000185414,0.0375,False,exclude_default,0.1552,False,exclude_default,False,False,False
FAM47A,ENSG00000185448,1.0,True,include_default,1.0,True,include_default,True,True,False
PARPBP,ENSG00000185480,0.109,False,exclude_default,0.1183,False,exclude_default,False,False,False
SPATA45,ENSG00000185523,0.8468,False,exclude_default,0.8468,False,exclude_default,False,False,False
SHC4,ENSG00000185634,0.1144,False,exclude_default,0.1182,False,exclude_default,False,False,False
BRWD1,ENSG00000185658,0.0574,False,exclude_default,0.1624,False,exclude_default,False,False,False
SMIM23,ENSG00000185662,1.0,True,include_default,1.0,True,include_default,True,True,False
SYN3,ENSG00000185666,0.2247,False,exclude_default,0.2247,False,exclude_default,False,False,False
ZBTB3,ENSG00000185670,0.0668,False,exclude_default,0.1933,False,exclude_default,False,False,False
MYBL1,ENSG00000185697,0.1356,False,exclude_default,0.1434,False,exclude_default,False,False,False
ZNF696,ENSG00000185730,0.0545,False,exclude_default,0.1676,False,exclude_default,False,False,False
WDR53,ENSG00000185798,0.1987,False,exclude_default,0.3094,False,exclude_default,False,False,False
NPAP1,ENSG00000185823,1.0,True,include_default,1.0,True,include_default,True,True,False
ARL17A,ENSG00000185829,0.0556,False,exclude_default,0.24,False,exclude_default,False,False,False
DNAH14,ENSG00000185842,0.3092,False,exclude_default,0.3987,False,exclude_default,False,False,False
ATP6V0C,ENSG00000185883,0.036,False,exclude_default,0.1274,False,exclude_default,False,False,False
PRSS38,ENSG00000185888,1.0,True,include_default,1.0,True,include_default,True,True,False
BPY2C,ENSG00000185894,1.0,True,candidate_only,1.0,True,candidate_only,False,False,False
PTCH1,ENSG00000185920,0.0988,False,exclude_default,0.3845,False,exclude_default,False,False,False
SPACDR,ENSG00000185955,0.5431,False,exclude_default,0.5576,False,exclude_default,False,False,False
FAM186A,ENSG00000185958,0.9922,True,include_default,0.9922,True,include_default,True,True,False
CCIN,ENSG00000185972,0.9835,True,include_default,0.9849,True,include_default,True,True,False
DEFB128,ENSG00000185982,0.0,False,candidate_only,1.0,True,candidate_only,False,False,False
ZNF284,ENSG00000186026,0.0233,False,exclude_default,0.1318,False,exclude_default,False,False,False
NBPF6,ENSG00000186086,0.4848,False,exclude_default,0.4848,False,exclude_default,False,False,False
ARGFX,ENSG00000186103,1.0,True,exclude_default,1.0,True,exclude_default,False,False,False
PRR30,ENSG00000186143,1.0,True,include_default,1.0,True,include_default,True,True,False
UBL4B,ENSG00000186150,0.9777,True,include_default,0.9777,True,include_default,True,True,False
BPIFB3,ENSG00000186190,1.0,True,exclude_default,1.0,True,exclude_default,False,False,False
ZNF749,ENSG00000186230,0.0545,False,exclude_default,0.1273,False,exclude_default,False,False,False
KDM4D,ENSG00000186280,0.969,False,exclude_default,0.969,False,exclude_default,False,False,False
ZNF555,ENSG00000186300,0.1489,False,exclude_default,0.3257,False,exclude_default,False,False,False
SLC36A3,ENSG00000186334,1.0,True,include_default,1.0,True,include_default,True,True,False
KRT26,ENSG00000186393,0.0,False,exclude_default,0.0,False,exclude_default,False,False,False
ZNF501,ENSG00000186446,0.1282,False,exclude_default,0.3141,False,exclude_default,False,False,False
TMPRSS12,ENSG00000186452,1.0,True,include_default,1.0,True,include_default,True,True,False
FAM228A,ENSG00000186453,0.8856,False,exclude_default,0.8856,False,exclude_default,False,False,False
GNG2,ENSG00000186469,0.1327,False,exclude_default,0.1716,False,exclude_default,False,False,False
AKAP14,ENSG00000186471,0.388,False,exclude_default,0.5889,False,exclude_default,False,False,False
MYT1L,ENSG00000186487,0.0235,False,exclude_default,0.0235,False,exclude_default,False,False,False
OR9Q2,ENSG00000186513,1.0,True,candidate_only,1.0,True,candidate_only,False,False,False
DEFB105A,ENSG00000186562,0.0,False,candidate_only,1.0,True,candidate_only,False,False,False
DEFB107A,ENSG00000186572,0.0,False,candidate_only,1.0,True,candidate_only,False,False,False
DEFB106A,ENSG00000186579,0.0,False,candidate_only,1.0,True,candidate_only,False,False,False
SPATC1,ENSG00000186583,0.796,False,exclude_default,0.796,False,exclude_default,False,False,False
DEFB105B,ENSG00000186599,0.0,False,candidate_only,1.0,True,candidate_only,False,False,False
SPDYE17,ENSG00000186645,1.0,False,candidate_only,1.0,False,candidate_only,False,False,False
CCDC73,ENSG00000186714,1.0,True,include_default,1.0,True,include_default,True,True,False
FOXE3,ENSG00000186790,1.0,True,exclude_default,1.0,True,exclude_default,False,False,False
ZNF397,ENSG00000186812,0.0579,False,exclude_default,0.1997,False,exclude_default,False,False,False
ERCC6L,ENSG00000186871,0.0,False,exclude_default,0.0,False,exclude_default,False,False,False
C1QL4,ENSG00000186897,0.9394,False,exclude_default,0.9697,False,exclude_default,False,False,False
ZNF395,ENSG00000186918,0.0862,False,exclude_default,0.2181,False,exclude_default,False,False,False
TMEM232,ENSG00000186952,0.3484,False,exclude_default,0.6584,False,exclude_default,False,False,False
EFCAB6,ENSG00000186976,0.5772,False,exclude_default,0.7747,False,exclude_default,False,False,False
KRTAP21-1,ENSG00000187005,1.0,True,candidate_only,1.0,True,candidate_only,False,False,False
ESPN,ENSG00000187017,0.1368,False,exclude_default,0.2533,False,exclude_default,False,False,False
PTRH1,ENSG00000187024,0.0457,False,exclude_default,0.1727,False,exclude_default,False,False,False
KRTAP21-2,ENSG00000187026,0.6667,False,candidate_only,0.6667,False,candidate_only,False,False,False
SAMD7,ENSG00000187033,0.0,False,exclude_default,0.0,False,exclude_default,False,False,False
TMEM262,ENSG00000187066,1.0,True,candidate_only,1.0,True,candidate_only,False,False,False
OR2AK2,ENSG00000187080,1.0,True,exclude_default,1.0,True,exclude_default,False,False,False
DEFB106B,ENSG00000187082,0.0,False,candidate_only,1.0,True,candidate_only,False,False,False
HEATR4,ENSG00000187105,0.5805,False,exclude_default,0.5805,False,exclude_default,False,False,False
SLIT1,ENSG00000187122,0.0056,False,exclude_default,0.0056,False,exclude_default,False,False,False
SPATA21,ENSG00000187144,1.0,True,include_default,1.0,True,include_default,True,True,False
ENSG00000187186,ENSG00000187186,0.2775,False,exclude_default,0.3319,False,exclude_default,False,False,False
ZNF546,ENSG00000187187,0.2883,False,exclude_default,0.3804,False,exclude_default,False,False,False
LCE2D,ENSG00000187223,0.0,False,exclude_default,0.0,False,exclude_default,False,False,False
FAM9C,ENSG00000187268,0.0859,False,exclude_default,0.0859,False,exclude_default,False,False,False
PCDHB13,ENSG00000187372,0.082,False,exclude_default,0.2787,False,exclude_default,False,False,False
C11orf96,ENSG00000187479,0.1274,False,exclude_default,0.3913,False,exclude_default,False,False,False
H2AP,ENSG00000187516,1.0,True,include_default,1.0,True,include_default,True,True,False
PRR27,ENSG00000187533,0.0,False,exclude_default,0.0,False,exclude_default,False,False,False
COX8C,ENSG00000187581,1.0,False,exclude_default,1.0,False,exclude_default,False,False,False
ZNF286A,ENSG00000187607,0.084,False,exclude_default,0.2526,False,exclude_default,False,False,False
LIAT1,ENSG00000187624,0.3261,False,exclude_default,0.4302,False,exclude_default,False,False,False
C5orf52,ENSG00000187658,0.9769,True,include_default,0.9769,True,include_default,True,True,False
EZHIP,ENSG00000187690,0.8868,True,include_default,0.8868,True,include_default,True,True,False
DNAJB13,ENSG00000187726,0.1461,False,exclude_default,0.6664,False,exclude_default,False,False,False
NHEJ1,ENSG00000187736,0.0926,False,exclude_default,0.2416,False,exclude_default,False,False,False
C9orf153,ENSG00000187753,0.9314,False,exclude_default,0.9314,False,exclude_default,False,False,False
DNAH17,ENSG00000187775,0.7586,False,exclude_default,0.7586,False,exclude_default,False,False,False
FANCM,ENSG00000187790,0.2845,False,exclude_default,0.4095,False,exclude_default,False,False,False
SPATA31F3,ENSG00000187791,1.0,True,candidate_only,1.0,True,candidate_only,False,False,False
ZNF70,ENSG00000187792,0.1022,False,exclude_default,0.32,False,exclude_default,False,False,False
TMEM202,ENSG00000187806,1.0,True,include_default,1.0,True,include_default,True,True,False
ZFP69,ENSG00000187815,0.0803,False,exclude_default,0.2157,False,exclude_default,False,False,False
C2orf78,ENSG00000187833,1.0,True,include_default,1.0,True,include_default,True,True,False
CCDC157,ENSG00000187860,0.3368,False,exclude_default,0.4469,False,exclude_default,False,False,False
OR51I2,ENSG00000187918,1.0,True,exclude_default,1.0,True,exclude_default,False,False,False
ZCCHC13,ENSG00000187969,1.0,True,include_default,1.0,True,include_default,True,True,False
ZSCAN23,ENSG00000187987,0.0,False,exclude_default,0.3333,False,exclude_default,False,False,False
C19orf67,ENSG00000188032,1.0,True,include_default,1.0,True,include_default,True,True,False
ZNF490,ENSG00000188033,0.0552,False,exclude_default,0.1902,False,exclude_default,False,False,False
RNF133,ENSG00000188050,1.0,True,include_default,1.0,True,include_default,True,True,False
GPR89B,ENSG00000188092,0.077,False,exclude_default,0.2237,False,exclude_default,False,False,False
KRTAP10-6,ENSG00000188155,0.0,False,candidate_only,0.0,False,candidate_only,False,False,False
OTOG,ENSG00000188162,0.0,False,candidate_only,0.0,False,candidate_only,False,False,False
CIMIP2A,ENSG00000188163,0.9864,True,include_default,0.9864,True,include_default,True,True,False
TMPPE,ENSG00000188167,0.0215,False,exclude_default,0.0215,False,exclude_default,False,False,False
ZNF626,ENSG00000188171,0.0905,False,exclude_default,0.2562,False,exclude_default,False,False,False
ZNF669,ENSG00000188295,0.0796,False,exclude_default,0.2156,False,exclude_default,False,False,False
LRRIQ4,ENSG00000188306,1.0,True,include_default,1.0,True,include_default,True,True,False
CENPP,ENSG00000188312,0.0573,False,exclude_default,0.1383,False,exclude_default,False,False,False
ZNF559,ENSG00000188321,0.0823,False,exclude_default,0.2698,False,exclude_default,False,False,False
PRR19,ENSG00000188368,0.6873,False,exclude_default,0.6873,False,exclude_default,False,False,False
PPP3R2,ENSG00000188386,1.0,True,include_default,1.0,True,include_default,True,True,False
SLC24A5,ENSG00000188467,0.0789,False,exclude_default,0.0789,False,exclude_default,False,False,False
OR2G6,ENSG00000188558,1.0,True,exclude_default,1.0,True,exclude_default,False,False,False
CLEC20A,ENSG00000188585,0.9167,False,candidate_only,0.9167,False,candidate_only,False,False,False
SLC4A5,ENSG00000188687,0.0978,False,exclude_default,0.1176,False,exclude_default,False,False,False
OR56A5,ENSG00000188691,1.0,True,exclude_default,1.0,True,exclude_default,False,False,False
FSIP2,ENSG00000188738,0.6885,False,exclude_default,0.6885,False,exclude_default,False,False,False
RBM34,ENSG00000188739,0.0672,False,exclude_default,0.1734,False,exclude_default,False,False,False
PLA2G2E,ENSG00000188784,0.0,False,candidate_only,0.0,False,candidate_only,False,False,False
ZNF548,ENSG00000188785,0.0514,False,exclude_default,0.1699,False,exclude_default,False,False,False
TMCO2,ENSG00000188800,1.0,True,include_default,1.0,True,include_default,True,True,False
BEND4,ENSG00000188848,0.7168,False,exclude_default,0.8938,False,exclude_default,False,False,False
FAM78B,ENSG00000188859,0.0,False,exclude_default,1.0,True,include_default,False,True,True
POTEA,ENSG00000188877,1.0,True,candidate_only,1.0,True,candidate_only,False,False,False
BSX,ENSG00000188909,1.0,True,exclude_default,1.0,True,exclude_default,False,False,False
CFAP126,ENSG00000188931,0.0351,False,exclude_default,0.2324,False,exclude_default,False,False,False
DUSP21,ENSG00000189037,1.0,True,include_default,1.0,True,include_default,True,True,False
BLOC1S3,ENSG00000189114,0.053,False,exclude_default,0.1767,False,exclude_default,False,False,False
FAM47B,ENSG00000189132,1.0,True,include_default,1.0,True,include_default,True,True,False
NKAPL,ENSG00000189134,0.4047,False,exclude_default,0.4295,False,exclude_default,False,False,False
FSCB,ENSG00000189139,1.0,True,include_default,1.0,True,include_default,True,True,False
ZNF573,ENSG00000189144,0.0658,False,exclude_default,0.2632,False,exclude_default,False,False,False
ZNF527,ENSG00000189164,0.0815,False,exclude_default,0.2467,False,exclude_default,False,False,False
ZAR1L,ENSG00000189167,1.0,True,exclude_default,1.0,True,exclude_default,False,False,False
KRTAP10-12,ENSG00000189169,0.0,False,candidate_only,0.0,False,candidate_only,False,False,False
DRICH1,ENSG00000189269,0.4902,False,exclude_default,0.7037,False,exclude_default,False,False,False
ZKSCAN3,ENSG00000189298,0.0899,False,exclude_default,0.2923,False,exclude_default,False,False,False
FOXR2,ENSG00000189299,1.0,True,include_default,1.0,True,include_default,True,True,False
NEMP2,ENSG00000189362,0.0731,False,exclude_default,0.1346,False,exclude_default,False,False,False
TBC1D28,ENSG00000189375,1.0,True,include_default,1.0,True,include_default,True,True,False
OTUD6A,ENSG00000189401,1.0,True,include_default,1.0,True,include_default,True,True,False
SYCP2,ENSG00000196074,0.4125,False,exclude_default,0.4626,False,exclude_default,False,False,False
ZNF676,ENSG00000196109,0.2727,False,exclude_default,0.3737,False,exclude_default,False,False,False
OR8A1,ENSG00000196119,1.0,True,exclude_default,1.0,True,exclude_default,False,False,False
ZNF681,ENSG00000196172,0.1361,False,exclude_default,0.199,False,exclude_default,False,False,False
OR10J1,ENSG00000196184,1.0,True,candidate_only,1.0,True,candidate_only,False,False,False
LCOR,ENSG00000196233,0.0482,False,exclude_default,0.1405,False,exclude_default,False,False,False
OR2C3,ENSG00000196242,1.0,True,exclude_default,1.0,True,exclude_default,False,False,False
OR8D1,ENSG00000196341,1.0,True,exclude_default,1.0,True,exclude_default,False,False,False
ZNF565,ENSG00000196357,0.1014,False,exclude_default,0.2329,False,exclude_default,False,False,False
INCA1,ENSG00000196388,0.2555,False,exclude_default,0.324,False,exclude_default,False,False,False
ZNF774,ENSG00000196391,0.0169,False,exclude_default,0.1898,False,exclude_default,False,False,False
ZNF765,ENSG00000196417,0.1353,False,exclude_default,0.2674,False,exclude_default,False,False,False
ZNF124,ENSG00000196418,0.0689,False,exclude_default,0.1729,False,exclude_default,False,False,False
NBPF4,ENSG00000196427,0.9706,True,include_default,0.9706,True,include_default,True,True,False
CRYBA4,ENSG00000196431,0.2,False,exclude_default,1.0,False,exclude_default,False,False,False
ZNF569,ENSG00000196437,0.1192,False,exclude_default,0.2315,False,exclude_default,False,False,False
RFX8,ENSG00000196460,0.0357,False,exclude_default,0.0357,False,exclude_default,False,False,False
ZNF799,ENSG00000196466,0.1167,False,exclude_default,0.2969,False,exclude_default,False,False,False
SIAH1,ENSG00000196470,0.1133,False,exclude_default,0.2536,False,exclude_default,False,False,False
GK2,ENSG00000196475,1.0,True,include_default,1.0,True,include_default,True,True,False
GDAP2,ENSG00000196505,0.0731,False,exclude_default,0.2093,False,exclude_default,False,False,False
TPK1,ENSG00000196511,0.0691,False,exclude_default,0.1258,False,exclude_default,False,False,False
FAM72A,ENSG00000196550,0.0958,False,exclude_default,0.1121,False,exclude_default,False,False,False
PFN3,ENSG00000196570,1.0,True,include_default,1.0,True,include_default,True,True,False
OR5AC2,ENSG00000196578,1.0,True,candidate_only,1.0,True,candidate_only,False,False,False
XRCC2,ENSG00000196584,0.1609,False,exclude_default,0.187,False,exclude_default,False,False,False
ZNF782,ENSG00000196597,0.1102,False,exclude_default,0.2728,False,exclude_default,False,False,False
ZNF846,ENSG00000196605,0.0877,False,exclude_default,0.295,False,exclude_default,False,False,False
WNK3,ENSG00000196632,0.3535,False,exclude_default,0.7071,False,exclude_default,False,False,False
IFT70B,ENSG00000196659,0.0963,False,exclude_default,0.3442,False,exclude_default,False,False,False
TRPV1,ENSG00000196689,0.0613,False,exclude_default,0.1946,False,exclude_default,False,False,False
NF1,ENSG00000196712,0.0671,False,exclude_default,0.2036,False,exclude_default,False,False,False
CLPSL2,ENSG00000196748,0.0,False,exclude_default,0.9912,False,exclude_default,False,False,False
OR14A16,ENSG00000196772,1.0,True,exclude_default,1.0,True,exclude_default,False,False,False
OR11G2,ENSG00000196832,1.0,True,candidate_only,1.0,True,candidate_only,False,False,False
POTEI,ENSG00000196834,0.6111,False,exclude_default,1.0,True,include_default,False,True,True
PATE2,ENSG00000196844,0.0,False,exclude_default,1.0,True,include_default,False,True,True
TOMM20L,ENSG00000196860,1.0,False,exclude_default,1.0,False,exclude_default,False,False,False
SPMIP10,ENSG00000196900,1.0,True,include_default,1.0,True,include_default,True,True,False
KPNA5,ENSG00000196911,0.2041,False,exclude_default,0.3354,False,exclude_default,False,False,False
ANKRD36B,ENSG00000196912,0.078,False,exclude_default,0.2255,False,exclude_default,False,False,False
ZNF705A,ENSG00000196946,0.2593,False,exclude_default,0.7778,False,exclude_default,False,False,False
ZNF763,ENSG00000197054,0.0968,False,exclude_default,0.2272,False,exclude_default,False,False,False
KRT35,ENSG00000197079,0.0,False,exclude_default,0.0,False,exclude_default,False,False,False
ZNF679,ENSG00000197123,1.0,True,include_default,1.0,True,include_default,True,True,False
ZNF257,ENSG00000197134,0.2671,False,exclude_default,0.3836,False,exclude_default,False,False,False
ADAM32,ENSG00000197140,0.9734,True,include_default,0.9734,True,include_default,True,True,False
PIWIL2,ENSG00000197181,0.7358,False,exclude_default,0.7466,False,exclude_default,False,False,False
NOL4L,ENSG00000197183,0.1002,False,exclude_default,0.1912,False,exclude_default,False,False,False
ZSCAN5B,ENSG00000197213,1.0,False,exclude_default,1.0,False,exclude_default,False,False,False
ENTPD4,ENSG00000197217,0.0573,False,exclude_default,0.1832,False,exclude_default,False,False,False
OR1J2,ENSG00000197233,1.0,True,exclude_default,1.0,True,exclude_default,False,False,False
RAD54B,ENSG00000197275,0.0949,False,exclude_default,0.3418,False,exclude_default,False,False,False
ZNF165,ENSG00000197279,0.2773,False,exclude_default,0.3942,False,exclude_default,False,False,False
ZNF655,ENSG00000197343,0.0491,False,exclude_default,0.1742,False,exclude_default,False,False,False
ZNF98,ENSG00000197360,0.1954,False,exclude_default,0.3039,False,exclude_default,False,False,False
ZNF675,ENSG00000197372,0.0764,False,exclude_default,0.2062,False,exclude_default,False,False,False
DCHS2,ENSG00000197410,0.0,False,exclude_default,0.0968,False,exclude_default,False,False,False
OR13G1,ENSG00000197437,1.0,True,exclude_default,1.0,True,exclude_default,False,False,False
IFT70A,ENSG00000197557,0.1168,False,exclude_default,0.3456,False,exclude_default,False,False,False
ZNF624,ENSG00000197566,0.2405,False,exclude_default,0.3636,False,exclude_default,False,False,False
KCNMB2,ENSG00000197584,0.108,False,exclude_default,0.6448,False,exclude_default,False,False,False
DMBX1,ENSG00000197587,1.0,True,exclude_default,1.0,True,exclude_default,False,False,False
VN1R5,ENSG00000197617,1.0,True,exclude_default,1.0,True,exclude_default,False,False,False
CCER1,ENSG00000197651,1.0,True,include_default,1.0,True,include_default,True,True,False
DNAH10,ENSG00000197653,0.3654,False,exclude_default,0.9423,False,exclude_default,False,False,False
KRTAP26-1,ENSG00000197683,0.0167,False,candidate_only,0.0167,False,candidate_only,False,False,False
ZNF460,ENSG00000197714,0.115,False,exclude_default,0.155,False,exclude_default,False,False,False
CFAP43,ENSG00000197748,0.1931,False,exclude_default,0.4029,False,exclude_default,False,False,False
STPG3,ENSG00000197768,0.8611,False,exclude_default,0.8611,False,exclude_default,False,False,False
ZNF81,ENSG00000197779,0.0357,False,exclude_default,0.1635,False,exclude_default,False,False,False
FAM118B,ENSG00000197798,0.0666,False,exclude_default,0.1628,False,exclude_default,False,False,False
CFAP299,ENSG00000197826,0.4732,False,exclude_default,0.8096,False,exclude_default,False,False,False
OR8G1,ENSG00000197849,1.0,True,candidate_only,1.0,True,candidate_only,False,False,False
ZNF790,ENSG00000197863,0.0942,False,exclude_default,0.1921,False,exclude_default,False,False,False
MEIG1,ENSG00000197889,0.7739,False,exclude_default,0.9913,True,include_default,False,True,True
ZNF677,ENSG00000197928,0.1972,False,exclude_default,0.3416,False,exclude_default,False,False,False
ZNF311,ENSG00000197935,0.9333,False,exclude_default,0.9333,False,exclude_default,False,False,False
ELOVL2,ENSG00000197977,0.1974,False,exclude_default,0.2215,False,exclude_default,False,False,False
POTEH,ENSG00000198062,0.0,False,exclude_default,1.0,True,include_default,False,True,True
NUP62CL,ENSG00000198088,0.0993,False,exclude_default,0.4208,False,exclude_default,False,False,False
TMPRSS11F,ENSG00000198092,0.0,False,exclude_default,0.165,False,exclude_default,False,False,False
DEFB107B,ENSG00000198129,0.0,False,candidate_only,1.0,True,candidate_only,False,False,False
FAM47C,ENSG00000198173,1.0,True,include_default,1.0,True,include_default,True,True,False
CLEC4C,ENSG00000198178,0.0,False,exclude_default,0.0,False,exclude_default,False,False,False
ZNF607,ENSG00000198182,0.1239,False,exclude_default,0.2741,False,exclude_default,False,False,False
BPIFA1,ENSG00000198183,0.0,False,exclude_default,0.1425,False,exclude_default,False,False,False
ZXDA,ENSG00000198205,0.0539,False,exclude_default,0.2565,False,exclude_default,False,False,False
OR5B21,ENSG00000198283,1.0,True,exclude_default,1.0,True,exclude_default,False,False,False
ZNF485,ENSG00000198298,0.1129,False,exclude_default,0.2588,False,exclude_default,False,False,False
TMEM239,ENSG00000198326,1.0,True,candidate_only,1.0,True,candidate_only,False,False,False
ZNF813,ENSG00000198346,0.1603,False,exclude_default,0.3966,False,exclude_default,False,False,False
ZNF583,ENSG00000198440,0.1417,False,exclude_default,0.2439,False,exclude_default,False,False,False
CCT8L2,ENSG00000198445,1.0,True,include_default,1.0,True,include_default,True,True,False
ZNF568,ENSG00000198453,0.0687,False,exclude_default,0.2047,False,exclude_default,False,False,False
ZNF587,ENSG00000198466,0.0588,False,exclude_default,0.2028,False,exclude_default,False,False,False
RTP2,ENSG00000198471,0.1818,False,exclude_default,0.1818,False,exclude_default,False,False,False
ZNF43,ENSG00000198521,0.0997,False,exclude_default,0.2486,False,exclude_default,False,False,False
WDHD1,ENSG00000198554,0.1332,False,exclude_default,0.168,False,exclude_default,False,False,False
TLK1,ENSG00000198586,0.0815,False,exclude_default,0.2075,False,exclude_default,False,False,False
ABCA4,ENSG00000198691,0.0,False,exclude_default,0.0093,False,exclude_default,False,False,False
GPX6,ENSG00000198704,0.0,False,exclude_default,1.0,True,include_default,False,True,True
SAXO5,ENSG00000198723,0.9406,False,exclude_default,0.9406,False,exclude_default,False,False,False
OXCT2,ENSG00000198754,0.8426,False,exclude_default,0.8485,False,exclude_default,False,False,False
GRIN3A,ENSG00000198785,0.0,False,exclude_default,0.0513,False,exclude_default,False,False,False
FOXJ3,ENSG00000198815,0.0594,False,exclude_default,0.1932,False,exclude_default,False,False,False
ZNF358,ENSG00000198816,0.0393,False,exclude_default,0.1756,False,exclude_default,False,False,False
ARHGAP11A,ENSG00000198826,0.0728,False,exclude_default,0.084,False,exclude_default,False,False,False
CCDC152,ENSG00000198865,0.0336,False,exclude_default,0.0804,False,exclude_default,False,False,False
PNMA5,ENSG00000198883,0.1216,False,exclude_default,0.1216,False,exclude_default,False,False,False
ITPRIPL1,ENSG00000198885,0.4433,False,exclude_default,0.4704,False,exclude_default,False,False,False
DCAF12L1,ENSG00000198889,0.4237,False,exclude_default,0.9492,False,exclude_default,False,False,False
DZIP3,ENSG00000198919,0.0985,False,exclude_default,0.2189,False,exclude_default,False,False,False
CSAG1,ENSG00000198930,0.0811,False,candidate_only,0.0811,False,candidate_only,False,False,False
MFAP3L,ENSG00000198948,0.0991,False,exclude_default,0.2488,False,exclude_default,False,False,False
ZNF525,ENSG00000203326,0.1091,False,exclude_default,0.2604,False,exclude_default,False,False,False
EFCAB2,ENSG00000203666,0.0888,False,exclude_default,0.261,False,exclude_default,False,False,False
SPRN,ENSG00000203772,0.0219,False,exclude_default,0.0649,False,exclude_default,False,False,False
FAM229B,ENSG00000203778,0.2602,False,exclude_default,0.3575,False,exclude_default,False,False,False
FANK1,ENSG00000203780,0.208,False,exclude_default,0.3917,False,exclude_default,False,False,False
LELP1,ENSG00000203784,1.0,True,include_default,1.0,True,include_default,True,True,False
FAM24A,ENSG00000203795,1.0,True,include_default,1.0,True,include_default,True,True,False
C1orf146,ENSG00000203910,0.863,False,exclude_default,0.863,False,exclude_default,False,False,False
CXorf66,ENSG00000203933,1.0,True,include_default,1.0,True,include_default,True,True,False
C10orf62,ENSG00000203942,1.0,True,include_default,1.0,True,include_default,True,True,False
C1orf141,ENSG00000203963,0.543,False,exclude_default,0.8516,False,exclude_default,False,False,False
DEFB110,ENSG00000203970,0.0,False,candidate_only,1.0,True,candidate_only,False,False,False
RHOXF2B,ENSG00000203989,1.0,True,include_default,1.0,True,include_default,True,True,False
ZYG11A,ENSG00000203995,0.4576,False,exclude_default,0.4576,False,exclude_default,False,False,False
C1orf185,ENSG00000204006,1.0,True,include_default,1.0,True,include_default,True,True,False
GLT6D1,ENSG00000204007,1.0,True,include_default,1.0,True,include_default,True,True,False
LIPJ,ENSG00000204022,1.0,True,include_default,1.0,True,include_default,True,True,False
TRPC5OS,ENSG00000204025,1.0,True,include_default,1.0,True,include_default,True,True,False
LRRC73,ENSG00000204052,0.3911,False,exclude_default,0.4385,False,exclude_default,False,False,False
RPA4,ENSG00000204086,1.0,False,exclude_default,1.0,False,exclude_default,False,False,False
CLPSL1,ENSG00000204140,0.0,False,exclude_default,0.7684,False,exclude_default,False,False,False
CXorf65,ENSG00000204165,0.9412,False,exclude_default,0.9412,False,exclude_default,False,False,False
TXNDC8,ENSG00000204193,1.0,True,include_default,1.0,True,include_default,True,True,False
OR13C3,ENSG00000204246,1.0,True,exclude_default,1.0,True,exclude_default,False,False,False
TSBP1,ENSG00000204296,1.0,True,include_default,1.0,True,include_default,True,True,False
TMEM225,ENSG00000204300,1.0,True,include_default,1.0,True,include_default,True,True,False
PJVK,ENSG00000204311,0.2531,False,exclude_default,0.4124,False,exclude_default,False,False,False
ERICH2,ENSG00000204334,0.5635,False,exclude_default,0.6146,False,exclude_default,False,False,False
HSPA1L,ENSG00000204390,0.6997,False,exclude_default,0.7304,False,exclude_default,False,False,False
TRIM49C,ENSG00000204449,1.0,True,candidate_only,1.0,True,candidate_only,False,False,False
PRAMEF19,ENSG00000204480,1.0,True,candidate_only,1.0,True,candidate_only,False,False,False
PRAMEF14,ENSG00000204481,1.0,True,exclude_default,1.0,True,exclude_default,False,False,False
PRAMEF15,ENSG00000204501,1.0,True,candidate_only,1.0,True,candidate_only,False,False,False
PRAMEF9,ENSG00000204505,0.0,False,exclude_default,0.0,False,exclude_default,False,False,False
ZNF805,ENSG00000204524,0.0928,False,exclude_default,0.1821,False,exclude_default,False,False,False
CCHCR1,ENSG00000204536,0.2703,False,exclude_default,0.4208,False,exclude_default,False,False,False
PSORS1C1,ENSG00000204540,0.9413,False,exclude_default,0.9573,False,exclude_default,False,False,False
DEFB121,ENSG00000204548,0.0,False,candidate_only,1.0,True,candidate_only,False,False,False
NMS,ENSG00000204640,1.0,True,candidate_only,1.0,True,candidate_only,False,False,False
CBY3,ENSG00000204659,0.6897,False,exclude_default,0.6897,False,exclude_default,False,False,False
SPATA31J1,ENSG00000204661,,False,exclude_default,,False,exclude_default,False,False,False
C9orf57,ENSG00000204669,1.0,True,include_default,1.0,True,include_default,True,True,False
IL31,ENSG00000204671,1.0,True,exclude_default,1.0,True,exclude_default,False,False,False
OR2H1,ENSG00000204688,1.0,True,include_default,1.0,True,include_default,True,True,False
OR11A1,ENSG00000204694,1.0,True,exclude_default,1.0,True,exclude_default,False,False,False
OR14J1,ENSG00000204695,0.0,False,candidate_only,0.0,False,candidate_only,False,False,False
OR2J2,ENSG00000204700,1.0,True,candidate_only,1.0,True,candidate_only,False,False,False
OR2J3,ENSG00000204701,1.0,True,candidate_only,1.0,True,candidate_only,False,False,False
OR2W1,ENSG00000204704,1.0,True,candidate_only,1.0,True,candidate_only,False,False,False
RANBP17,ENSG00000204764,0.5,False,exclude_default,0.5,False,exclude_default,False,False,False
KRT25,ENSG00000204897,0.0,False,exclude_default,0.0,False,exclude_default,False,False,False
PRR20B,ENSG00000204918,1.0,True,candidate_only,1.0,True,candidate_only,False,False,False
PRR20A,ENSG00000204919,1.0,True,candidate_only,1.0,True,candidate_only,False,False,False
FAM221B,ENSG00000204930,0.8252,False,exclude_default,0.8252,False,exclude_default,False,False,False
ZNF425,ENSG00000204947,0.0658,False,exclude_default,0.25,False,exclude_default,False,False,False
FBXO47,ENSG00000204952,1.0,True,include_default,1.0,True,include_default,True,True,False
PCDHGA1,ENSG00000204956,0.0,False,exclude_default,0.0,False,exclude_default,False,False,False
PCDHA7,ENSG00000204963,0.0,False,exclude_default,0.0,False,exclude_default,False,False,False
PCDHA2,ENSG00000204969,0.0,False,exclude_default,0.0,False,exclude_default,False,False,False
PCDHA1,ENSG00000204970,0.0,False,exclude_default,0.0,False,exclude_default,False,False,False
MS4A13,ENSG00000204979,1.0,True,include_default,1.0,True,include_default,True,True,False
GARIN1A,ENSG00000205085,0.5333,False,exclude_default,0.5773,False,exclude_default,False,False,False
SPATA31F1,ENSG00000205108,1.0,True,include_default,1.0,True,include_default,True,True,False
CDKL4,ENSG00000205111,1.0,True,include_default,1.0,True,include_default,True,True,False
CFAP96,ENSG00000205129,0.128,False,exclude_default,0.2814,False,exclude_default,False,False,False
TRIQK,ENSG00000205133,0.063,False,exclude_default,0.1949,False,exclude_default,False,False,False
C11orf91,ENSG00000205177,0.4129,False,exclude_default,0.4129,False,exclude_default,False,False,False
C4orf46,ENSG00000205208,0.1497,False,exclude_default,0.2408,False,exclude_default,False,False,False
MGAT4D,ENSG00000205301,1.0,True,include_default,1.0,True,include_default,True,True,False
IZUMO3,ENSG00000205442,1.0,True,include_default,1.0,True,include_default,True,True,False
KRTAP10-2,ENSG00000205445,0.0,False,exclude_default,0.0,False,exclude_default,False,False,False
TP53TG3D,ENSG00000205456,0.4533,False,exclude_default,0.8667,False,exclude_default,False,False,False
TP53TG3C,ENSG00000205457,1.0,True,candidate_only,1.0,True,candidate_only,False,False,False
MFSD2B,ENSG00000205639,0.0,False,exclude_default,0.0,False,exclude_default,False,False,False
HTN3,ENSG00000205649,0.0002,False,exclude_default,0.0002,False,exclude_default,False,False,False
ETFRF1,ENSG00000205707,0.0601,False,exclude_default,0.1573,False,exclude_default,False,False,False
MBD3L4,ENSG00000205718,1.0,True,candidate_only,1.0,True,candidate_only,False,False,False
ARRDC5,ENSG00000205784,0.8378,False,exclude_default,0.8378,False,exclude_default,False,False,False
C16orf96,ENSG00000205832,1.0,True,include_default,1.0,True,include_default,True,True,False
GMNC,ENSG00000205835,0.0,False,exclude_default,0.544,False,exclude_default,False,False,False
TTC23L,ENSG00000205838,0.8707,True,include_default,0.9698,True,include_default,True,True,False
C22orf42,ENSG00000205856,0.5284,False,exclude_default,0.5284,False,exclude_default,False,False,False
LRRC72,ENSG00000205858,1.0,True,include_default,1.0,True,include_default,True,True,False
DEFB134,ENSG00000205882,0.0408,False,exclude_default,1.0,True,include_default,False,True,True
DEFB135,ENSG00000205883,0.0,False,candidate_only,1.0,True,candidate_only,False,False,False
DAZ4,ENSG00000205916,0.2965,False,exclude_default,0.2965,False,exclude_default,False,False,False
DAZ2,ENSG00000205944,0.3115,False,exclude_default,0.3115,False,exclude_default,False,False,False
SMIM21,ENSG00000206026,1.0,True,include_default,1.0,True,include_default,True,True,False
C18orf63,ENSG00000206043,1.0,True,include_default,1.0,True,include_default,True,True,False
DOK6,ENSG00000206052,0.0543,False,exclude_default,0.0738,False,exclude_default,False,False,False
KRTAP19-8,ENSG00000206102,1.0,True,candidate_only,1.0,True,candidate_only,False,False,False
CFAP99,ENSG00000206113,0.4659,False,exclude_default,0.7841,False,exclude_default,False,False,False
RNASE13,ENSG00000206150,0.0,False,exclude_default,0.9937,True,include_default,False,True,True
ELOA2,ENSG00000206181,1.0,False,exclude_default,1.0,False,exclude_default,False,False,False
TSSK2,ENSG00000206203,1.0,True,candidate_only,1.0,True,candidate_only,False,False,False
PRR23A,ENSG00000206260,1.0,True,include_default,1.0,True,include_default,True,True,False
CFAP44,ENSG00000206530,0.1019,False,exclude_default,0.33,False,exclude_default,False,False,False
CD200R1L,ENSG00000206531,1.0,True,include_default,1.0,True,include_default,True,True,False
TRIM71,ENSG00000206557,1.0,True,include_default,1.0,True,include_default,True,True,False
TSSK1B,ENSG00000212122,1.0,True,include_default,1.0,True,include_default,True,True,False
PRR22,ENSG00000212123,0.3289,False,exclude_default,0.4311,False,exclude_default,False,False,False
MAP10,ENSG00000212916,0.1341,False,exclude_default,0.2123,False,exclude_default,False,False,False
KRTAP12-4,ENSG00000212933,1.0,True,candidate_only,1.0,True,candidate_only,False,False,False
ZNF611,ENSG00000213020,0.0819,False,exclude_default,0.2879,False,exclude_default,False,False,False
NUP62,ENSG00000213024,0.0866,False,exclude_default,0.2111,False,exclude_default,False,False,False
CRIP1,ENSG00000213145,0.0198,False,exclude_default,0.1991,False,exclude_default,False,False,False
TRIM59,ENSG00000213186,0.0648,False,exclude_default,0.101,False,exclude_default,False,False,False
CCDC183,ENSG00000213213,0.9111,False,exclude_default,0.9467,False,exclude_default,False,False,False
OR2F1,ENSG00000213215,1.0,True,candidate_only,1.0,True,candidate_only,False,False,False
TCL1B,ENSG00000213231,0.3659,False,exclude_default,0.3659,False,exclude_default,False,False,False
TSGA13,ENSG00000213265,1.0,True,include_default,1.0,True,include_default,True,True,False
TTLL13,ENSG00000213471,1.0,True,include_default,1.0,True,include_default,True,True,False
FAM209B,ENSG00000213714,0.8974,True,include_default,0.8974,True,include_default,True,True,False
DDX47,ENSG00000213782,0.0631,False,exclude_default,0.1991,False,exclude_default,False,False,False
ZNF845,ENSG00000213799,0.0861,False,exclude_default,0.2365,False,exclude_default,False,False,False
CCL27,ENSG00000213927,0.0006,False,exclude_default,0.0046,False,exclude_default,False,False,False
IQCJ,ENSG00000214216,1.0,True,exclude_default,1.0,True,exclude_default,False,False,False
C17orf67,ENSG00000214226,0.0824,False,exclude_default,0.3022,False,exclude_default,False,False,False
ANG,ENSG00000214274,0.018,False,exclude_default,0.0649,False,exclude_default,False,False,False
SPDYE3,ENSG00000214300,1.0,True,include_default,1.0,True,include_default,True,True,False
PRR23E,ENSG00000214324,1.0,True,candidate_only,1.0,True,candidate_only,False,False,False
MTCL3,ENSG00000214338,0.0,False,exclude_default,0.0058,False,exclude_default,False,False,False
EFCAB9,ENSG00000214360,1.0,True,include_default,1.0,True,include_default,True,True,False
GNAT3,ENSG00000214415,0.0,False,exclude_default,0.0,False,exclude_default,False,False,False
HIGD1C,ENSG00000214511,1.0,True,candidate_only,1.0,True,candidate_only,False,False,False
IQCF5,ENSG00000214681,1.0,True,include_default,1.0,True,include_default,True,True,False
IQCF6,ENSG00000214686,1.0,True,include_default,1.0,True,include_default,True,True,False
MS4A18,ENSG00000214782,0.0,False,candidate_only,0.0,False,candidate_only,False,False,False
FER1L6,ENSG00000214814,0.0218,False,exclude_default,0.0218,False,exclude_default,False,False,False
CDRT15L2,ENSG00000214819,0.9216,False,exclude_default,0.9216,False,exclude_default,False,False,False
RAD51AP2,ENSG00000214842,1.0,True,include_default,1.0,True,include_default,True,True,False
DCDC2C,ENSG00000214866,0.9375,False,exclude_default,0.9375,False,exclude_default,False,False,False
SPATA31D1,ENSG00000214929,1.0,True,include_default,1.0,True,include_default,True,True,False
TBC1D26,ENSG00000214946,0.6957,False,exclude_default,0.6957,False,exclude_default,False,False,False
ACSM4,ENSG00000215009,1.0,True,exclude_default,1.0,True,exclude_default,False,False,False
ZNG1F,ENSG00000215126,0.033,False,exclude_default,0.0947,False,exclude_default,False,False,False
C16orf90,ENSG00000215131,1.0,True,include_default,1.0,True,include_default,True,True,False
PRSS41,ENSG00000215148,1.0,True,include_default,1.0,True,include_default,True,True,False
GRXCR1,ENSG00000215203,0.0,False,candidate_only,1.0,True,candidate_only,False,False,False
KCNU1,ENSG00000215262,1.0,True,include_default,1.0,True,include_default,True,True,False
RNF212B,ENSG00000215277,0.1489,False,exclude_default,0.1489,False,exclude_default,False,False,False
ZNF705D,ENSG00000215343,0.0,False,exclude_default,1.0,True,include_default,False,True,True
ZNF705B,ENSG00000215356,1.0,True,candidate_only,1.0,True,candidate_only,False,False,False
ZNF705G,ENSG00000215372,1.0,True,candidate_only,1.0,True,candidate_only,False,False,False
ZNF407,ENSG00000215421,0.095,False,exclude_default,0.2355,False,exclude_default,False,False,False
KRTAP10-1,ENSG00000215455,0.0,False,candidate_only,0.0,False,candidate_only,False,False,False
SKOR2,ENSG00000215474,1.0,True,candidate_only,1.0,True,candidate_only,False,False,False
GAB4,ENSG00000215568,1.0,True,include_default,1.0,True,include_default,True,True,False
CYB5RL,ENSG00000215883,0.0398,False,exclude_default,0.1577,False,exclude_default,False,False,False
LACTBL1,ENSG00000215906,0.0,False,candidate_only,0.0,False,candidate_only,False,False,False
C1orf167,ENSG00000215910,1.0,False,exclude_default,1.0,False,exclude_default,False,False,False
CCDC7,ENSG00000216937,0.9464,False,exclude_default,0.9501,False,exclude_default,False,False,False
SYCE3,ENSG00000217442,0.9239,False,exclude_default,0.9279,False,exclude_default,False,False,False
TDRD15,ENSG00000218819,1.0,True,include_default,1.0,True,include_default,True,True,False
PAPOLB,ENSG00000218823,1.0,True,include_default,1.0,True,include_default,True,True,False
CELA3B,ENSG00000219073,0.0003,False,exclude_default,0.0004,False,exclude_default,False,False,False
CATSPERZ,ENSG00000219435,0.9849,True,include_default,0.9849,True,include_default,True,True,False
VAMP2,ENSG00000220205,0.0406,False,exclude_default,0.1381,False,exclude_default,False,False,False
OR6B1,ENSG00000221813,1.0,True,candidate_only,1.0,True,candidate_only,False,False,False
SPATA31H1,ENSG00000221843,0.9,False,exclude_default,0.9,False,exclude_default,False,False,False
OR3A2,ENSG00000221882,1.0,True,include_default,1.0,True,include_default,True,True,False
OR1C1,ENSG00000221888,1.0,True,include_default,1.0,True,include_default,True,True,False
POM121L12,ENSG00000221900,1.0,True,include_default,1.0,True,include_default,True,True,False
OR2F2,ENSG00000221910,1.0,True,candidate_only,1.0,True,candidate_only,False,False,False
TRIM16,ENSG00000221926,0.0556,False,exclude_default,0.2151,False,exclude_default,False,False,False
XKR9,ENSG00000221947,0.3567,False,exclude_default,0.3684,False,exclude_default,False,False,False
OR4E2,ENSG00000221977,1.0,True,candidate_only,1.0,True,candidate_only,False,False,False
PSMB11,ENSG00000222028,0.0,False,exclude_default,0.0,False,exclude_default,False,False,False
POTEM,ENSG00000222036,0.145,False,exclude_default,1.0,True,include_default,False,True,True
EBLN1,ENSG00000223601,1.0,True,include_default,1.0,True,include_default,True,True,False
ZNF735,ENSG00000223614,1.0,True,candidate_only,1.0,True,candidate_only,False,False,False
CERS1,ENSG00000223802,0.0255,False,exclude_default,0.0274,False,exclude_default,False,False,False
CXorf51A,ENSG00000224440,1.0,True,candidate_only,1.0,True,candidate_only,False,False,False
ZNF469,ENSG00000225614,0.3871,False,exclude_default,0.6452,False,exclude_default,False,False,False
OR6V1,ENSG00000225781,1.0,True,exclude_default,1.0,True,exclude_default,False,False,False
FAM229A,ENSG00000225828,0.471,False,exclude_default,0.5564,False,exclude_default,False,False,False
DCAF8L1,ENSG00000226372,1.0,False,exclude_default,1.0,False,exclude_default,False,False,False
RBMY1J,ENSG00000226941,1.0,True,include_default,1.0,True,include_default,True,True,False
ANHX,ENSG00000227059,1.0,True,include_default,1.0,True,include_default,True,True,False
ZNF717,ENSG00000227124,0.0678,False,exclude_default,0.236,False,exclude_default,False,False,False
PRR20D,ENSG00000227151,1.0,True,candidate_only,1.0,True,candidate_only,False,False,False
TEX46,ENSG00000227868,1.0,True,include_default,1.0,True,include_default,True,True,False
BOD1L2,ENSG00000228075,1.0,True,include_default,1.0,True,include_default,True,True,False
VN1R4,ENSG00000228567,1.0,True,candidate_only,1.0,True,candidate_only,False,False,False
RFPL4AL1,ENSG00000229292,1.0,True,candidate_only,1.0,True,candidate_only,False,False,False
PRR20C,ENSG00000229665,1.0,True,candidate_only,1.0,True,candidate_only,False,False,False
ZNF492,ENSG00000229676,0.375,False,exclude_default,0.375,False,exclude_default,False,False,False
GK3,ENSG00000229894,1.0,True,include_default,1.0,True,include_default,True,True,False
PRPS1L1,ENSG00000229937,1.0,True,include_default,1.0,True,include_default,True,True,False
IQCF3,ENSG00000229972,1.0,True,include_default,1.0,True,include_default,True,True,False
POTEB2,ENSG00000230031,1.0,True,candidate_only,1.0,True,candidate_only,False,False,False
OR4F3,ENSG00000230178,1.0,True,candidate_only,1.0,True,candidate_only,False,False,False
SPATA31C1,ENSG00000230246,0.9242,False,exclude_default,1.0,True,include_default,False,True,True
OR5H6,ENSG00000230301,1.0,True,candidate_only,1.0,True,candidate_only,False,False,False
MBD3L2,ENSG00000230522,1.0,True,candidate_only,1.0,True,candidate_only,False,False,False
CFAP97D1,ENSG00000231256,1.0,True,include_default,1.0,True,include_default,True,True,False
PPP1R2B,ENSG00000231989,1.0,True,include_default,1.0,True,include_default,True,True,False
SCAND3,ENSG00000232040,0.5846,False,exclude_default,0.8385,False,exclude_default,False,False,False
TEX50,ENSG00000232113,1.0,True,candidate_only,1.0,True,candidate_only,False,False,False
PRAMEF6,ENSG00000232423,1.0,True,exclude_default,1.0,True,exclude_default,False,False,False
DEFB130A,ENSG00000232948,0.0,False,candidate_only,1.0,True,candidate_only,False,False,False
DEFB130B,ENSG00000233050,0.0,False,candidate_only,1.0,True,candidate_only,False,False,False
OR5H15,ENSG00000233412,1.0,True,candidate_only,1.0,True,candidate_only,False,False,False
BTBD18,ENSG00000233436,1.0,True,include_default,1.0,True,include_default,True,True,False
PRR23C,ENSG00000233701,1.0,True,exclude_default,1.0,True,exclude_default,False,False,False
TRIM49D2,ENSG00000233802,1.0,True,candidate_only,1.0,True,candidate_only,False,False,False
POTEB,ENSG00000233917,1.0,True,candidate_only,1.0,True,candidate_only,False,False,False
C16orf82,ENSG00000234186,1.0,True,include_default,1.0,True,include_default,True,True,False
PRR20E,ENSG00000234278,1.0,True,candidate_only,1.0,True,candidate_only,False,False,False
ZNF879,ENSG00000234284,0.1299,False,exclude_default,0.267,False,exclude_default,False,False,False
CCDC188,ENSG00000234409,0.7384,False,exclude_default,0.7384,False,exclude_default,False,False,False
CLDN34,ENSG00000234469,1.0,True,include_default,1.0,True,include_default,True,True,False
C5orf58,ENSG00000234511,0.8828,False,exclude_default,0.8845,False,exclude_default,False,False,False
FREY1,ENSG00000234776,1.0,True,include_default,1.0,True,include_default,True,True,False
NKX1-1,ENSG00000235608,1.0,True,candidate_only,1.0,True,candidate_only,False,False,False
PATE3,ENSG00000236027,0.0,False,exclude_default,1.0,True,include_default,False,True,True
OR5H14,ENSG00000236032,1.0,True,candidate_only,1.0,True,candidate_only,False,False,False
SLC35G4,ENSG00000236396,1.0,True,candidate_only,1.0,True,candidate_only,False,False,False
GAGE12B,ENSG00000236737,0.9382,False,exclude_default,0.9636,False,exclude_default,False,False,False
CIMIP7,ENSG00000236980,1.0,True,include_default,1.0,True,include_default,True,True,False
C4orf51,ENSG00000237136,1.0,True,include_default,1.0,True,include_default,True,True,False
MBD3L5,ENSG00000237247,1.0,True,exclude_default,1.0,True,exclude_default,False,False,False
MEIOSIN,ENSG00000237452,1.0,True,include_default,1.0,True,include_default,True,True,False
OR7E24,ENSG00000237521,1.0,True,include_default,1.0,True,include_default,True,True,False
TEX51,ENSG00000237524,1.0,True,include_default,1.0,True,include_default,True,True,False
LRRC37A2,ENSG00000238083,1.0,True,include_default,1.0,True,include_default,True,True,False
MPC1L,ENSG00000238205,1.0,True,candidate_only,1.0,True,candidate_only,False,False,False
RBM14,ENSG00000239306,0.076,False,exclude_default,0.2176,False,exclude_default,False,False,False
ASB14,ENSG00000239388,0.0,False,exclude_default,0.0,False,exclude_default,False,False,False
OR1J4,ENSG00000239590,1.0,True,exclude_default,1.0,True,exclude_default,False,False,False
STPG4,ENSG00000239605,1.0,True,include_default,1.0,True,include_default,True,True,False
PRR20G,ENSG00000239620,1.0,True,include_default,1.0,True,include_default,True,True,False
CDRT4,ENSG00000239704,0.0726,False,exclude_default,0.2627,False,exclude_default,False,False,False
MRPS17,ENSG00000239789,0.0491,False,exclude_default,0.1591,False,exclude_default,False,False,False
PRAMEF11,ENSG00000239810,1.0,True,exclude_default,1.0,True,exclude_default,False,False,False
C1orf226,ENSG00000239887,0.0262,False,exclude_default,0.1377,False,exclude_default,False,False,False
SMKR1,ENSG00000240204,0.7205,False,exclude_default,0.755,False,exclude_default,False,False,False
ACAD11,ENSG00000240303,0.0514,False,exclude_default,0.1415,False,exclude_default,False,False,False
FOXO3B,ENSG00000240445,0.2575,False,exclude_default,0.4731,False,exclude_default,False,False,False
L1TD1,ENSG00000240563,0.6379,False,exclude_default,0.6379,False,exclude_default,False,False,False
ISY1,ENSG00000240682,0.0631,False,exclude_default,0.1947,False,exclude_default,False,False,False
LRRD1,ENSG00000240720,1.0,True,include_default,1.0,True,include_default,True,True,False
KRBOX1,ENSG00000240747,0.6659,False,exclude_default,0.7597,False,exclude_default,False,False,False
KRTAP5-8,ENSG00000241233,0.0348,False,exclude_default,0.0348,False,exclude_default,False,False,False
CRCP,ENSG00000241258,0.0468,False,exclude_default,0.1758,False,exclude_default,False,False,False
TCP10L,ENSG00000242220,0.8432,False,exclude_default,0.8565,False,exclude_default,False,False,False
GTF2A1L,ENSG00000242441,0.7185,False,exclude_default,0.8222,False,exclude_default,False,False,False
CCDC169,ENSG00000242715,0.8954,False,exclude_default,0.9271,False,exclude_default,False,False,False
ZNF709,ENSG00000242852,0.4695,False,exclude_default,0.5732,False,exclude_default,False,False,False
PRAMEF4,ENSG00000243073,1.0,True,exclude_default,1.0,True,exclude_default,False,False,False
WFDC6,ENSG00000243543,0.1364,False,exclude_default,0.9988,True,include_default,False,True,True
DNAAF10,ENSG00000243667,0.057,False,exclude_default,0.2357,False,exclude_default,False,False,False
CFAP57,ENSG00000243710,0.2474,False,exclude_default,0.654,False,exclude_default,False,False,False
OR5V1,ENSG00000243729,1.0,True,candidate_only,1.0,True,candidate_only,False,False,False
RTL9,ENSG00000243978,0.9571,True,include_default,0.9571,True,include_default,True,True,False
LCE3C,ENSG00000244057,0.0,False,exclude_default,0.0,False,exclude_default,False,False,False
TMEM225B,ENSG00000244219,0.7769,False,candidate_only,0.8242,False,candidate_only,False,False,False
GMCL2,ENSG00000244234,1.0,False,exclude_default,1.0,False,exclude_default,False,False,False
KRTAP20-1,ENSG00000244624,1.0,True,candidate_only,1.0,True,candidate_only,False,False,False
UBE2V1,ENSG00000244687,0.0522,False,exclude_default,0.1721,False,exclude_default,False,False,False
PGAM5,ENSG00000247077,0.0478,False,exclude_default,0.1474,False,exclude_default,False,False,False
USP51,ENSG00000247746,0.0688,False,exclude_default,0.691,False,exclude_default,False,False,False
BCKDHA,ENSG00000248098,0.041,False,exclude_default,0.133,False,exclude_default,False,False,False
INSL3,ENSG00000248099,0.9763,True,include_default,0.9763,True,include_default,True,True,False
PCDHAC1,ENSG00000248383,0.0,False,exclude_default,0.0,False,exclude_default,False,False,False
POU5F2,ENSG00000248483,1.0,False,exclude_default,1.0,False,exclude_default,False,False,False
FMN1,ENSG00000248905,0.1235,False,exclude_default,0.2256,False,exclude_default,False,False,False
EPPIN-WFDC6,ENSG00000249139,0.4541,False,candidate_only,1.0,True,candidate_only,False,False,False
ZNF324B,ENSG00000249471,0.0646,False,exclude_default,0.2267,False,exclude_default,False,False,False
SPATS1,ENSG00000249481,0.6476,False,exclude_default,1.0,True,include_default,False,True,True
CLRN2,ENSG00000249581,1.0,True,candidate_only,1.0,True,candidate_only,False,False,False
SPMAP2L,ENSG00000249693,1.0,True,include_default,1.0,True,include_default,True,True,False
ZNF564,ENSG00000249709,0.0543,False,exclude_default,0.2196,False,exclude_default,False,False,False
RNF103-CHMP3,ENSG00000249884,0.0217,False,candidate_only,0.0217,False,candidate_only,False,False,False
TERB1,ENSG00000249961,0.9655,False,exclude_default,0.9655,False,exclude_default,False,False,False
PCDHA10,ENSG00000250120,0.0144,False,exclude_default,0.0913,False,exclude_default,False,False,False
ZNF718,ENSG00000250312,0.0772,False,exclude_default,0.2441,False,exclude_default,False,False,False
KIAA1210,ENSG00000250423,0.3117,False,exclude_default,0.997,True,include_default,False,True,True
ATP6V1E2,ENSG00000250565,0.3546,False,exclude_default,0.4759,False,exclude_default,False,False,False
CCDC169-SOHLH2,ENSG00000250709,1.0,True,candidate_only,1.0,True,candidate_only,False,False,False
ZNF475,ENSG00000250803,0.9898,True,candidate_only,1.0,True,candidate_only,False,False,False
FOXD1,ENSG00000251493,0.2087,False,exclude_default,0.2087,False,exclude_default,False,False,False
CENPS-CORT,ENSG00000251503,0.519,False,candidate_only,0.519,False,candidate_only,False,False,False
NACA2,ENSG00000253506,0.9905,True,include_default,0.9921,True,include_default,True,True,False
PCDHGB2,ENSG00000253910,0.0547,False,exclude_default,0.2388,False,exclude_default,False,False,False
PCDHGB1,ENSG00000254221,0.0,False,exclude_default,0.0064,False,exclude_default,False,False,False
PABPC4L,ENSG00000254535,0.3721,False,exclude_default,0.7076,False,exclude_default,False,False,False
MEX3A,ENSG00000254726,0.5109,False,exclude_default,0.8587,False,exclude_default,False,False,False
EID3,ENSG00000255150,0.4565,False,exclude_default,0.5656,False,exclude_default,False,False,False
CCDC166,ENSG00000255181,1.0,True,include_default,1.0,True,include_default,True,True,False
OR5M11,ENSG00000255223,1.0,True,exclude_default,1.0,True,exclude_default,False,False,False
PRR23D1,ENSG00000255251,0.0044,False,candidate_only,1.0,True,candidate_only,False,False,False
OR8G5,ENSG00000255298,1.0,True,candidate_only,1.0,True,candidate_only,False,False,False
NOX5,ENSG00000255346,0.0,False,exclude_default,0.0,False,exclude_default,False,False,False
CCDC179,ENSG00000255359,1.0,True,include_default,1.0,True,include_default,True,True,False
PRR23D2,ENSG00000255378,1.0,True,candidate_only,1.0,True,candidate_only,False,False,False
PCDHA3,ENSG00000255408,0.0357,False,exclude_default,0.1429,False,exclude_default,False,False,False
POLR2M,ENSG00000255529,0.0595,False,exclude_default,0.2249,False,exclude_default,False,False,False
DNAAF4,ENSG00000256061,0.0871,False,exclude_default,0.3144,False,exclude_default,False,False,False
ZNF10,ENSG00000256223,0.085,False,exclude_default,0.2867,False,exclude_default,False,False,False
ZNF225,ENSG00000256294,0.1558,False,exclude_default,0.2853,False,exclude_default,False,False,False
DND1,ENSG00000256453,0.806,False,exclude_default,0.806,False,exclude_default,False,False,False
CLEC12B,ENSG00000256660,0.5941,False,exclude_default,0.5941,False,exclude_default,False,False,False
KHDC1L,ENSG00000256980,0.3333,False,exclude_default,0.3333,False,exclude_default,False,False,False
GATC,ENSG00000257218,0.0442,False,exclude_default,0.1588,False,exclude_default,False,False,False
SPMIP11,ENSG00000257987,0.9948,True,include_default,0.9948,True,include_default,True,True,False
PRSS58,ENSG00000258223,1.0,True,include_default,1.0,True,include_default,True,True,False
CHURC1,ENSG00000258289,0.0596,False,exclude_default,0.1875,False,exclude_default,False,False,False
RTEL1,ENSG00000258366,0.0731,False,exclude_default,0.2434,False,exclude_default,False,False,False
ZNF578,ENSG00000258405,0.5472,False,exclude_default,0.6792,False,exclude_default,False,False,False
SERPINA2,ENSG00000258597,0.0,False,candidate_only,1.0,True,candidate_only,False,False,False
ENSG00000259060,ENSG00000259060,0.0,False,exclude_default,1.0,True,include_default,False,True,True
SLC35G6,ENSG00000259224,1.0,True,include_default,1.0,True,include_default,True,True,False
ENSG00000259316,ENSG00000259316,,False,exclude_default,,False,exclude_default,False,False,False
ARMH2,ENSG00000260286,1.0,True,include_default,1.0,True,include_default,True,True,False
TBC1D3G,ENSG00000260287,0.8328,False,candidate_only,0.8635,False,candidate_only,False,False,False
C16orf95,ENSG00000260456,0.659,False,exclude_default,0.6638,False,exclude_default,False,False,False
DUX4,ENSG00000260596,1.0,True,candidate_only,1.0,True,candidate_only,False,False,False
TP53TG3B,ENSG00000261509,0.0,False,exclude_default,1.0,True,include_default,False,True,True
CORO7,ENSG00000262246,0.0585,False,exclude_default,0.158,False,exclude_default,False,False,False
PCDHGA4,ENSG00000262576,0.0263,False,exclude_default,0.1053,False,exclude_default,False,False,False
C19orf84,ENSG00000262874,1.0,False,exclude_default,1.0,False,exclude_default,False,False,False
NDUFA7,ENSG00000267855,0.0233,False,exclude_default,0.1021,False,exclude_default,False,False,False
ARL14EPL,ENSG00000268223,1.0,True,candidate_only,1.0,True,candidate_only,False,False,False
HSFX2,ENSG00000268738,0.7097,False,exclude_default,0.729,False,exclude_default,False,False,False
CSAG2,ENSG00000268902,1.0,True,exclude_default,1.0,True,exclude_default,False,False,False
CSAG3,ENSG00000268916,0.6512,False,exclude_default,0.6512,False,exclude_default,False,False,False
FAM236B,ENSG00000268994,0.9958,True,candidate_only,0.9958,True,candidate_only,False,False,False
NXF2,ENSG00000269405,0.36,False,exclude_default,0.912,False,exclude_default,False,False,False
NXF2B,ENSG00000269437,0.2796,False,exclude_default,0.9336,False,exclude_default,False,False,False
DMRTC1,ENSG00000269502,0.1852,False,exclude_default,0.2346,False,exclude_default,False,False,False
HEATR9,ENSG00000270379,1.0,True,include_default,1.0,True,include_default,True,True,False
PRAMEF5,ENSG00000270601,1.0,True,candidate_only,1.0,True,candidate_only,False,False,False
KRTAP10-7,ENSG00000272804,0.0,False,candidate_only,0.0,False,candidate_only,False,False,False
RBAK-RBAKDN,ENSG00000272968,1.0,True,candidate_only,1.0,True,candidate_only,False,False,False
LYPD4,ENSG00000273111,1.0,True,include_default,1.0,True,include_default,True,True,False
GOLGA6L1,ENSG00000273976,1.0,True,include_default,1.0,True,include_default,True,True,False
OR4M2,ENSG00000274102,1.0,True,exclude_default,1.0,True,exclude_default,False,False,False
H2AB1,ENSG00000274183,1.0,True,include_default,1.0,True,include_default,True,True,False
TBC1D3D,ENSG00000274419,0.1151,False,candidate_only,0.2317,False,candidate_only,False,False,False
RIMBP3B,ENSG00000274600,1.0,True,candidate_only,1.0,True,candidate_only,False,False,False
PRAMEF27,ENSG00000274764,1.0,True,candidate_only,1.0,True,candidate_only,False,False,False
TBC1D3I,ENSG00000274933,1.0,True,candidate_only,1.0,True,candidate_only,False,False,False
ZNF280B,ENSG00000275004,0.5143,False,exclude_default,0.5143,False,exclude_default,False,False,False
ZNF2,ENSG00000275111,0.0908,False,exclude_default,0.2606,False,exclude_default,False,False,False
SPMAP1,ENSG00000275489,1.0,True,include_default,1.0,True,include_default,True,True,False
FAM236A,ENSG00000275520,0.9894,True,candidate_only,0.9894,True,candidate_only,False,False,False
LYZL6,ENSG00000275722,0.9978,True,include_default,0.9978,True,include_default,True,True,False
TBC1D3F,ENSG00000275954,1.0,True,candidate_only,1.0,True,candidate_only,False,False,False
TADA2A,ENSG00000276234,0.0764,False,exclude_default,0.2021,False,exclude_default,False,False,False
OR4E1,ENSG00000276240,1.0,True,candidate_only,1.0,True,candidate_only,False,False,False
ZNF670,ENSG00000277462,0.1111,False,exclude_default,0.2444,False,exclude_default,False,False,False
H2AB3,ENSG00000277745,0.9866,True,candidate_only,0.9866,True,candidate_only,False,False,False
GOLGA6L22,ENSG00000277865,1.0,True,candidate_only,1.0,True,candidate_only,False,False,False
TEX28,ENSG00000278057,1.0,True,candidate_only,1.0,True,candidate_only,False,False,False
CT45A6,ENSG00000278289,0.0,False,exclude_default,0.0,False,exclude_default,False,False,False
ZNF229,ENSG00000278318,0.1028,False,exclude_default,0.1963,False,exclude_default,False,False,False
POTEB3,ENSG00000278522,1.0,True,candidate_only,1.0,True,candidate_only,False,False,False
IQCA1L,ENSG00000278685,1.0,True,candidate_only,1.0,True,candidate_only,False,False,False
PRAMEF13,ENSG00000279169,1.0,True,candidate_only,1.0,True,candidate_only,False,False,False
ENSG00000283599,ENSG00000283599,1.0,True,include_default,1.0,True,include_default,True,True,False
OR8B3,ENSG00000284609,1.0,True,candidate_only,1.0,True,candidate_only,False,False,False
OR8B2,ENSG00000284680,1.0,True,include_default,1.0,True,include_default,True,True,False
TMEM247,ENSG00000284701,1.0,True,candidate_only,1.0,True,candidate_only,False,False,False
OR8S1,ENSG00000284723,1.0,True,candidate_only,1.0,True,candidate_only,False,False,False
TBCE,ENSG00000284770,0.0584,False,exclude_default,0.139,False,exclude_default,False,False,False
ARHGAP11B,ENSG00000285077,0.0,False,exclude_default,0.0,False,exclude_default,False,False,False
MSL3B,ENSG00000293137,,False,exclude_default,,False,exclude_default,False,False,False
H2BW2,ENSG00000101812,0.7097,False,candidate_only,0.7097,False,candidate_only,False,False,False
PPP1R2C,ENSG00000102055,1.0,True,candidate_only,1.0,True,candidate_only,False,False,False
TBX22,ENSG00000122145,0.7313,False,candidate_only,0.7313,False,candidate_only,False,False,False
CIMIP1,ENSG00000124237,0.1337,False,candidate_only,0.9472,False,candidate_only,False,False,False
CCNB3,ENSG00000147082,0.47,False,exclude_default,0.83,False,exclude_default,False,False,False
NXF3,ENSG00000147206,0.5282,False,candidate_only,0.8574,False,candidate_only,False,False,False
GOLGA8F,ENSG00000153684,1.0,True,candidate_only,1.0,True,candidate_only,False,False,False
SLC35G3,ENSG00000164729,1.0,True,candidate_only,1.0,True,candidate_only,False,False,False
VWA3B,ENSG00000168658,0.4804,False,candidate_only,0.8296,False,candidate_only,False,False,False
WFIKKN2,ENSG00000173714,0.1108,False,candidate_only,0.1109,False,candidate_only,False,False,False
CCDC197,ENSG00000175699,1.0,True,candidate_only,1.0,True,candidate_only,False,False,False
OR4M2B,ENSG00000182974,1.0,True,candidate_only,1.0,True,candidate_only,False,False,False
OR10D3,ENSG00000197309,1.0,True,candidate_only,1.0,True,candidate_only,False,False,False
PNMA6E,ENSG00000214897,0.8478,False,candidate_only,1.0,True,candidate_only,False,False,False
CENPVL1,ENSG00000223591,0.0169,False,exclude_default,0.0169,False,exclude_default,False,False,False
ETDB,ENSG00000224107,1.0,True,candidate_only,1.0,True,candidate_only,False,False,False
SMIM10L2B-AS1,ENSG00000228372,,False,candidate_only,,False,candidate_only,False,False,False
TEX53,ENSG00000230054,1.0,True,candidate_only,1.0,True,candidate_only,False,False,False
SSU72L6,ENSG00000230268,1.0,True,candidate_only,1.0,True,candidate_only,False,False,False
IQCM,ENSG00000234828,1.0,True,candidate_only,1.0,True,candidate_only,False,False,False
OR14A2,ENSG00000241128,1.0,True,candidate_only,1.0,True,candidate_only,False,False,False
FOXL3,ENSG00000248767,1.0,True,candidate_only,1.0,True,candidate_only,False,False,False
P3R3URF,ENSG00000250719,1.0,True,candidate_only,1.0,True,candidate_only,False,False,False
TLE7,ENSG00000260734,1.0,True,candidate_only,1.0,True,candidate_only,False,False,False
SMIM47,ENSG00000261341,0.9579,False,candidate_only,0.9647,False,candidate_only,False,False,False
GOLGA8S,ENSG00000261739,1.0,True,candidate_only,1.0,True,candidate_only,False,False,False
SMIM36,ENSG00000261873,0.1518,False,candidate_only,0.1518,False,candidate_only,False,False,False
IGBP1C,ENSG00000266826,1.0,True,candidate_only,1.0,True,candidate_only,False,False,False
NFILZ,ENSG00000268480,1.0,True,candidate_only,1.0,True,candidate_only,False,False,False
RBAKDN,ENSG00000273313,,False,candidate_only,,False,candidate_only,False,False,False
ANTXRL,ENSG00000274209,1.0,True,candidate_only,1.0,True,candidate_only,False,False,False
PADI6,ENSG00000276747,1.0,True,candidate_only,1.0,True,candidate_only,False,False,False
GSTT4,ENSG00000276950,1.0,True,candidate_only,1.0,True,candidate_only,False,False,False
CT47C1,ENSG00000277535,1.0,True,candidate_only,1.0,True,candidate_only,False,False,False
OR4N4C,ENSG00000279408,1.0,True,candidate_only,1.0,True,candidate_only,False,False,False
TEX13D,ENSG00000282419,1.0,True,candidate_only,1.0,True,candidate_only,False,False,False
CENPVL2,ENSG00000283093,0.0,False,exclude_default,0.0,False,exclude_default,False,False,False
ENSG00000283205,ENSG00000283205,1.0,True,candidate_only,1.0,True,candidate_only,False,False,False
TEX54,ENSG00000283268,0.9879,True,candidate_only,0.9879,True,candidate_only,False,False,False
CSNK2A2IP,ENSG00000283434,1.0,True,candidate_only,1.0,True,candidate_only,False,False,False
SPEM3,ENSG00000283439,1.0,True,candidate_only,1.0,True,candidate_only,False,False,False
HSFX4,ENSG00000283463,0.8889,False,candidate_only,0.8889,False,candidate_only,False,False,False
LITAFD,ENSG00000283516,1.0,True,candidate_only,1.0,True,candidate_only,False,False,False
FAM236C,ENSG00000283594,1.0,True,candidate_only,1.0,True,candidate_only,False,False,False
HSFX3,ENSG00000283697,0.9848,True,candidate_only,0.9848,True,candidate_only,False,False,False
PMIS2,ENSG00000283758,1.0,True,candidate_only,1.0,True,candidate_only,False,False,False
C1orf202,ENSG00000284188,1.0,True,candidate_only,1.0,True,candidate_only,False,False,False
