Symbol,Ensembl_Gene_ID,source_version,rna_observed,protein_reliability,rna_threshold,max_outside_core_tissue,max_outside_core_ntpm,max_somatic_tissue,max_somatic_ntpm,core_deflated_frac,core_hpa_pass,extended_deflated_frac,extended_hpa_pass,permissive_deflated_frac,permissive_hpa_pass,extended_gain
NUTM1,ENSG00000184507,HPA v23,True,Enhanced,0.8,duodenum,0.2,duodenum,0.2,1.0,True,1.0,True,1.0,True,False
CAGE1,ENSG00000164304,HPA v23,True,no data,0.97,bone marrow,0.2,bone marrow,0.2,1.0,True,1.0,True,1.0,True,False
PAGE1,ENSG00000068985,HPA v23,True,Enhanced,0.8,epididymis,0.1,adipose tissue,0.0,1.0,True,1.0,True,1.0,True,False
PAGE2,ENSG00000234068,HPA v23,True,Supported,0.9,skin,0.5,skin,0.5,1.0,True,1.0,True,1.0,True,False
PAGE2B,ENSG00000238269,HPA v23,True,Supported,0.9,bone marrow,4.0,bone marrow,4.0,0.9474,True,0.9474,True,0.9474,True,False
PAGE3,ENSG00000204279,HPA v23,True,no data,0.97,adipose tissue,0.0,adipose tissue,0.0,1.0,True,1.0,True,1.0,True,False
PAGE5,ENSG00000158639,HPA v23,True,Supported,0.9,liver,1.0,liver,1.0,1.0,True,1.0,True,1.0,True,False
XAGE1A,ENSG00000204379,HPA v23,True,no data,0.97,adipose tissue,0.1,adipose tissue,0.1,1.0,True,1.0,True,1.0,True,False
XAGE1B,ENSG00000204382,HPA v23,True,no data,0.97,liver,1.5,liver,1.5,0.9867,True,0.9867,True,0.9867,True,False
XAGE3,ENSG00000171402,HPA v23,True,Supported,0.9,adipose tissue,3.0,adipose tissue,3.0,0.9922,True,0.9922,True,0.9922,True,False
XAGE5,ENSG00000171405,HPA v23,True,no data,0.97,adipose tissue,0.0,adipose tissue,0.0,1.0,True,1.0,True,1.0,True,False
GAGE2A,ENSG00000189064,HPA v23,True,Supported,0.9,retina,0.8,retina,0.8,1.0,True,1.0,True,1.0,True,False
GAGE12H,ENSG00000224902,HPA v23,True,Supported,0.9,adipose tissue,0.0,adipose tissue,0.0,1.0,True,1.0,True,1.0,True,False
GAGE12J,ENSG00000224659,HPA v23,True,Supported,0.9,retina,2.2,retina,2.2,0.9471,True,0.9471,True,0.9471,True,False
GAGE12E,ENSG00000216649,HPA v23,True,Supported,0.9,adipose tissue,0.0,adipose tissue,0.0,1.0,True,1.0,True,1.0,True,False
GAGE13,ENSG00000274274,HPA v23,True,Supported,0.9,retina,1.4,retina,1.4,0.9925,True,0.9925,True,0.9925,True,False
MAGEA1,ENSG00000198681,HPA v23,True,Enhanced,0.8,adipose tissue,0.0,adipose tissue,0.0,1.0,True,1.0,True,1.0,True,False
MAGEA2,ENSG00000268606,HPA v23,True,no data,0.97,adipose tissue,0.0,adipose tissue,0.0,1.0,True,1.0,True,1.0,True,False
MAGEA4,ENSG00000147381,HPA v23,True,Enhanced,0.8,lymph node,0.6,lymph node,0.6,1.0,True,1.0,True,1.0,True,False
MAGEA6,ENSG00000197172,HPA v23,True,no data,0.97,endometrium,0.3,adipose tissue,0.2,1.0,True,1.0,True,1.0,True,False
MAGEA3,ENSG00000221867,HPA v23,True,no data,0.97,adipose tissue,0.2,adipose tissue,0.2,1.0,True,1.0,True,1.0,True,False
MAGEA9,ENSG00000123584,HPA v23,True,no data,0.97,adipose tissue,0.0,adipose tissue,0.0,1.0,True,1.0,True,1.0,True,False
MAGEA9B,ENSG00000267978,HPA v23,True,no data,0.97,adipose tissue,0.2,adipose tissue,0.2,1.0,True,1.0,True,1.0,True,False
MAGEA10,ENSG00000124260,HPA v23,True,Approved,0.95,skin,0.4,skin,0.4,1.0,True,1.0,True,1.0,True,False
MAGEA11,ENSG00000185247,HPA v23,True,no data,0.97,epididymis,20.5,choroid plexus,0.1,0.1447,False,1.0,True,1.0,True,True
MAGEB1,ENSG00000214107,HPA v23,True,Enhanced,0.8,epididymis,0.5,adipose tissue,0.0,1.0,True,1.0,True,1.0,True,False
MAGEB2,ENSG00000099399,HPA v23,True,Enhanced,0.8,lung,0.1,lung,0.1,1.0,True,1.0,True,1.0,True,False
MAGEB3,ENSG00000198798,HPA v23,True,Approved,0.95,epididymis,17.3,adipose tissue,0.0,0.1931,False,1.0,True,1.0,True,True
MAGEB5,ENSG00000188408,HPA v23,True,no data,0.97,adipose tissue,0.0,adipose tissue,0.0,1.0,True,1.0,True,1.0,True,False
MAGEB6B,ENSG00000232030,HPA v23,True,no data,0.97,adipose tissue,0.0,adipose tissue,0.0,1.0,True,1.0,True,1.0,True,False
MAGEB16,ENSG00000189023,HPA v23,True,no data,0.97,adipose tissue,0.0,adipose tissue,0.0,1.0,True,1.0,True,1.0,True,False
MAGEB18,ENSG00000176774,HPA v23,True,Enhanced,0.8,adipose tissue,0.0,adipose tissue,0.0,1.0,True,1.0,True,1.0,True,False
MAGEC1,ENSG00000155495,HPA v23,True,Enhanced,0.8,spleen,0.1,spleen,0.1,1.0,True,1.0,True,1.0,True,False
MAGEC2,ENSG00000046774,HPA v23,True,Enhanced,0.8,adipose tissue,0.0,adipose tissue,0.0,1.0,True,1.0,True,1.0,True,False
DAZ1,ENSG00000188120,HPA v23,True,Supported,0.9,stomach,0.2,stomach,0.2,1.0,True,1.0,True,1.0,True,False
DAZ3,ENSG00000187191,HPA v23,True,Approved,0.95,stomach,0.6,stomach,0.6,1.0,True,1.0,True,1.0,True,False
DAZL,ENSG00000092345,HPA v23,True,Enhanced,0.8,tonsil,0.9,tonsil,0.9,1.0,True,1.0,True,1.0,True,False
BSPH1,ENSG00000188334,HPA v23,True,Enhanced,0.8,epididymis,373.6,retina,7.3,0.0,False,0.9834,True,0.9834,True,True
SPAG11A,ENSG00000178287,HPA v23,True,Supported,0.9,epididymis,4639.4,esophagus,0.1,0.0,False,1.0,True,1.0,True,True
SPANXA1,ENSG00000198021,HPA v23,True,Supported,0.9,adipose tissue,0.0,adipose tissue,0.0,1.0,True,1.0,True,1.0,True,False
SPANXA2,ENSG00000203926,HPA v23,True,Supported,0.9,adipose tissue,0.0,adipose tissue,0.0,1.0,True,1.0,True,1.0,True,False
SPANXB1,ENSG00000227234,HPA v23,True,Supported,0.9,tongue,1.0,tongue,1.0,1.0,True,1.0,True,1.0,True,False
SPANXC,ENSG00000198573,HPA v23,True,Supported,0.9,adipose tissue,0.0,adipose tissue,0.0,1.0,True,1.0,True,1.0,True,False
SPANXD,ENSG00000196406,HPA v23,True,Supported,0.9,adipose tissue,0.0,adipose tissue,0.0,1.0,True,1.0,True,1.0,True,False
SPANXN1,ENSG00000203923,HPA v23,True,no data,0.97,adipose tissue,0.0,adipose tissue,0.0,1.0,True,1.0,True,1.0,True,False
SPANXN2,ENSG00000268988,HPA v23,True,no data,0.97,adipose tissue,0.0,adipose tissue,0.0,1.0,True,1.0,True,1.0,True,False
SPANXN3,ENSG00000189252,HPA v23,True,no data,0.97,duodenum,0.8,duodenum,0.8,1.0,True,1.0,True,1.0,True,False
SPANXN4,ENSG00000189326,HPA v23,True,no data,0.97,adipose tissue,0.0,adipose tissue,0.0,1.0,True,1.0,True,1.0,True,False
SPANXN5,ENSG00000204363,HPA v23,True,no data,0.97,adipose tissue,0.0,adipose tissue,0.0,1.0,True,1.0,True,1.0,True,False
ODF1,ENSG00000155087,HPA v23,True,Approved,0.95,basal ganglia,0.7,basal ganglia,0.7,1.0,True,1.0,True,1.0,True,False
ODF3,ENSG00000177947,HPA v23,True,Enhanced,0.8,retina,0.4,retina,0.4,1.0,True,1.0,True,1.0,True,False
ODF4,ENSG00000184650,HPA v23,True,Enhanced,0.8,adipose tissue,0.0,adipose tissue,0.0,1.0,True,1.0,True,1.0,True,False
ROPN1B,ENSG00000114547,HPA v23,True,Supported,0.9,breast,36.8,salivary gland,14.1,0.7124,False,0.7832,False,0.9062,True,False
SPAM1,ENSG00000106304,HPA v23,True,Enhanced,0.8,duodenum,0.4,duodenum,0.4,1.0,True,1.0,True,1.0,True,False
SPATA4,ENSG00000150628,HPA v23,True,Enhanced,0.8,fallopian tube,8.4,kidney,2.2,0.9057,True,0.9724,True,0.9724,True,False
SPATA12,ENSG00000186451,HPA v23,True,Enhanced,0.8,adrenal gland,0.3,adrenal gland,0.3,1.0,True,1.0,True,1.0,True,False
SPATA16,ENSG00000144962,HPA v23,True,Enhanced,0.8,adipose tissue,0.0,adipose tissue,0.0,1.0,True,1.0,True,1.0,True,False
SPATA19,ENSG00000166118,HPA v23,True,Enhanced,0.8,choroid plexus,0.2,choroid plexus,0.2,1.0,True,1.0,True,1.0,True,False
SPATA22,ENSG00000141255,HPA v23,True,no data,0.97,parathyroid gland,2.7,parathyroid gland,2.7,0.9921,True,0.9921,True,0.9921,True,False
SPATA31E1,ENSG00000177992,HPA v23,True,Enhanced,0.8,adipose tissue,0.0,adipose tissue,0.0,1.0,True,1.0,True,1.0,True,False
SPATA31A1,ENSG00000204849,HPA v23,True,no data,0.97,adipose tissue,0.0,adipose tissue,0.0,1.0,True,1.0,True,1.0,True,False
SPATA31A3,ENSG00000275969,HPA v23,True,no data,0.97,adipose tissue,0.0,adipose tissue,0.0,1.0,True,1.0,True,1.0,True,False
SPATA31A5,ENSG00000276581,HPA v23,True,no data,0.97,adipose tissue,0.0,adipose tissue,0.0,1.0,True,1.0,True,1.0,True,False
SPATA31A6,ENSG00000185775,HPA v23,True,no data,0.97,adipose tissue,0.0,adipose tissue,0.0,1.0,True,1.0,True,1.0,True,False
SPATA31A7,ENSG00000276040,HPA v23,True,no data,0.97,adipose tissue,0.0,adipose tissue,0.0,1.0,True,1.0,True,1.0,True,False
SPATA31D3,ENSG00000186788,HPA v23,True,no data,0.97,adipose tissue,0.0,adipose tissue,0.0,1.0,True,1.0,True,1.0,True,False
SPATA31D4,ENSG00000189357,HPA v23,True,no data,0.97,adipose tissue,0.0,adipose tissue,0.0,1.0,True,1.0,True,1.0,True,False
SPATA32,ENSG00000184361,HPA v23,True,Approved,0.95,duodenum,0.5,duodenum,0.5,1.0,True,1.0,True,1.0,True,False
SPACA1,ENSG00000118434,HPA v23,True,Enhanced,0.8,kidney,0.1,kidney,0.1,1.0,True,1.0,True,1.0,True,False
SPACA3,ENSG00000141316,HPA v23,True,Enhanced,0.8,pancreas,20.3,pancreas,20.3,0.8573,True,0.8573,True,0.8573,True,False
CATSPERD,ENSG00000174898,HPA v23,True,Enhanced,0.8,adipose tissue,0.0,adipose tissue,0.0,1.0,True,1.0,True,1.0,True,False
CATSPER4,ENSG00000188782,HPA v23,True,Enhanced,0.8,skeletal muscle,0.2,skeletal muscle,0.2,1.0,True,1.0,True,1.0,True,False
CTAG1A,ENSG00000268651,HPA v23,True,Enhanced,0.8,skin,0.1,skin,0.1,1.0,True,1.0,True,1.0,True,False
CTAG1B,ENSG00000184033,HPA v23,True,Enhanced,0.8,cerebellum,0.2,cerebellum,0.2,1.0,True,1.0,True,1.0,True,False
CTAGE1,ENSG00000212710,HPA v23,True,no data,0.97,adipose tissue,0.0,adipose tissue,0.0,1.0,True,1.0,True,1.0,True,False
CTAGE6,ENSG00000271321,HPA v23,True,no data,0.97,esophagus,0.2,esophagus,0.2,1.0,True,1.0,True,1.0,True,False
CTAGE9,ENSG00000236761,HPA v23,True,no data,0.97,cervix,0.2,salivary gland,0.2,1.0,True,1.0,True,1.0,True,False
SSX1,ENSG00000126752,HPA v23,True,Supported,0.9,epididymis,0.3,thyroid gland,0.2,1.0,True,1.0,True,1.0,True,False
SSX2,ENSG00000241476,HPA v23,True,Enhanced,0.8,thyroid gland,0.2,thyroid gland,0.2,1.0,True,1.0,True,1.0,True,False
SSX2B,ENSG00000268447,HPA v23,True,Supported,0.9,thyroid gland,0.3,thyroid gland,0.3,1.0,True,1.0,True,1.0,True,False
SSX3,ENSG00000165584,HPA v23,True,Supported,0.9,thyroid gland,0.2,thyroid gland,0.2,1.0,True,1.0,True,1.0,True,False
SSX4,ENSG00000268009,HPA v23,True,Supported,0.9,choroid plexus,0.2,choroid plexus,0.2,1.0,True,1.0,True,1.0,True,False
TSPY1,ENSG00000258992,HPA v23,True,Supported,0.9,adipose tissue,0.0,adipose tissue,0.0,1.0,True,1.0,True,1.0,True,False
TSPY2,ENSG00000168757,HPA v23,True,Supported,0.9,adipose tissue,0.0,adipose tissue,0.0,1.0,True,1.0,True,1.0,True,False
TSPY3,ENSG00000228927,HPA v23,True,Supported,0.9,epididymis,0.5,esophagus,0.2,1.0,True,1.0,True,1.0,True,False
TSPY4,ENSG00000233803,HPA v23,True,Supported,0.9,adipose tissue,0.2,adipose tissue,0.2,1.0,True,1.0,True,1.0,True,False
TSPY8,ENSG00000229549,HPA v23,True,Supported,0.9,adipose tissue,0.0,adipose tissue,0.0,1.0,True,1.0,True,1.0,True,False
TSPY9,ENSG00000238074,HPA v23,True,Supported,0.9,stomach,0.2,stomach,0.2,1.0,False,1.0,False,1.0,False,False
TSPY10,ENSG00000236424,HPA v23,True,Supported,0.9,adipose tissue,0.1,adipose tissue,0.1,1.0,True,1.0,True,1.0,True,False
TSPYL6,ENSG00000178021,HPA v23,True,Enhanced,0.8,basal ganglia,0.1,basal ganglia,0.1,1.0,True,1.0,True,1.0,True,False
MORC1,ENSG00000114487,HPA v23,True,Enhanced,0.8,epididymis,0.3,pituitary gland,0.3,1.0,True,1.0,True,1.0,True,False
TFDP3,ENSG00000183434,HPA v23,True,no data,0.97,breast,0.1,adipose tissue,0.0,1.0,True,1.0,True,1.0,True,False
LUZP4,ENSG00000102021,HPA v23,True,Enhanced,0.8,adipose tissue,0.0,adipose tissue,0.0,1.0,True,1.0,True,1.0,True,False
DKKL1,ENSG00000104901,HPA v23,True,Enhanced,0.8,fallopian tube,1.2,pancreas,0.9,0.9994,True,1.0,True,1.0,True,False
SPO11,ENSG00000054796,HPA v23,True,no data,0.97,adipose tissue,0.0,adipose tissue,0.0,1.0,True,1.0,True,1.0,True,False
CRISP2,ENSG00000124490,HPA v23,True,Enhanced,0.8,fallopian tube,17.1,bone marrow,16.5,0.888,True,0.9226,True,0.9226,True,False
FMR1NB,ENSG00000176988,HPA v23,True,Enhanced,0.8,epididymis,0.1,liver,0.1,1.0,True,1.0,True,1.0,True,False
TPTE,ENSG00000274391,HPA v23,True,Enhanced,0.8,skin,0.3,skin,0.3,1.0,True,1.0,True,1.0,True,False
CT45A2,ENSG00000271449,HPA v23,True,Supported,0.9,adipose tissue,0.0,adipose tissue,0.0,1.0,True,1.0,True,1.0,True,False
CT45A7,ENSG00000273696,HPA v23,True,Supported,0.9,adipose tissue,0.1,adipose tissue,0.1,1.0,True,1.0,True,1.0,True,False
CT47A1,ENSG00000236371,HPA v23,True,Supported,0.9,adipose tissue,0.0,adipose tissue,0.0,1.0,True,1.0,True,1.0,True,False
CT47A2,ENSG00000242362,HPA v23,True,Supported,0.9,adipose tissue,0.0,adipose tissue,0.0,1.0,True,1.0,True,1.0,True,False
CT47A3,ENSG00000236126,HPA v23,True,Supported,0.9,adipose tissue,0.0,adipose tissue,0.0,1.0,True,1.0,True,1.0,True,False
CT47A4,ENSG00000230594,HPA v23,True,Supported,0.9,adipose tissue,0.0,adipose tissue,0.0,1.0,True,1.0,True,1.0,True,False
CT47A5,ENSG00000237957,HPA v23,True,Supported,0.9,adipose tissue,0.0,adipose tissue,0.0,1.0,True,1.0,True,1.0,True,False
CT47A6,ENSG00000226023,HPA v23,True,Supported,0.9,adipose tissue,0.0,adipose tissue,0.0,1.0,True,1.0,True,1.0,True,False
CT47A7,ENSG00000228517,HPA v23,True,Supported,0.9,adipose tissue,0.0,adipose tissue,0.0,1.0,True,1.0,True,1.0,True,False
CT47A11,ENSG00000226929,HPA v23,True,Supported,0.9,adipose tissue,0.0,adipose tissue,0.0,1.0,True,1.0,True,1.0,True,False
CT47A12,ENSG00000226685,HPA v23,True,Supported,0.9,adipose tissue,0.0,adipose tissue,0.0,1.0,True,1.0,True,1.0,True,False
CT47B1,ENSG00000236446,HPA v23,True,Supported,0.9,adipose tissue,0.0,adipose tissue,0.0,1.0,True,1.0,True,1.0,True,False
CT83,ENSG00000204019,HPA v23,True,no data,0.97,salivary gland,2.6,salivary gland,2.6,0.9745,True,0.9745,True,0.9745,True,False
TEX13A,ENSG00000268629,HPA v23,True,Enhanced,0.8,adipose tissue,0.0,adipose tissue,0.0,1.0,True,1.0,True,1.0,True,False
TEX19,ENSG00000182459,HPA v23,True,Enhanced,0.8,thymus,0.1,adipose tissue,0.0,1.0,True,1.0,True,1.0,True,False
TEX33,ENSG00000185264,HPA v23,True,Enhanced,0.8,liver,0.1,liver,0.1,1.0,True,1.0,True,1.0,True,False
TEX35,ENSG00000240021,HPA v23,True,Approved,0.95,bone marrow,1.8,bone marrow,1.8,0.9776,True,0.9776,True,0.9776,True,False
TEX37,ENSG00000172073,HPA v23,True,Enhanced,0.8,adipose tissue,0.0,adipose tissue,0.0,1.0,True,1.0,True,1.0,True,False
TEX38,ENSG00000186118,HPA v23,True,no data,0.97,epididymis,0.9,pituitary gland,0.8,1.0,True,1.0,True,1.0,True,False
TEX44,ENSG00000177673,HPA v23,True,Enhanced,0.8,breast,0.1,adipose tissue,0.0,1.0,True,1.0,True,1.0,True,False
TEX101,ENSG00000131126,HPA v23,True,Enhanced,0.8,pancreas,1.5,pancreas,1.5,0.9878,True,0.9878,True,0.9878,True,False
PATE1,ENSG00000171053,HPA v23,True,Approved,0.95,epididymis,1824.1,urinary bladder,0.1,0.0,False,1.0,True,1.0,True,True
PATE4,ENSG00000237353,HPA v23,True,Approved,0.95,seminal vesicle,103.1,retina,0.6,0.0,False,1.0,True,1.0,True,True
PRSS54,ENSG00000103023,HPA v23,True,Enhanced,0.8,basal ganglia,0.1,basal ganglia,0.1,1.0,True,1.0,True,1.0,True,False
PHF7,ENSG00000010318,HPA v23,True,Enhanced,0.8,parathyroid gland,5.5,parathyroid gland,5.5,0.9436,True,0.9514,True,0.9544,True,False
SLCO6A1,ENSG00000205359,HPA v23,True,Enhanced,0.8,adipose tissue,0.0,adipose tissue,0.0,1.0,True,1.0,True,1.0,True,False
TEKT5,ENSG00000153060,HPA v23,True,no data,0.97,stomach,0.9,stomach,0.9,1.0,True,1.0,True,1.0,True,False
DMRT1,ENSG00000137090,HPA v23,True,Enhanced,0.8,choroid plexus,0.3,choroid plexus,0.3,1.0,True,1.0,True,1.0,True,False
DMRTC2,ENSG00000142025,HPA v23,True,Uncertain,0.97,bone marrow,0.3,bone marrow,0.3,1.0,True,1.0,True,1.0,True,False
DNAJB8,ENSG00000179407,HPA v23,True,no data,0.97,adipose tissue,0.0,adipose tissue,0.0,1.0,True,1.0,True,1.0,True,False
SAGE1,ENSG00000181433,HPA v23,True,Enhanced,0.8,choroid plexus,0.2,choroid plexus,0.2,1.0,True,1.0,True,1.0,True,False
LIPI,ENSG00000188992,HPA v23,True,no data,0.97,epididymis,409.2,thyroid gland,2.4,0.0,False,0.9966,True,0.9966,True,True
ADAM2,ENSG00000104755,HPA v23,True,Enhanced,0.8,adipose tissue,0.0,adipose tissue,0.0,1.0,True,1.0,True,1.0,True,False
PLAC1,ENSG00000170965,HPA v23,True,Enhanced,0.8,fallopian tube,0.2,skin,0.2,1.0,True,1.0,True,1.0,True,False
CABS1,ENSG00000145309,HPA v23,True,Enhanced,0.8,salivary gland,3.9,salivary gland,3.9,0.9725,True,0.9725,True,0.9725,True,False
FATE1,ENSG00000147378,HPA v23,True,Enhanced,0.8,thymus,2.2,heart muscle,0.9,0.9948,True,0.9948,True,0.9948,True,False
HORMAD1,ENSG00000143452,HPA v23,True,Enhanced,0.8,skin,6.6,skin,6.6,0.9333,True,0.9333,True,0.9333,True,False
ACRBP,ENSG00000111644,HPA v23,True,Enhanced,0.8,epididymis,13.9,thyroid gland,13.4,0.7515,False,0.7954,False,0.7956,False,False
TSKS,ENSG00000126467,HPA v23,True,Enhanced,0.8,skin,1.7,skin,1.7,0.9897,True,0.9897,True,0.9897,True,False
CCDC42,ENSG00000161973,HPA v23,True,no data,0.97,bone marrow,0.2,bone marrow,0.2,1.0,True,1.0,True,1.0,True,False
ADAD1,ENSG00000164113,HPA v23,True,no data,0.97,thymus,0.2,adipose tissue,0.0,1.0,True,1.0,True,1.0,True,False
RIMBP3,ENSG00000275793,HPA v23,True,Supported,0.9,thymus,1.0,lymph node,0.7,1.0,True,1.0,True,1.0,True,False
TENT5D,ENSG00000174016,HPA v23,True,no data,0.97,adipose tissue,0.0,adipose tissue,0.0,1.0,True,1.0,True,1.0,True,False
PRAME,ENSG00000185686,HPA v23,True,Enhanced,0.8,epididymis,9.5,adrenal gland,3.6,0.8777,True,0.9715,True,0.9715,True,False
PRAMEF18,ENSG00000279804,HPA v23,True,no data,0.97,adipose tissue,0.0,adipose tissue,0.0,1.0,True,1.0,True,1.0,True,False
PRAMEF20,ENSG00000204478,HPA v23,True,no data,0.97,adipose tissue,0.0,adipose tissue,0.0,1.0,True,1.0,True,1.0,True,False
CBLL2,ENSG00000175809,HPA v23,True,no data,0.97,adipose tissue,0.0,adipose tissue,0.0,1.0,True,1.0,True,1.0,True,False
CPXCR1,ENSG00000147183,HPA v23,True,no data,0.97,fallopian tube,0.1,adipose tissue,0.0,1.0,True,1.0,True,1.0,True,False
TULP2,ENSG00000104804,HPA v23,True,no data,0.97,spleen,0.9,spleen,0.9,1.0,True,1.0,True,1.0,True,False
EPPIN,ENSG00000101448,HPA v23,True,Supported,0.9,epididymis,319.7,bone marrow,2.3,0.2014,False,0.9953,True,0.9953,True,True
ACTL8,ENSG00000117148,HPA v23,True,no data,0.97,colon,0.2,colon,0.2,1.0,True,1.0,True,1.0,True,False
SPEM1,ENSG00000181323,HPA v23,True,no data,0.97,retina,0.2,retina,0.2,1.0,True,1.0,True,1.0,True,False
THEG,ENSG00000105549,HPA v23,True,no data,0.97,skin,2.7,skin,2.7,0.9527,False,0.9598,False,0.9598,False,False
PRM1,ENSG00000175646,HPA v23,True,Enhanced,0.8,prostate,12.4,skeletal muscle,5.6,0.9962,True,0.9971,True,0.9978,True,False
PRM2,ENSG00000122304,HPA v23,True,Enhanced,0.8,prostate,10.4,skeletal muscle,4.5,0.9965,True,0.9974,True,0.998,True,False
PRM3,ENSG00000178257,HPA v23,True,no data,0.97,bone marrow,2.6,bone marrow,2.6,0.9782,True,0.9782,True,0.9782,True,False
AKAP4,ENSG00000147081,HPA v23,True,Enhanced,0.8,breast,0.1,adipose tissue,0.0,1.0,True,1.0,True,1.0,True,False
TNP2,ENSG00000178279,HPA v23,True,no data,0.97,adipose tissue,0.0,adipose tissue,0.0,1.0,True,1.0,True,1.0,True,False
CGB8,ENSG00000213030,HPA v23,True,Supported,0.9,pituitary gland,2.3,pituitary gland,2.3,0.9293,True,0.9293,True,0.9293,True,False
PSG9,ENSG00000183668,HPA v23,True,Supported,0.9,smooth muscle,0.7,smooth muscle,0.7,1.0,True,1.0,True,1.0,True,False
PSG8,ENSG00000124467,HPA v23,True,Supported,0.9,parathyroid gland,0.2,parathyroid gland,0.2,1.0,True,1.0,True,1.0,True,False
PSG11,ENSG00000243130,HPA v23,True,Enhanced,0.8,smooth muscle,0.5,smooth muscle,0.5,1.0,True,1.0,True,1.0,True,False
PSG1,ENSG00000231924,HPA v23,True,Supported,0.9,spleen,0.6,spleen,0.6,1.0,True,1.0,True,1.0,True,False
PSG3,ENSG00000221826,HPA v23,True,Supported,0.9,smooth muscle,0.6,smooth muscle,0.6,1.0,True,1.0,True,1.0,True,False
CSH2,ENSG00000213218,HPA v23,True,Supported,0.9,smooth muscle,14.6,smooth muscle,14.6,0.9909,True,0.9912,True,0.9912,True,False
PSG5,ENSG00000204941,HPA v23,True,Supported,0.9,smooth muscle,0.8,smooth muscle,0.8,1.0,True,1.0,True,1.0,True,False
TRIM64,ENSG00000204450,HPA v23,True,Approved,0.95,adipose tissue,0.0,adipose tissue,0.0,1.0,True,1.0,True,1.0,True,False
EGFL6,ENSG00000198759,HPA v23,True,Enhanced,0.8,lung,24.8,lung,24.8,0.9065,True,0.9106,True,0.9137,True,False
LIN28B,ENSG00000187772,HPA v23,True,Enhanced,0.8,retina,1.5,retina,1.5,0.9924,True,0.9924,True,0.9924,True,False
ADAM29,ENSG00000168594,HPA v23,True,no data,0.97,cervix,0.5,lung,0.2,1.0,True,1.0,True,1.0,True,False
CABYR,ENSG00000154040,HPA v23,True,Enhanced,0.8,choroid plexus,12.7,choroid plexus,12.7,0.7758,False,0.8105,True,0.8212,True,True
CCDC33,ENSG00000140481,HPA v23,True,no data,0.97,fallopian tube,18.4,hypothalamus,3.0,0.417,False,0.8296,False,0.8296,False,False
CTCFL,ENSG00000124092,HPA v23,True,Enhanced,0.8,bone marrow,0.9,bone marrow,0.9,1.0,True,1.0,True,1.0,True,False
DDX53,ENSG00000184735,HPA v23,True,no data,0.97,adipose tissue,0.0,adipose tissue,0.0,1.0,True,1.0,True,1.0,True,False
DPPA2,ENSG00000163530,HPA v23,True,no data,0.97,kidney,0.1,kidney,0.1,1.0,True,1.0,True,1.0,True,False
FTHL17,ENSG00000132446,HPA v23,True,no data,0.97,skin,0.1,skin,0.1,1.0,True,1.0,True,1.0,True,False
HORMAD2,ENSG00000176635,HPA v23,True,Enhanced,0.8,liver,2.8,liver,2.8,0.9217,True,0.9217,True,0.9217,True,False
LEMD1,ENSG00000186007,HPA v23,True,no data,0.97,epididymis,14.5,cerebellum,3.6,0.7482,False,0.9474,False,0.9474,False,False
SYCP1,ENSG00000198765,HPA v23,True,Enhanced,0.8,breast,0.5,adipose tissue,0.1,1.0,True,1.0,True,1.0,True,False
TDRD1,ENSG00000095627,HPA v23,True,Enhanced,0.8,kidney,1.6,kidney,1.6,0.96,True,0.96,True,0.96,True,False
TEX15,ENSG00000133863,HPA v23,True,Enhanced,0.8,endometrium,6.5,smooth muscle,5.1,0.5294,False,0.799,False,0.799,False,False
ACTL7A,ENSG00000187003,HPA v23,True,Enhanced,0.8,prostate,0.2,adipose tissue,0.0,1.0,True,1.0,True,1.0,True,False
ACTL7B,ENSG00000148156,HPA v23,True,Enhanced,0.8,prostate,0.1,adipose tissue,0.0,1.0,True,1.0,True,1.0,True,False
BOLL,ENSG00000152430,HPA v23,True,Enhanced,0.8,skeletal muscle,3.6,skeletal muscle,3.6,0.9413,True,0.9413,True,0.9413,True,False
BRDT,ENSG00000137948,HPA v23,True,Approved,0.95,bone marrow,2.6,bone marrow,2.6,0.9875,True,0.9875,True,0.9875,True,False
CALR3,ENSG00000269058,HPA v23,True,Enhanced,0.8,epididymis,0.8,liver,0.1,1.0,True,1.0,True,1.0,True,False
DDX4,ENSG00000152670,HPA v23,True,Enhanced,0.8,pancreas,0.4,pancreas,0.4,1.0,True,1.0,True,1.0,True,False
DMRTB1,ENSG00000143006,HPA v23,True,Enhanced,0.8,epididymis,0.8,thyroid gland,0.1,1.0,True,1.0,True,1.0,True,False
DPPA3,ENSG00000187569,HPA v23,True,no data,0.97,fallopian tube,1.1,lung,0.5,0.9545,False,1.0,True,1.0,True,True
DPPA5,ENSG00000203909,HPA v23,True,no data,0.97,lung,0.5,lung,0.5,1.0,True,1.0,True,1.0,True,False
FKBP6,ENSG00000077800,HPA v23,True,Enhanced,0.8,fallopian tube,0.3,appendix,0.2,1.0,True,1.0,True,1.0,True,False
GAGE1,ENSG00000205777,HPA v23,True,Supported,0.9,retina,0.5,retina,0.5,1.0,True,1.0,True,1.0,True,False
LDHC,ENSG00000166796,HPA v23,True,Enhanced,0.8,liver,1.4,liver,1.4,0.9973,True,0.9973,True,0.9973,True,False
MAEL,ENSG00000143194,HPA v23,True,Approved,0.95,heart muscle,5.4,heart muscle,5.4,0.9159,False,0.9182,False,0.9182,False,False
MAGEA12,ENSG00000213401,HPA v23,True,no data,0.97,basal ganglia,0.5,basal ganglia,0.5,1.0,True,1.0,True,1.0,True,False
MAGEA8,ENSG00000156009,HPA v23,True,Enhanced,0.8,cerebellum,0.2,cerebellum,0.2,1.0,True,1.0,True,1.0,True,False
MAGEB10,ENSG00000177689,HPA v23,True,no data,0.97,bone marrow,0.3,bone marrow,0.3,1.0,True,1.0,True,1.0,True,False
MEIOB,ENSG00000162039,HPA v23,True,no data,0.97,thymus,0.8,retina,0.7,1.0,True,1.0,True,1.0,True,False
NANOS2,ENSG00000188425,HPA v23,True,Approved,0.95,basal ganglia,0.1,basal ganglia,0.1,1.0,True,1.0,True,1.0,True,False
PASD1,ENSG00000166049,HPA v23,True,Enhanced,0.8,adipose tissue,0.0,adipose tissue,0.0,1.0,True,1.0,True,1.0,True,False
PIWIL1,ENSG00000125207,HPA v23,True,Enhanced,0.8,retina,1.1,retina,1.1,0.9975,True,0.9975,True,0.9975,True,False
RAD21L1,ENSG00000244588,HPA v23,True,Approved,0.95,retina,0.8,retina,0.8,1.0,True,1.0,True,1.0,True,False
SMC1B,ENSG00000077935,HPA v23,True,Enhanced,0.8,bone marrow,0.3,bone marrow,0.3,1.0,True,1.0,True,1.0,True,False
SYCE2,ENSG00000161860,HPA v23,True,Enhanced,0.8,bone marrow,3.2,bone marrow,3.2,0.8019,True,0.8019,True,0.8019,True,False
SYCP3,ENSG00000139351,HPA v23,True,Enhanced,0.8,cerebellum,0.7,cerebellum,0.7,1.0,True,1.0,True,1.0,True,False
TEX14,ENSG00000121101,HPA v23,True,Enhanced,0.8,bone marrow,1.7,bone marrow,1.7,0.973,True,0.973,True,0.973,True,False
UTF1,ENSG00000171794,HPA v23,True,Enhanced,0.8,fallopian tube,0.2,amygdala,0.1,1.0,True,1.0,True,1.0,True,False
ZPBP,ENSG00000042813,HPA v23,True,Enhanced,0.8,retina,4.5,retina,4.5,0.9752,True,0.9752,True,0.9752,True,False
ZPBP2,ENSG00000186075,HPA v23,True,Enhanced,0.8,tonsil,0.9,tonsil,0.9,1.0,True,1.0,True,1.0,True,False
C1orf94,ENSG00000142698,HPA v23,True,no data,0.97,cerebral cortex,0.7,cerebral cortex,0.7,1.0,True,1.0,True,1.0,True,False
ZC3H11B,ENSG00000215817,HPA v23,True,no data,0.97,heart muscle,0.3,heart muscle,0.3,1.0,True,1.0,True,1.0,True,False
WDR64,ENSG00000162843,HPA v23,True,no data,0.97,adrenal gland,0.1,adrenal gland,0.1,1.0,True,1.0,True,1.0,True,False
POTEF,ENSG00000196604,HPA v23,True,no data,0.97,skeletal muscle,0.2,skeletal muscle,0.2,1.0,True,1.0,True,1.0,True,False
COX7B2,ENSG00000170516,HPA v23,True,no data,0.97,adipose tissue,0.1,adipose tissue,0.1,1.0,True,1.0,True,1.0,True,False
RBM46,ENSG00000151962,HPA v23,True,no data,0.97,thyroid gland,0.4,thyroid gland,0.4,1.0,True,1.0,True,1.0,True,False
TRIML2,ENSG00000179046,HPA v23,True,no data,0.97,basal ganglia,0.4,basal ganglia,0.4,1.0,True,1.0,True,1.0,True,False
RFPL4B,ENSG00000251258,HPA v23,True,no data,0.97,kidney,0.3,kidney,0.3,1.0,True,1.0,True,1.0,True,False
ZNF722,ENSG00000241149,HPA v23,True,no data,0.97,bone marrow,0.1,bone marrow,0.1,1.0,True,1.0,True,1.0,True,False
DCAF4L2,ENSG00000176566,HPA v23,True,Uncertain,0.97,adipose tissue,0.0,adipose tissue,0.0,1.0,True,1.0,True,1.0,True,False
TEX48,ENSG00000230601,HPA v23,True,no data,0.97,basal ganglia,0.2,basal ganglia,0.2,1.0,True,1.0,True,1.0,True,False
TUBA3C,ENSG00000198033,HPA v23,True,no data,0.97,stomach,0.5,stomach,0.5,1.0,True,1.0,True,1.0,True,False
CBY2,ENSG00000174015,HPA v23,True,Enhanced,0.8,skin,0.2,skin,0.2,1.0,True,1.0,True,1.0,True,False
GARIN2,ENSG00000172717,HPA v23,True,no data,0.97,retina,0.8,retina,0.8,1.0,True,1.0,True,1.0,True,False
GOLGA6L7,ENSG00000261649,HPA v23,True,no data,0.97,retina,0.4,retina,0.4,1.0,True,1.0,True,1.0,True,False
PRDM7,ENSG00000126856,HPA v23,True,Approved,0.95,adipose tissue,0.0,adipose tissue,0.0,1.0,True,1.0,True,1.0,True,False
CHCT1,ENSG00000141371,HPA v23,True,Enhanced,0.8,bone marrow,0.6,bone marrow,0.6,1.0,True,1.0,True,1.0,True,False
POTEC,ENSG00000183206,HPA v23,True,no data,0.97,adipose tissue,0.0,adipose tissue,0.0,1.0,True,1.0,True,1.0,True,False
ZNF729,ENSG00000196350,HPA v23,True,no data,0.97,breast,0.1,adipose tissue,0.0,1.0,True,1.0,True,1.0,True,False
ZNF723,ENSG00000268696,HPA v23,True,no data,0.97,epididymis,0.3,parathyroid gland,0.2,1.0,True,1.0,True,1.0,True,False
GFY,ENSG00000261949,HPA v23,True,no data,0.97,retina,0.6,retina,0.6,1.0,True,1.0,True,1.0,True,False
CSTL1,ENSG00000125823,HPA v23,True,no data,0.97,esophagus,0.1,esophagus,0.1,1.0,True,1.0,True,1.0,True,False
VCX3A,ENSG00000169059,HPA v23,True,Supported,0.9,basal ganglia,0.4,basal ganglia,0.4,1.0,True,1.0,True,1.0,True,False
VCX,ENSG00000182583,HPA v23,True,Supported,0.9,basal ganglia,0.4,basal ganglia,0.4,1.0,True,1.0,True,1.0,True,False
VCX3B,ENSG00000205642,HPA v23,True,Supported,0.9,retina,0.4,retina,0.4,1.0,True,1.0,True,1.0,True,False
PPP4R3C,ENSG00000224960,HPA v23,True,no data,0.97,adipose tissue,0.0,adipose tissue,0.0,1.0,True,1.0,True,1.0,True,False
DCAF8L2,ENSG00000189186,HPA v23,True,no data,0.97,adipose tissue,0.0,adipose tissue,0.0,1.0,True,1.0,True,1.0,True,False
SSX5,ENSG00000165583,HPA v23,True,Supported,0.9,bone marrow,0.2,bone marrow,0.2,1.0,True,1.0,True,1.0,True,False
CXorf49,ENSG00000215115,HPA v23,True,no data,0.97,adipose tissue,0.0,adipose tissue,0.0,1.0,True,1.0,True,1.0,True,False
CXorf49B,ENSG00000215113,HPA v23,True,no data,0.97,adipose tissue,0.0,adipose tissue,0.0,1.0,True,1.0,True,1.0,True,False
TGIF2LX,ENSG00000153779,HPA v23,True,Supported,0.9,adipose tissue,0.0,adipose tissue,0.0,1.0,True,1.0,True,1.0,True,False
ESX1,ENSG00000123576,HPA v23,True,Enhanced,0.8,adipose tissue,0.0,adipose tissue,0.0,1.0,True,1.0,True,1.0,True,False
TEX13C,ENSG00000282815,HPA v23,True,no data,0.97,adipose tissue,0.0,adipose tissue,0.0,1.0,True,1.0,True,1.0,True,False
CT55,ENSG00000169551,HPA v23,True,no data,0.97,basal ganglia,0.3,basal ganglia,0.3,1.0,True,1.0,True,1.0,True,False
CT45A10,ENSG00000269586,HPA v23,True,Supported,0.9,hippocampal formation,1.4,hippocampal formation,1.4,0.9195,True,0.9195,True,0.9195,True,False
CXorf51B,ENSG00000235699,HPA v23,True,no data,0.97,prostate,0.1,adipose tissue,0.0,1.0,True,1.0,True,1.0,True,False
VCY,ENSG00000129864,HPA v23,True,Supported,0.9,adipose tissue,0.0,adipose tissue,0.0,1.0,True,1.0,True,1.0,True,False
VCY1B,ENSG00000129862,HPA v23,True,Supported,0.9,adipose tissue,0.0,adipose tissue,0.0,1.0,True,1.0,True,1.0,True,False
RBMY1B,ENSG00000242875,HPA v23,True,Supported,0.9,adipose tissue,0.0,adipose tissue,0.0,1.0,True,1.0,True,1.0,True,False
RBMY1A1,ENSG00000234414,HPA v23,True,Supported,0.9,adipose tissue,0.0,adipose tissue,0.0,1.0,True,1.0,True,1.0,True,False
RBMY1E,ENSG00000242389,HPA v23,True,Supported,0.9,adipose tissue,0.0,adipose tissue,0.0,1.0,True,1.0,True,1.0,True,False
AKNAD1,ENSG00000162641,HPA v23,True,no data,0.97,thymus,0.3,adipose tissue,0.0,1.0,True,1.0,True,1.0,True,False
DCAF4L1,ENSG00000182308,HPA v23,True,Enhanced,0.8,skeletal muscle,1.1,skeletal muscle,1.1,0.9957,True,0.9957,True,0.9957,True,False
NAA11,ENSG00000156269,HPA v23,True,Approved,0.95,retina,0.4,retina,0.4,1.0,True,1.0,True,1.0,True,False
OOEP,ENSG00000203907,HPA v23,True,Approved,0.95,salivary gland,1.7,salivary gland,1.7,0.9496,False,0.9496,False,0.9496,False,False
TMEM270,ENSG00000175877,HPA v23,True,no data,0.97,duodenum,0.3,duodenum,0.3,1.0,True,1.0,True,1.0,True,False
ANKRD7,ENSG00000106013,HPA v23,True,no data,0.97,epididymis,1.9,thyroid gland,0.8,0.9989,True,1.0,True,1.0,True,False
RNF148,ENSG00000235631,HPA v23,True,no data,0.97,endometrium,0.6,cerebellum,0.5,1.0,True,1.0,True,1.0,True,False
GARIN1B,ENSG00000135248,HPA v23,True,no data,0.97,midbrain,1.0,midbrain,1.0,1.0,True,1.0,True,1.0,True,False
TMEM210,ENSG00000185863,HPA v23,True,Enhanced,0.8,salivary gland,1.4,salivary gland,1.4,0.971,True,0.971,True,0.971,True,False
C12orf42,ENSG00000179088,HPA v23,True,no data,0.97,thymus,1.3,spleen,1.0,0.9812,True,0.9812,True,0.9812,True,False
CCDC196,ENSG00000196553,HPA v23,True,no data,0.97,basal ganglia,0.1,basal ganglia,0.1,1.0,True,1.0,True,1.0,True,False
LRRC36,ENSG00000159708,HPA v23,True,Enhanced,0.8,lung,4.8,lung,4.8,0.8702,True,0.9134,True,0.9134,True,False
DPEP3,ENSG00000141096,HPA v23,True,Enhanced,0.8,spleen,2.0,spleen,2.0,0.9634,True,0.9634,True,0.9634,True,False
FBXO39,ENSG00000177294,HPA v23,True,no data,0.97,liver,0.8,liver,0.8,1.0,True,1.0,True,1.0,True,False
C17orf50,ENSG00000270806,HPA v23,True,no data,0.97,basal ganglia,1.1,basal ganglia,1.1,0.999,True,0.999,True,0.999,True,False
MEIOC,ENSG00000180336,HPA v23,True,Enhanced,0.8,cerebellum,3.3,cerebellum,3.3,0.9076,True,0.9076,True,0.9076,True,False
C20orf141,ENSG00000258713,HPA v23,True,no data,0.97,retina,1.6,retina,1.6,0.9952,True,0.9952,True,0.9952,True,False
EFCAB8,ENSG00000215529,HPA v23,True,no data,0.97,appendix,0.3,appendix,0.3,1.0,True,1.0,True,1.0,True,False
GAGE12C,ENSG00000237671,HPA v23,True,Supported,0.9,adipose tissue,0.0,adipose tissue,0.0,1.0,True,1.0,True,1.0,True,False
GAGE12F,ENSG00000236362,HPA v23,True,Supported,0.9,stomach,8.3,stomach,8.3,0.9275,True,0.9275,True,0.9275,True,False
TKTL1,ENSG00000007350,HPA v23,True,Enhanced,0.8,heart muscle,3.7,heart muscle,3.7,0.9701,True,0.9701,True,0.9701,True,False
ANKRD60,ENSG00000124227,HPA v23,True,no data,0.97,skeletal muscle,0.2,skeletal muscle,0.2,1.0,True,1.0,True,1.0,True,False
AXDND1,ENSG00000162779,HPA v23,True,Enhanced,0.8,epididymis,0.4,adrenal gland,0.3,1.0,False,1.0,False,1.0,False,False
TLCD3A,ENSG00000167695,HPA v23,True,no data,0.97,skin,69.7,skin,69.7,0.0613,False,0.1971,False,0.2142,False,False
C9orf131,ENSG00000174038,HPA v23,True,no data,0.97,bone marrow,2.6,bone marrow,2.6,0.8622,False,0.9158,False,0.9158,False,False
KASH5,ENSG00000161609,HPA v23,True,Enhanced,0.8,cerebellum,11.5,cerebellum,11.5,0.7471,False,0.7471,False,0.7471,False,False
CCDC168,ENSG00000175820,HPA v23,True,no data,0.97,epididymis,0.1,heart muscle,0.1,1.0,True,1.0,True,1.0,True,False
CCDC63,ENSG00000173093,HPA v23,True,no data,0.97,skeletal muscle,2.6,skeletal muscle,2.6,0.8827,False,0.8827,False,0.8827,False,False
CDRT15,ENSG00000223510,HPA v23,True,no data,0.97,skin,3.2,skin,3.2,0.8283,False,0.8283,False,0.8283,False,False
CERS3,ENSG00000154227,HPA v23,True,Approved,0.95,skin,62.0,skin,62.0,0.0851,False,0.2992,False,0.3104,False,False
CFHR5,ENSG00000134389,HPA v23,True,no data,0.97,liver,162.0,liver,162.0,0.0,False,0.0,False,0.0,False,False
CSHL1,ENSG00000204414,HPA v23,True,Enhanced,0.8,pituitary gland,0.8,pituitary gland,0.8,1.0,False,1.0,False,1.0,False,False
CSN3,ENSG00000171209,HPA v23,True,Enhanced,0.8,breast,350.7,salivary gland,65.7,0.0,False,0.0,False,0.8439,True,False
CSNK1A1L,ENSG00000180138,HPA v23,True,no data,0.97,bone marrow,0.5,bone marrow,0.5,1.0,True,1.0,True,1.0,True,False
CT45A1,ENSG00000268940,HPA v23,True,Supported,0.9,basal ganglia,0.8,basal ganglia,0.8,1.0,False,1.0,False,1.0,False,False
CT45A3,ENSG00000269096,HPA v23,True,Supported,0.9,hippocampal formation,2.3,hippocampal formation,2.3,0.6308,False,0.6308,False,0.6308,False,False
CTAG2,ENSG00000126890,HPA v23,True,Enhanced,0.8,heart muscle,5.1,heart muscle,5.1,0.4711,False,0.4933,False,0.4933,False,False
CYP11B1,ENSG00000160882,HPA v23,True,Supported,0.9,adrenal gland,3571.8,adrenal gland,3571.8,0.0008,False,0.0008,False,0.0008,False,False
ENDOV,ENSG00000173818,HPA v23,True,no data,0.97,retina,25.5,retina,25.5,0.0789,False,0.2356,False,0.2557,False,False
EXD1,ENSG00000178997,HPA v23,True,no data,0.97,spinal cord,0.4,spinal cord,0.4,1.0,True,1.0,True,1.0,True,False
FABP12,ENSG00000197416,HPA v23,True,Enhanced,0.8,retina,54.5,retina,54.5,0.1,False,0.1145,False,0.1145,False,False
FAM25C,ENSG00000276430,HPA v23,True,no data,0.97,skin,42.2,skin,42.2,0.0,False,0.2267,False,0.241,False,False
FAM25G,ENSG00000189090,HPA v23,True,no data,0.97,skin,41.9,skin,41.9,0.0,False,0.2053,False,0.2239,False,False
GARIN4,ENSG00000162771,HPA v23,True,Enhanced,0.8,skin,0.7,skin,0.7,1.0,True,1.0,True,1.0,True,False
FANCA,ENSG00000187741,HPA v23,True,no data,0.97,bone marrow,11.3,bone marrow,11.3,0.2027,False,0.2402,False,0.244,False,False
FUT5,ENSG00000130383,HPA v23,True,no data,0.97,bone marrow,0.5,bone marrow,0.5,1.0,True,1.0,True,1.0,True,False
GAGE12G,ENSG00000215269,HPA v23,True,Supported,0.9,stomach,5.9,stomach,5.9,0.9234,True,0.9234,True,0.9234,True,False
GAGE2E,ENSG00000275113,HPA v23,True,Approved,0.95,stomach,14.9,stomach,14.9,0.6146,False,0.6146,False,0.6146,False,False
GAPDHS,ENSG00000105679,HPA v23,True,Enhanced,0.8,skin,13.5,skin,13.5,0.7938,False,0.8041,True,0.8041,True,True
GOLGA6A,ENSG00000159289,HPA v23,True,Supported,0.9,liver,2.2,liver,2.2,0.9195,True,0.9195,True,0.9195,True,False
GOLGA6B,ENSG00000215186,HPA v23,True,Supported,0.9,liver,4.2,liver,4.2,0.6522,False,0.6522,False,0.6522,False,False
GOLGA6C,ENSG00000167195,HPA v23,True,Supported,0.9,liver,3.7,liver,3.7,0.7565,False,0.7565,False,0.7565,False,False
GOLGA6D,ENSG00000140478,HPA v23,True,Supported,0.9,liver,0.7,liver,0.7,1.0,True,1.0,True,1.0,True,False
GOLGA6L6,ENSG00000277322,HPA v23,True,no data,0.97,adipose tissue,0.0,adipose tissue,0.0,1.0,True,1.0,True,1.0,True,False
GPX5,ENSG00000224586,HPA v23,True,no data,0.97,epididymis,9.0,adipose tissue,0.0,0.0476,False,1.0,True,1.0,True,True
H1-1,ENSG00000124610,HPA v23,True,Enhanced,0.8,thyroid gland,0.1,thyroid gland,0.1,1.0,False,1.0,False,1.0,False,False
H1-6,ENSG00000187475,HPA v23,True,Enhanced,0.8,appendix,0.1,appendix,0.1,1.0,True,1.0,True,1.0,True,False
H2BC1,ENSG00000146047,HPA v23,True,Enhanced,0.8,kidney,0.1,kidney,0.1,1.0,True,1.0,True,1.0,True,False
H2BC3,ENSG00000276410,HPA v23,True,Supported,0.9,bone marrow,1.0,bone marrow,1.0,1.0,False,1.0,False,1.0,False,False
H4C6,ENSG00000274618,HPA v23,True,Supported,0.9,bone marrow,0.8,bone marrow,0.8,1.0,False,1.0,False,1.0,False,False
HMGB4,ENSG00000176256,HPA v23,True,Enhanced,0.8,small intestine,0.1,small intestine,0.1,1.0,True,1.0,True,1.0,True,False
HNRNPCL1,ENSG00000179172,HPA v23,True,no data,0.97,adipose tissue,0.0,adipose tissue,0.0,1.0,True,1.0,True,1.0,True,False
HNRNPCL2,ENSG00000275774,HPA v23,True,no data,0.97,adipose tissue,0.0,adipose tissue,0.0,1.0,True,1.0,True,1.0,True,False
IGF2BP1,ENSG00000159217,HPA v23,True,Enhanced,0.8,kidney,1.2,kidney,1.2,0.9753,False,0.9753,False,0.9753,False,False
IGLL1,ENSG00000128322,HPA v23,True,Enhanced,0.8,bone marrow,69.3,bone marrow,69.3,0.2295,False,0.2295,False,0.2295,False,False
IL4I1,ENSG00000104951,HPA v23,True,Enhanced,0.8,appendix,17.6,appendix,17.6,0.3042,False,0.3396,False,0.3396,False,False
KIF24,ENSG00000186638,HPA v23,True,no data,0.97,thymus,4.2,choroid plexus,3.5,0.4714,False,0.5905,False,0.5905,False,False
KIF4B,ENSG00000226650,HPA v23,True,no data,0.97,adipose tissue,0.0,adipose tissue,0.0,1.0,True,1.0,True,1.0,True,False
KRT28,ENSG00000173908,HPA v23,True,Enhanced,0.8,skin,11.3,skin,11.3,0.0,False,0.0,False,0.0,False,False
KRTAP13-1,ENSG00000198390,HPA v23,True,no data,0.97,skin,8.7,skin,8.7,0.0,False,0.0,False,0.0,False,False
KRTAP9-2,ENSG00000239886,HPA v23,True,no data,0.97,skin,31.7,skin,31.7,0.0,False,0.0,False,0.0,False,False
LALBA,ENSG00000167531,HPA v23,True,Enhanced,0.8,breast,2109.2,colon,0.1,0.0006,False,0.0007,False,1.0,True,False
NLRP10,ENSG00000182261,HPA v23,True,Uncertain,0.97,skin,4.8,skin,4.8,0.0,False,0.0,False,0.0952,False,False
NT5C1B-RDH14,ENSG00000250741,HPA v23,True,no data,0.97,duodenum,0.1,duodenum,0.1,1.0,True,1.0,True,1.0,True,False
NUTM2F,ENSG00000130950,HPA v23,True,no data,0.97,choroid plexus,0.1,choroid plexus,0.1,1.0,True,1.0,True,1.0,True,False
PABPC3,ENSG00000151846,HPA v23,True,Approved,0.95,esophagus,0.8,esophagus,0.8,1.0,False,1.0,False,1.0,False,False
PBK,ENSG00000168078,HPA v23,True,Enhanced,0.8,thymus,22.2,lymph node,12.5,0.4111,False,0.4173,False,0.4241,False,False
PCDHA13,ENSG00000239389,HPA v23,True,no data,0.97,parathyroid gland,3.4,parathyroid gland,3.4,0.0,False,0.0,False,0.0,False,False
PCDHA4,ENSG00000204967,HPA v23,True,Approved,0.95,cerebral cortex,2.0,cerebral cortex,2.0,0.0,False,0.0,False,0.0,False,False
PCDHA5,ENSG00000204965,HPA v23,True,Approved,0.95,cerebellum,2.8,cerebellum,2.8,0.0,False,0.0,False,0.0,False,False
PCDHA8,ENSG00000204962,HPA v23,True,no data,0.97,cerebellum,1.8,cerebellum,1.8,0.0,False,0.0,False,0.0,False,False
PCDHA9,ENSG00000204961,HPA v23,True,no data,0.97,cerebellum,0.8,cerebellum,0.8,1.0,True,1.0,True,1.0,True,False
PDHA2,ENSG00000163114,HPA v23,True,Approved,0.95,adipose tissue,0.0,adipose tissue,0.0,1.0,True,1.0,True,1.0,True,False
PGK2,ENSG00000170950,HPA v23,True,Supported,0.9,epididymis,0.3,adipose tissue,0.0,1.0,True,1.0,True,1.0,True,False
PIK3R3,ENSG00000117461,HPA v23,True,Approved,0.95,cerebellum,45.2,cerebellum,45.2,0.0707,False,0.1918,False,0.2385,False,False
PKMYT1,ENSG00000127564,HPA v23,True,no data,0.97,bone marrow,27.3,bone marrow,27.3,0.3465,False,0.3668,False,0.3668,False,False
POTEG,ENSG00000187537,HPA v23,True,no data,0.97,prostate,1.1,adipose tissue,0.0,0.0,False,1.0,True,1.0,True,True
PRH1,ENSG00000231887,HPA v23,True,no data,0.97,salivary gland,229.6,salivary gland,229.6,0.1876,False,0.1889,False,0.1889,False,False
RBMXL2,ENSG00000170748,HPA v23,True,Enhanced,0.8,kidney,0.1,kidney,0.1,1.0,True,1.0,True,1.0,True,False
RBMY1D,ENSG00000244395,HPA v23,True,Supported,0.9,adipose tissue,0.0,adipose tissue,0.0,1.0,True,1.0,True,1.0,True,False
RBMY1F,ENSG00000169800,HPA v23,True,Supported,0.9,adipose tissue,0.0,adipose tissue,0.0,1.0,True,1.0,True,1.0,True,False
RGPD4,ENSG00000196862,HPA v23,True,no data,0.97,retina,1.0,retina,1.0,1.0,True,1.0,True,1.0,True,False
RPL10L,ENSG00000165496,HPA v23,True,no data,0.97,rectum,2.6,rectum,2.6,0.9672,False,0.9672,False,0.9672,False,False
SIX6,ENSG00000184302,HPA v23,True,Approved,0.95,pituitary gland,27.7,pituitary gland,27.7,0.0,False,0.0,False,0.0,False,False
SKA3,ENSG00000165480,HPA v23,True,Approved,0.95,thymus,11.8,bone marrow,4.7,0.1748,False,0.1748,False,0.1748,False,False
SLC25A52,ENSG00000141437,HPA v23,True,no data,0.97,liver,0.6,liver,0.6,1.0,True,1.0,True,1.0,True,False
SPA17,ENSG00000064199,HPA v23,True,Enhanced,0.8,fallopian tube,23.7,hypothalamus,16.1,0.5123,False,0.6142,False,0.6203,False,False
SPATA33,ENSG00000167523,HPA v23,True,Enhanced,0.8,choroid plexus,13.3,choroid plexus,13.3,0.3481,False,0.459,False,0.4686,False,False
STK31,ENSG00000196335,HPA v23,True,Enhanced,0.8,cerebellum,1.3,cerebellum,1.3,0.9935,False,0.9935,False,0.9935,False,False
STKLD1,ENSG00000198870,HPA v23,True,no data,0.97,cerebellum,0.6,cerebellum,0.6,1.0,True,1.0,True,1.0,True,False
SYCE1L,ENSG00000205078,HPA v23,True,no data,0.97,prostate,6.8,salivary gland,4.9,0.3254,False,0.5452,False,0.5766,False,False
TAF1L,ENSG00000122728,HPA v23,True,no data,0.97,retina,1.6,retina,1.6,0.5,False,0.5,False,0.5,False,False
TDRD12,ENSG00000173809,HPA v23,True,no data,0.97,epididymis,3.2,skin,0.8,0.8543,False,1.0,True,1.0,True,True
TMCO5A,ENSG00000166069,HPA v23,True,Enhanced,0.8,stomach,0.6,stomach,0.6,1.0,True,1.0,True,1.0,True,False
TTK,ENSG00000112742,HPA v23,True,Enhanced,0.8,thymus,45.4,bone marrow,25.0,0.2402,False,0.2429,False,0.2503,False,False
TUBA3E,ENSG00000152086,HPA v23,True,no data,0.97,heart muscle,51.5,heart muscle,51.5,0.7536,False,0.7754,False,0.7754,False,False
WFDC11,ENSG00000180083,HPA v23,True,no data,0.97,epididymis,91.7,bone marrow,2.9,0.0398,False,0.9663,False,0.9663,False,False
YBX2,ENSG00000006047,HPA v23,True,Enhanced,0.8,colon,7.0,colon,7.0,0.9579,True,0.9636,True,0.9674,True,False
ZC2HC1B,ENSG00000118491,HPA v23,True,no data,0.97,skeletal muscle,0.2,skeletal muscle,0.2,1.0,True,1.0,True,1.0,True,False
ZNF560,ENSG00000198028,HPA v23,True,no data,0.97,retina,2.0,retina,2.0,0.8333,False,0.8333,False,0.8333,False,False
XAGE2,ENSG00000155622,HPA v23,True,no data,0.97,lung,5.5,lung,5.5,0.977,True,0.977,True,0.977,True,False
MAGEB6,ENSG00000176746,HPA v23,True,no data,0.97,adipose tissue,0.0,adipose tissue,0.0,1.0,True,1.0,True,1.0,True,False
CT47A8,ENSG00000230347,HPA v23,True,Supported,0.9,adipose tissue,0.0,adipose tissue,0.0,1.0,True,1.0,True,1.0,True,False
CT47A9,ENSG00000226600,HPA v23,True,Supported,0.9,adipose tissue,0.0,adipose tissue,0.0,1.0,True,1.0,True,1.0,True,False
CT47A10,ENSG00000224089,HPA v23,True,Supported,0.9,adipose tissue,0.0,adipose tissue,0.0,1.0,True,1.0,True,1.0,True,False
CT45A8,ENSG00000278085,HPA v23,True,no data,0.97,basal ganglia,0.1,basal ganglia,0.1,1.0,True,1.0,True,1.0,True,False
CT45A9,ENSG00000270946,HPA v23,True,no data,0.97,basal ganglia,0.1,basal ganglia,0.1,1.0,True,1.0,True,1.0,True,False
GAGE12D,ENSG00000227488,HPA v23,True,Supported,0.9,adipose tissue,0.0,adipose tissue,0.0,1.0,True,1.0,True,1.0,True,False
GAGE10,ENSG00000215274,HPA v23,True,Supported,0.9,pituitary gland,0.8,pituitary gland,0.8,1.0,True,1.0,True,1.0,True,False
MAGEA2B,ENSG00000183305,HPA v23,True,no data,0.97,adipose tissue,0.0,adipose tissue,0.0,1.0,True,1.0,True,1.0,True,False
CT45A5,ENSG00000228836,HPA v23,True,Supported,0.9,basal ganglia,4.8,basal ganglia,4.8,0.4301,False,0.4301,False,0.4301,False,False
CGB1,ENSG00000267631,HPA v23,True,Approved,0.95,pituitary gland,4.1,pituitary gland,4.1,0.0,False,0.0,False,0.0,False,False
CGB2,ENSG00000104818,HPA v23,True,Supported,0.9,basal ganglia,0.6,basal ganglia,0.6,1.0,True,1.0,True,1.0,True,False
CGB3,ENSG00000104827,HPA v23,True,Enhanced,0.8,pancreas,2.2,pancreas,2.2,0.7944,False,0.7944,False,0.7944,False,False
CGB5,ENSG00000189052,HPA v23,True,Supported,0.9,pituitary gland,8.4,pituitary gland,8.4,0.7422,False,0.7422,False,0.7422,False,False
CGB7,ENSG00000196337,HPA v23,True,Supported,0.9,skin,4.3,skin,4.3,0.0148,False,0.3037,False,0.3037,False,False
PSG2,ENSG00000242221,HPA v23,True,no data,0.97,smooth muscle,0.9,smooth muscle,0.9,1.0,True,1.0,True,1.0,True,False
PSG4,ENSG00000243137,HPA v23,True,Supported,0.9,parathyroid gland,53.8,parathyroid gland,53.8,0.715,False,0.715,False,0.715,False,False
PSG6,ENSG00000170848,HPA v23,True,Supported,0.9,bone marrow,1.4,bone marrow,1.4,0.9916,True,0.9916,True,0.9916,True,False
PSG7,ENSG00000221878,HPA v23,True,Supported,0.9,skin,1.2,skin,1.2,0.9375,True,0.9375,True,0.9375,True,False
ERVW-1,ENSG00000242950,HPA v23,True,no data,0.97,retina,6.7,retina,6.7,0.8537,False,0.8899,False,0.8899,False,False
ERVFRD-1,ENSG00000244476,HPA v23,True,no data,0.97,parathyroid gland,7.2,parathyroid gland,7.2,0.8488,False,0.8488,False,0.8488,False,False
ERVH48-1,ENSG00000233056,HPA v23,True,no data,0.97,retina,1.5,retina,1.5,0.9953,True,0.9953,True,0.9953,True,False
ERVV-1,ENSG00000269526,HPA v23,True,no data,0.97,kidney,1.7,kidney,1.7,0.9539,False,0.9539,False,0.9539,False,False
ERVV-2,ENSG00000268964,HPA v23,True,no data,0.97,skeletal muscle,0.5,skeletal muscle,0.5,1.0,True,1.0,True,1.0,True,False
LGALS13,ENSG00000105198,HPA v23,True,no data,0.97,retina,0.2,retina,0.2,1.0,True,1.0,True,1.0,True,False
LGALS14,ENSG00000006659,HPA v23,True,no data,0.97,skin,0.9,skin,0.9,1.0,True,1.0,True,1.0,True,False
CSH1,ENSG00000136488,HPA v23,True,Enhanced,0.8,smooth muscle,38.3,smooth muscle,38.3,0.9898,False,0.9904,False,0.9904,False,False
GH2,ENSG00000136487,HPA v23,True,Supported,0.9,pituitary gland,99.7,pituitary gland,99.7,0.5536,False,0.5536,False,0.5536,False,False
SSX4B,ENSG00000269791,HPA v23,True,Supported,0.9,fallopian tube,0.1,heart muscle,0.1,1.0,True,1.0,True,1.0,True,False
LGALS16,ENSG00000249861,HPA v23,True,no data,0.97,cerebellum,0.4,cerebellum,0.4,1.0,True,1.0,True,1.0,True,False
NLRP9,ENSG00000185792,HPA v23,True,no data,0.97,prostate,0.9,bone marrow,0.1,1.0,True,1.0,True,1.0,True,False
ZFP42,ENSG00000179059,HPA v23,True,no data,0.97,skeletal muscle,0.7,skeletal muscle,0.7,1.0,True,1.0,True,1.0,True,False
KISS1R,ENSG00000116014,HPA v23,True,Approved,0.95,hypothalamus,3.6,hypothalamus,3.6,0.0,False,0.0,False,0.0,False,False
CALHM4,ENSG00000164451,HPA v23,True,no data,0.97,skin,3.9,skin,3.9,0.8083,False,0.8083,False,0.8083,False,False
SUN5,ENSG00000167098,HPA v23,True,Enhanced,0.8,adipose tissue,0.0,adipose tissue,0.0,1.0,True,1.0,True,1.0,True,False
SUN3,ENSG00000164744,HPA v23,True,Enhanced,0.8,basal ganglia,0.1,basal ganglia,0.1,1.0,False,1.0,False,1.0,False,False
SSX7,ENSG00000187754,HPA v23,True,Approved,0.95,retina,0.6,retina,0.6,1.0,True,1.0,True,1.0,True,False
PRAMEF12,ENSG00000116726,HPA v23,True,no data,0.97,choroid plexus,0.1,choroid plexus,0.1,1.0,True,1.0,True,1.0,True,False
DEPDC1B,ENSG00000035499,HPA v23,True,Approved,0.95,gallbladder,20.3,gallbladder,20.3,0.1624,False,0.1633,False,0.1633,False,False
NPFFR2,ENSG00000056291,HPA v23,True,no data,0.97,thymus,7.0,retina,0.7,0.069,False,0.3103,False,0.3103,False,False
CAPN6,ENSG00000077274,HPA v23,True,no data,0.97,epididymis,207.7,salivary gland,13.7,0.1671,False,0.7909,False,0.813,False,False
MMP11,ENSG00000099953,HPA v23,True,Approved,0.95,endometrium,138.5,smooth muscle,9.1,0.1768,False,0.8146,False,0.8179,False,False
ISM2,ENSG00000100593,HPA v23,True,Supported,0.9,epididymis,3.6,basal ganglia,2.1,0.974,False,0.992,False,0.992,False,False
PAGE4,ENSG00000101951,HPA v23,True,Enhanced,0.8,epididymis,850.2,smooth muscle,23.3,0.4539,False,0.9851,True,0.9851,True,True
VGLL1,ENSG00000102243,HPA v23,True,Supported,0.9,urinary bladder,21.9,urinary bladder,21.9,0.828,False,0.8555,False,0.8614,False,False
SLC6A2,ENSG00000103546,HPA v23,True,Enhanced,0.8,adrenal gland,10.1,adrenal gland,10.1,0.387,False,0.4478,False,0.4478,False,False
EBI3,ENSG00000105246,HPA v23,True,Enhanced,0.8,spleen,33.1,spleen,33.1,0.507,False,0.5174,False,0.5199,False,False
SIGLEC6,ENSG00000105492,HPA v23,True,Enhanced,0.8,lung,4.3,lung,4.3,0.8033,False,0.812,False,0.812,False,False
TFPI2,ENSG00000105825,HPA v23,True,Enhanced,0.8,pancreas,74.1,pancreas,74.1,0.6732,False,0.718,False,0.7377,False,False
HSD17B1,ENSG00000108786,HPA v23,True,Enhanced,0.8,skin,6.1,skin,6.1,0.5743,False,0.631,False,0.6436,False,False
PAPPA2,ENSG00000116183,HPA v23,True,Enhanced,0.8,cervix,6.4,kidney,6.1,0.757,False,0.8329,True,0.8525,True,True
INSL4,ENSG00000120211,HPA v23,True,no data,0.97,epididymis,1.4,bone marrow,0.3,0.973,True,1.0,True,1.0,True,False
GNGT1,ENSG00000127928,HPA v23,True,Enhanced,0.8,retina,1842.8,retina,1842.8,0.001,False,0.001,False,0.001,False,False
MTNR1B,ENSG00000134640,HPA v23,True,Supported,0.9,basal ganglia,0.3,basal ganglia,0.3,1.0,False,1.0,False,1.0,False,False
IGF2BP3,ENSG00000136231,HPA v23,True,Enhanced,0.8,tonsil,7.1,tonsil,7.1,0.7428,False,0.7428,False,0.7428,False,False
GCM1,ENSG00000137270,HPA v23,True,Enhanced,0.8,skeletal muscle,3.4,skeletal muscle,3.4,0.8726,True,0.8726,True,0.8726,True,False
CYP19A1,ENSG00000137869,HPA v23,True,Enhanced,0.8,adrenal gland,8.2,adrenal gland,8.2,0.8543,True,0.8631,True,0.8699,True,False
ZNF593,ENSG00000142684,HPA v23,True,Supported,0.9,skeletal muscle,97.7,skeletal muscle,97.7,0.0451,False,0.1462,False,0.1706,False,False
CRH,ENSG00000147571,HPA v23,True,no data,0.97,hypothalamus,46.0,hypothalamus,46.0,0.0731,False,0.0731,False,0.0731,False,False
ADAM12,ENSG00000148848,HPA v23,True,Enhanced,0.8,cervix,12.7,gallbladder,9.0,0.7208,False,0.8046,True,0.8227,True,True
ALPP,ENSG00000163283,HPA v23,True,Enhanced,0.8,cervix,17.2,lung,3.8,0.6257,False,0.9463,False,0.9463,False,False
ALPG,ENSG00000163286,HPA v23,True,Approved,0.95,fallopian tube,0.9,lung,0.4,1.0,False,1.0,False,1.0,False,False
ANKRD33,ENSG00000167612,HPA v23,True,Enhanced,0.8,retina,17.8,retina,17.8,0.0,False,0.0,False,0.0,False,False
HTRA4,ENSG00000169495,HPA v23,True,Enhanced,0.8,bone marrow,6.8,bone marrow,6.8,0.8819,True,0.8819,True,0.8833,True,False
KISS1,ENSG00000170498,HPA v23,True,Enhanced,0.8,basal ganglia,4.4,basal ganglia,4.4,0.9606,True,0.9606,True,0.9606,True,False
AMIGO3,ENSG00000176020,HPA v23,True,no data,0.97,skeletal muscle,3.3,skeletal muscle,3.3,0.0805,False,0.0805,False,0.0805,False,False
SLC38A9,ENSG00000177058,HPA v23,True,Uncertain,0.97,liver,16.1,liver,16.1,0.2195,False,0.3135,False,0.3333,False,False
OR9A2,ENSG00000179468,HPA v23,True,no data,0.97,spinal cord,0.3,spinal cord,0.3,1.0,True,1.0,True,1.0,True,False
PAPPA,ENSG00000182752,HPA v23,True,Enhanced,0.8,parathyroid gland,8.8,parathyroid gland,8.8,0.6474,False,0.7435,False,0.7435,False,False
OR52E8,ENSG00000183269,HPA v23,True,no data,0.97,adipose tissue,0.0,adipose tissue,0.0,1.0,True,1.0,True,1.0,True,False
GPR21,ENSG00000188394,HPA v23,True,no data,0.97,cerebral cortex,1.6,cerebral cortex,1.6,0.0,False,0.0,False,0.0,False,False
HBG2,ENSG00000196565,HPA v23,True,Approved,0.95,bone marrow,77.0,bone marrow,77.0,0.9789,False,0.9796,False,0.9797,False,False
HSD3B1,ENSG00000203857,HPA v23,True,Supported,0.9,small intestine,8.4,small intestine,8.4,0.8648,False,0.8648,False,0.8695,False,False
TRIM40,ENSG00000204614,HPA v23,True,no data,0.97,small intestine,2.9,small intestine,2.9,0.1053,False,0.1053,False,0.1053,False,False
OR52E6,ENSG00000205409,HPA v23,True,no data,0.97,adipose tissue,0.0,adipose tissue,0.0,1.0,True,1.0,True,1.0,True,False
ZBTB9,ENSG00000213588,HPA v23,True,no data,0.97,pituitary gland,9.7,pituitary gland,9.7,0.106,False,0.2042,False,0.2199,False,False
TAS2R41,ENSG00000221855,HPA v23,True,no data,0.97,adipose tissue,0.0,adipose tissue,0.0,1.0,True,1.0,True,1.0,True,False
H2BC12L,ENSG00000234289,HPA v23,True,Supported,0.9,gallbladder,1.9,gallbladder,1.9,0.0286,False,0.1429,False,0.1429,False,False
RNASE12,ENSG00000258436,HPA v23,True,Enhanced,0.8,epididymis,679.2,bone marrow,0.2,0.0004,False,0.9993,True,1.0,True,True
BLID,ENSG00000259571,HPA v23,True,no data,0.97,choroid plexus,0.2,choroid plexus,0.2,1.0,True,1.0,True,1.0,True,False
FIRRM,ENSG00000000460,HPA v23,True,Uncertain,0.97,parathyroid gland,13.0,parathyroid gland,13.0,0.137,False,0.2004,False,0.2205,False,False
KRIT1,ENSG00000001631,HPA v23,True,Supported,0.9,parathyroid gland,15.8,parathyroid gland,15.8,0.0799,False,0.2171,False,0.2355,False,False
SLC22A16,ENSG00000004809,HPA v23,True,Uncertain,0.97,bone marrow,20.2,bone marrow,20.2,0.4648,False,0.4648,False,0.4648,False,False
ZMYND10,ENSG00000004838,HPA v23,True,no data,0.97,fallopian tube,116.2,choroid plexus,82.5,0.4908,False,0.7255,False,0.7257,False,False
RPAP3,ENSG00000005175,HPA v23,True,Enhanced,0.8,lymph node,28.9,lymph node,28.9,0.0687,False,0.2008,False,0.2243,False,False
REXO5,ENSG00000005189,HPA v23,True,Approved,0.95,parathyroid gland,38.6,parathyroid gland,38.6,0.7718,False,0.7939,False,0.7997,False,False
ZFX,ENSG00000005889,HPA v23,True,Supported,0.9,bone marrow,29.2,bone marrow,29.2,0.0674,False,0.2486,False,0.27,False,False
KRT33A,ENSG00000006059,HPA v23,True,Supported,0.9,skin,46.0,skin,46.0,0.0302,False,0.0302,False,0.0302,False,False
KDM7A,ENSG00000006459,HPA v23,True,Uncertain,0.97,bone marrow,16.2,bone marrow,16.2,0.073,False,0.1744,False,0.191,False,False
DBF4,ENSG00000006634,HPA v23,True,no data,0.97,bone marrow,0.6,bone marrow,0.6,1.0,True,1.0,True,1.0,True,False
CDKL3,ENSG00000006837,HPA v23,True,no data,0.97,retina,4.2,retina,4.2,0.3708,False,0.3764,False,0.3764,False,False
PRSS21,ENSG00000007038,HPA v23,True,Enhanced,0.8,salivary gland,19.9,salivary gland,19.9,0.6925,False,0.7368,False,0.7394,False,False
DNAH9,ENSG00000007174,HPA v23,True,Enhanced,0.8,fallopian tube,34.1,hippocampal formation,13.0,0.0471,False,0.3636,False,0.367,False,False
CYTH3,ENSG00000008256,HPA v23,True,Uncertain,0.97,adipose tissue,27.9,adipose tissue,27.9,0.0928,False,0.2196,False,0.2581,False,False
UBE3C,ENSG00000009335,HPA v23,True,Approved,0.95,skeletal muscle,63.3,skeletal muscle,63.3,0.0583,False,0.1775,False,0.1979,False,False
SPRTN,ENSG00000010072,HPA v23,True,Uncertain,0.97,bone marrow,11.7,bone marrow,11.7,0.1225,False,0.2322,False,0.2558,False,False
ZBTB32,ENSG00000011590,HPA v23,True,Enhanced,0.8,lymph node,3.3,lymph node,3.3,0.8929,False,0.8929,False,0.8929,False,False
DDX11,ENSG00000013573,HPA v23,True,Supported,0.9,bone marrow,28.8,bone marrow,28.8,0.0576,False,0.1831,False,0.1989,False,False
TACC3,ENSG00000013810,HPA v23,True,Enhanced,0.8,bone marrow,55.5,bone marrow,55.5,0.1434,False,0.1815,False,0.1862,False,False
ZFP64,ENSG00000020256,HPA v23,True,no data,0.97,skin,10.7,skin,10.7,0.0677,False,0.2164,False,0.2322,False,False
SPAST,ENSG00000021574,HPA v23,True,Approved,0.95,thymus,13.7,cerebral cortex,13.0,0.071,False,0.1838,False,0.1999,False,False
DEPDC1,ENSG00000024526,HPA v23,True,Approved,0.95,thymus,7.9,bone marrow,4.9,0.2288,False,0.2545,False,0.2545,False,False
HSF2,ENSG00000025156,HPA v23,True,Approved,0.95,tongue,61.7,tongue,61.7,0.088,False,0.2003,False,0.2176,False,False
INSRR,ENSG00000027644,HPA v23,True,no data,0.97,kidney,3.7,kidney,3.7,0.1837,False,0.2449,False,0.2449,False,False
STAP1,ENSG00000035720,HPA v23,True,Enhanced,0.8,tonsil,49.5,tonsil,49.5,0.0112,False,0.0278,False,0.0278,False,False
DNAH5,ENSG00000039139,HPA v23,True,Enhanced,0.8,fallopian tube,3.4,choroid plexus,2.8,0.0,False,0.4,False,0.4333,False,False
SOX30,ENSG00000039600,HPA v23,True,Enhanced,0.8,fallopian tube,0.9,duodenum,0.7,1.0,True,1.0,True,1.0,True,False
RAB27B,ENSG00000041353,HPA v23,True,Enhanced,0.8,stomach,43.0,stomach,43.0,0.0191,False,0.155,False,0.2129,False,False
MYO16,ENSG00000041515,HPA v23,True,no data,0.97,cerebral cortex,2.5,cerebral cortex,2.5,0.0,False,0.0,False,0.0,False,False
USH2A,ENSG00000042781,HPA v23,True,no data,0.97,retina,18.6,retina,18.6,0.0,False,0.0,False,0.0,False,False
ZIC2,ENSG00000043355,HPA v23,True,no data,0.97,cerebellum,155.1,cerebellum,155.1,0.001,False,0.001,False,0.001,False,False
CNTLN,ENSG00000044459,HPA v23,True,Uncertain,0.97,liver,10.2,liver,10.2,0.1254,False,0.3217,False,0.345,False,False
ANO2,ENSG00000047617,HPA v23,True,Enhanced,0.8,retina,199.6,retina,199.6,0.0432,False,0.0546,False,0.0664,False,False
GOPC,ENSG00000047932,HPA v23,True,Approved,0.95,thyroid gland,23.2,thyroid gland,23.2,0.0738,False,0.2337,False,0.2586,False,False
GUCA1A,ENSG00000048545,HPA v23,True,Supported,0.9,retina,734.2,retina,734.2,0.01,False,0.01,False,0.01,False,False
ERCC8,ENSG00000049167,HPA v23,True,no data,0.97,breast,4.0,kidney,4.0,0.0814,False,0.1926,False,0.2235,False,False
ADAMTS6,ENSG00000049192,HPA v23,True,Enhanced,0.8,gallbladder,1.4,gallbladder,1.4,0.6154,False,0.6923,False,0.6923,False,False
FOXP3,ENSG00000049768,HPA v23,True,Enhanced,0.8,appendix,6.8,appendix,6.8,0.0096,False,0.1378,False,0.1378,False,False
NEXMIF,ENSG00000050030,HPA v23,True,no data,0.97,cerebral cortex,3.0,cerebral cortex,3.0,0.0,False,0.0,False,0.0,False,False
RAD51,ENSG00000051180,HPA v23,True,Enhanced,0.8,thymus,15.2,tonsil,12.9,0.2638,False,0.2702,False,0.2783,False,False
POLQ,ENSG00000051341,HPA v23,True,no data,0.97,bone marrow,5.9,bone marrow,5.9,0.0714,False,0.0714,False,0.0714,False,False
ITIH4,ENSG00000055955,HPA v23,True,no data,0.97,liver,1807.4,liver,1807.4,0.0011,False,0.0081,False,0.0091,False,False
ZNF280C,ENSG00000056277,HPA v23,True,Enhanced,0.8,epididymis,5.0,bone marrow,2.6,0.265,False,0.5164,False,0.5328,False,False
MSH4,ENSG00000057468,HPA v23,True,no data,0.97,epididymis,1.8,cerebellum,1.0,0.7949,False,1.0,True,1.0,True,True
ZNF112,ENSG00000062370,HPA v23,True,Approved,0.95,cerebellum,5.7,cerebellum,5.7,0.1196,False,0.2957,False,0.33,False,False
SLC6A16,ENSG00000063127,HPA v23,True,no data,0.97,choroid plexus,15.5,choroid plexus,15.5,0.4726,False,0.5679,False,0.578,False,False
AHRR,ENSG00000063438,HPA v23,True,no data,0.97,skin,5.8,skin,5.8,0.6554,False,0.7187,False,0.7187,False,False
GSC2,ENSG00000063515,HPA v23,True,Uncertain,0.97,retina,1.0,retina,1.0,1.0,True,1.0,True,1.0,True,False
DDX20,ENSG00000064703,HPA v23,True,Enhanced,0.8,skeletal muscle,8.5,skeletal muscle,8.5,0.3738,False,0.4802,False,0.502,False,False
MCM10,ENSG00000065328,HPA v23,True,Approved,0.95,bone marrow,9.1,bone marrow,9.1,0.0476,False,0.0476,False,0.0476,False,False
ROPN1,ENSG00000065371,HPA v23,True,Supported,0.9,breast,20.2,salivary gland,6.0,0.8489,False,0.8633,False,0.9696,True,False
SNAP91,ENSG00000065609,HPA v23,True,Enhanced,0.8,cerebellum,110.6,cerebellum,110.6,0.0216,False,0.0253,False,0.0253,False,False
CDK13,ENSG00000065883,HPA v23,True,Uncertain,0.97,bone marrow,27.3,bone marrow,27.3,0.075,False,0.2113,False,0.2287,False,False
CTNNA2,ENSG00000066032,HPA v23,True,Enhanced,0.8,cerebral cortex,91.6,cerebral cortex,91.6,0.0289,False,0.1517,False,0.1517,False,False
ZMYND12,ENSG00000066185,HPA v23,True,no data,0.97,fallopian tube,16.5,choroid plexus,9.9,0.2463,False,0.4847,False,0.4943,False,False
ASPM,ENSG00000066279,HPA v23,True,no data,0.97,thymus,16.5,bone marrow,10.0,0.059,False,0.059,False,0.059,False,False
STAG3,ENSG00000066923,HPA v23,True,Enhanced,0.8,bone marrow,1.1,bone marrow,1.1,0.998,False,0.998,False,0.998,False,False
ZFY,ENSG00000067646,HPA v23,True,Uncertain,0.97,bone marrow,7.9,bone marrow,7.9,0.1087,False,0.2174,False,0.2314,False,False
PRR11,ENSG00000068489,HPA v23,True,no data,0.97,thymus,20.0,bone marrow,17.8,0.0472,False,0.0602,False,0.0673,False,False
KIF2A,ENSG00000068796,HPA v23,True,Approved,0.95,thymus,42.4,retina,41.4,0.1047,False,0.2125,False,0.2261,False,False
SDK2,ENSG00000069188,HPA v23,True,no data,0.97,cervix,5.3,spleen,2.6,0.3889,False,0.7222,False,0.7222,False,False
ADAM7,ENSG00000069206,HPA v23,True,Enhanced,0.8,epididymis,3638.5,pancreas,0.6,0.0003,False,1.0,True,1.0,True,True
CLEC2D,ENSG00000069493,HPA v23,True,Uncertain,0.97,lymph node,52.7,lymph node,52.7,0.0445,False,0.156,False,0.1693,False,False
FRMPD1,ENSG00000070601,HPA v23,True,Uncertain,0.97,retina,66.8,retina,66.8,0.0892,False,0.0892,False,0.0892,False,False
EPHA8,ENSG00000070886,HPA v23,True,no data,0.97,choroid plexus,32.4,choroid plexus,32.4,0.0239,False,0.0239,False,0.0239,False,False
TRIP13,ENSG00000071539,HPA v23,True,Enhanced,0.8,thymus,9.0,tonsil,8.2,0.3411,False,0.4168,False,0.4337,False,False
MBD3,ENSG00000071655,HPA v23,True,Supported,0.9,cerebral cortex,83.9,cerebral cortex,83.9,0.0572,False,0.1877,False,0.2081,False,False
MYO3B,ENSG00000071909,HPA v23,True,Approved,0.95,epididymis,13.7,parathyroid gland,8.5,0.0,False,0.4191,False,0.4191,False,False
AFF4,ENSG00000072364,HPA v23,True,Approved,0.95,retina,45.9,retina,45.9,0.0596,False,0.1993,False,0.2211,False,False
HMMR,ENSG00000072571,HPA v23,True,Enhanced,0.8,thymus,26.5,bone marrow,20.3,0.1986,False,0.2011,False,0.2075,False,False
MOV10L1,ENSG00000073146,HPA v23,True,Approved,0.95,endometrium,4.2,cerebellum,2.2,0.7344,False,0.9149,False,0.9149,False,False
FNDC8,ENSG00000073598,HPA v23,True,Supported,0.9,esophagus,0.1,esophagus,0.1,1.0,True,1.0,True,1.0,True,False
TIPIN,ENSG00000075131,HPA v23,True,Enhanced,0.8,bone marrow,12.5,bone marrow,12.5,0.1382,False,0.2316,False,0.2558,False,False
GTSE1,ENSG00000075218,HPA v23,True,no data,0.97,thymus,19.1,bone marrow,11.0,0.1087,False,0.1116,False,0.1116,False,False
FGF4,ENSG00000075388,HPA v23,True,no data,0.97,adipose tissue,0.0,adipose tissue,0.0,1.0,True,1.0,True,1.0,True,False
WDR62,ENSG00000075702,HPA v23,True,Enhanced,0.8,skeletal muscle,106.5,skeletal muscle,106.5,0.2261,False,0.2272,False,0.2272,False,False
TUBA3D,ENSG00000075886,HPA v23,True,no data,0.97,heart muscle,83.4,heart muscle,83.4,0.6693,False,0.7409,False,0.7409,False,False
RBM7,ENSG00000076053,HPA v23,True,Supported,0.9,bone marrow,39.2,bone marrow,39.2,0.0732,False,0.2154,False,0.2443,False,False
DCX,ENSG00000077279,HPA v23,True,Enhanced,0.8,cerebral cortex,6.0,cerebral cortex,6.0,0.0,False,0.0619,False,0.0825,False,False
SPAG6,ENSG00000077327,HPA v23,True,Enhanced,0.8,choroid plexus,96.8,choroid plexus,96.8,0.3204,False,0.4832,False,0.4856,False,False
FAM76B,ENSG00000077458,HPA v23,True,Approved,0.95,bone marrow,39.0,bone marrow,39.0,0.0993,False,0.179,False,0.195,False,False
PIAS2,ENSG00000078043,HPA v23,True,Enhanced,0.8,skeletal muscle,15.6,skeletal muscle,15.6,0.2282,False,0.3219,False,0.3344,False,False
NEBL,ENSG00000078114,HPA v23,True,Approved,0.95,heart muscle,301.0,heart muscle,301.0,0.0059,False,0.0403,False,0.0469,False,False
N4BP2,ENSG00000078177,HPA v23,True,Approved,0.95,thymus,11.0,liver,5.4,0.0815,False,0.192,False,0.2228,False,False
ZCWPW1,ENSG00000078487,HPA v23,True,no data,0.97,liver,5.7,liver,5.7,0.2981,False,0.4104,False,0.4307,False,False
PKD2L2,ENSG00000078795,HPA v23,True,Approved,0.95,skeletal muscle,2.2,skeletal muscle,2.2,0.7931,False,0.7931,False,0.7931,False,False
CLUL1,ENSG00000079101,HPA v23,True,Enhanced,0.8,retina,288.9,retina,288.9,0.0131,False,0.0365,False,0.04,False,False
RIMS1,ENSG00000079841,HPA v23,True,Enhanced,0.8,cerebellum,63.6,cerebellum,63.6,0.0186,False,0.0304,False,0.0304,False,False
DDX43,ENSG00000080007,HPA v23,True,Enhanced,0.8,salivary gland,1.8,salivary gland,1.8,0.8516,False,0.8945,False,0.8945,False,False
EPHA6,ENSG00000080224,HPA v23,True,no data,0.97,colon,3.1,colon,3.1,0.5928,False,0.6407,False,0.6407,False,False
DNAAF6,ENSG00000080572,HPA v23,True,Enhanced,0.8,fallopian tube,10.5,choroid plexus,3.9,0.4569,False,0.8664,False,0.8664,False,False
PSEN1,ENSG00000080815,HPA v23,True,Approved,0.95,spinal cord,81.0,spinal cord,81.0,0.0606,False,0.1582,False,0.1728,False,False
RBL1,ENSG00000080839,HPA v23,True,Enhanced,0.8,bone marrow,14.3,bone marrow,14.3,0.0687,False,0.1353,False,0.153,False,False
PCDHA6,ENSG00000081842,HPA v23,True,Enhanced,0.8,cerebellum,3.0,cerebellum,3.0,0.0,False,0.0,False,0.0,False,False
IL12RB2,ENSG00000081985,HPA v23,True,no data,0.97,skeletal muscle,3.4,skeletal muscle,3.4,0.4615,False,0.4615,False,0.4615,False,False
TRPM3,ENSG00000083067,HPA v23,True,Enhanced,0.8,choroid plexus,676.9,choroid plexus,676.9,0.0085,False,0.0098,False,0.0098,False,False
ULK2,ENSG00000083290,HPA v23,True,Approved,0.95,spinal cord,35.9,spinal cord,35.9,0.1069,False,0.2263,False,0.2409,False,False
ZNF416,ENSG00000083817,HPA v23,True,no data,0.97,skin,4.9,skin,4.9,0.1055,False,0.2688,False,0.3015,False,False
ZNF264,ENSG00000083844,HPA v23,True,no data,0.97,retina,8.5,retina,8.5,0.097,False,0.2352,False,0.2583,False,False
AGBL5,ENSG00000084693,HPA v23,True,Uncertain,0.97,parathyroid gland,48.3,parathyroid gland,48.3,0.2671,False,0.3994,False,0.4134,False,False
ORC1,ENSG00000085840,HPA v23,True,Approved,0.95,bone marrow,28.6,bone marrow,28.6,0.071,False,0.071,False,0.071,False,False
RAD54L,ENSG00000085999,HPA v23,True,Approved,0.95,thymus,15.0,bone marrow,8.6,0.2032,False,0.2167,False,0.2167,False,False
IPO11,ENSG00000086200,HPA v23,True,Approved,0.95,adipose tissue,15.5,adipose tissue,15.5,0.0973,False,0.2242,False,0.2531,False,False
NME8,ENSG00000086288,HPA v23,True,Enhanced,0.8,bone marrow,12.2,bone marrow,12.2,0.4483,False,0.4483,False,0.4483,False,False
ERO1B,ENSG00000086619,HPA v23,True,Enhanced,0.8,pancreas,177.1,pancreas,177.1,0.0769,False,0.153,False,0.1655,False,False
PPEF1,ENSG00000086717,HPA v23,True,no data,0.97,spinal cord,10.3,spinal cord,10.3,0.4315,False,0.4315,False,0.5377,False,False
GMCL1,ENSG00000087338,HPA v23,True,Approved,0.95,parathyroid gland,18.5,parathyroid gland,18.5,0.0755,False,0.204,False,0.2279,False,False
AURKA,ENSG00000087586,HPA v23,True,Enhanced,0.8,tonsil,21.4,tonsil,21.4,0.1924,False,0.2054,False,0.2103,False,False
TPX2,ENSG00000088325,HPA v23,True,Enhanced,0.8,thymus,68.5,bone marrow,47.4,0.1211,False,0.1389,False,0.144,False,False
KIF9,ENSG00000088727,HPA v23,True,Approved,0.95,choroid plexus,110.4,choroid plexus,110.4,0.1227,False,0.2432,False,0.2589,False,False
ARHGAP28,ENSG00000088756,HPA v23,True,Enhanced,0.8,spleen,12.3,spleen,12.3,0.5541,False,0.6823,False,0.6908,False,False
DEFB127,ENSG00000088782,HPA v23,True,no data,0.97,epididymis,1050.8,kidney,0.1,0.0,False,1.0,True,1.0,True,True
BRAP,ENSG00000089234,HPA v23,True,Approved,0.95,bone marrow,33.2,bone marrow,33.2,0.1712,False,0.2717,False,0.2884,False,False
CMTM1,ENSG00000089505,HPA v23,True,no data,0.97,spleen,3.1,spleen,3.1,0.7367,False,0.7512,False,0.7512,False,False
BIRC5,ENSG00000089685,HPA v23,True,Enhanced,0.8,thymus,39.9,bone marrow,37.4,0.1266,False,0.1435,False,0.1629,False,False
SI,ENSG00000090402,HPA v23,True,Enhanced,0.8,duodenum,530.0,duodenum,530.0,0.0006,False,0.0006,False,0.0006,False,False
ZNF268,ENSG00000090612,HPA v23,True,Approved,0.95,parathyroid gland,12.6,parathyroid gland,12.6,0.0835,False,0.2492,False,0.2823,False,False
KIF4A,ENSG00000090889,HPA v23,True,Approved,0.95,thymus,12.3,bone marrow,11.1,0.0331,False,0.0428,False,0.0428,False,False
ORC6,ENSG00000091651,HPA v23,True,Enhanced,0.8,bone marrow,10.1,bone marrow,10.1,0.1959,False,0.2015,False,0.2015,False,False
RPGRIP1,ENSG00000092200,HPA v23,True,Supported,0.9,retina,179.2,retina,179.2,0.241,False,0.241,False,0.241,False,False
CLSPN,ENSG00000092853,HPA v23,True,no data,0.97,bone marrow,11.1,bone marrow,11.1,0.1282,False,0.1282,False,0.1282,False,False
CDC45,ENSG00000093009,HPA v23,True,Enhanced,0.8,bone marrow,25.1,bone marrow,25.1,0.2039,False,0.2099,False,0.2141,False,False
CDC6,ENSG00000094804,HPA v23,True,Approved,0.95,bone marrow,26.9,bone marrow,26.9,0.1119,False,0.1388,False,0.1531,False,False
CBX5,ENSG00000094916,HPA v23,True,Enhanced,0.8,choroid plexus,115.3,choroid plexus,115.3,0.0631,False,0.1575,False,0.1734,False,False
MYO3A,ENSG00000095777,HPA v23,True,Enhanced,0.8,retina,15.0,retina,15.0,0.2128,False,0.2128,False,0.2128,False,False
CREM,ENSG00000095794,HPA v23,True,Enhanced,0.8,adrenal gland,131.7,adrenal gland,131.7,0.1974,False,0.2845,False,0.2983,False,False
CATSPERG,ENSG00000099338,HPA v23,True,no data,0.97,cerebellum,2.4,cerebellum,2.4,0.9455,False,0.9455,False,0.9455,False,False
AMELY,ENSG00000099721,HPA v23,True,no data,0.97,thyroid gland,0.3,thyroid gland,0.3,1.0,True,1.0,True,1.0,True,False
IZUMO4,ENSG00000099840,HPA v23,True,Enhanced,0.8,amygdala,17.8,amygdala,17.8,0.7017,False,0.7294,False,0.7329,False,False
YPEL1,ENSG00000100027,HPA v23,True,Uncertain,0.97,basal ganglia,25.3,basal ganglia,25.3,0.3026,False,0.333,False,0.3412,False,False
GGTLC2,ENSG00000100121,HPA v23,True,no data,0.97,spleen,4.8,spleen,4.8,0.6896,False,0.6896,False,0.6896,False,False
DMC1,ENSG00000100206,HPA v23,True,Enhanced,0.8,thymus,3.2,tonsil,2.9,0.5097,False,0.5777,False,0.5777,False,False
ACR,ENSG00000100312,HPA v23,True,Enhanced,0.8,spleen,2.9,spleen,2.9,0.9402,True,0.9413,True,0.9515,True,False
AP4S1,ENSG00000100478,HPA v23,True,Approved,0.95,cerebral cortex,16.2,cerebral cortex,16.2,0.0831,False,0.1969,False,0.2087,False,False
POLE2,ENSG00000100479,HPA v23,True,Uncertain,0.97,bone marrow,18.1,bone marrow,18.1,0.0842,False,0.1384,False,0.1655,False,False
SOS2,ENSG00000100485,HPA v23,True,Approved,0.95,tongue,61.3,tongue,61.3,0.0614,False,0.1741,False,0.1926,False,False
DDHD1,ENSG00000100523,HPA v23,True,Enhanced,0.8,retina,16.1,retina,16.1,0.1693,False,0.2542,False,0.2663,False,False
CDKN3,ENSG00000100526,HPA v23,True,no data,0.97,bone marrow,42.3,bone marrow,42.3,0.4299,False,0.4439,False,0.4484,False,False
LRRC74A,ENSG00000100565,HPA v23,True,no data,0.97,spleen,0.3,spleen,0.3,1.0,True,1.0,True,1.0,True,False
SAMD15,ENSG00000100583,HPA v23,True,Enhanced,0.8,retina,14.5,retina,14.5,0.312,False,0.4679,False,0.4679,False,False
CEP128,ENSG00000100629,HPA v23,True,Uncertain,0.97,thymus,24.2,bone marrow,6.1,0.0732,False,0.1248,False,0.1697,False,False
PRORP,ENSG00000100890,HPA v23,True,Approved,0.95,thymus,30.2,liver,24.1,0.0409,False,0.1516,False,0.1704,False,False
GINS1,ENSG00000101003,HPA v23,True,Uncertain,0.97,thymus,7.1,tonsil,5.6,0.2024,False,0.2164,False,0.2204,False,False
MYBL2,ENSG00000101057,HPA v23,True,Uncertain,0.97,bone marrow,90.6,bone marrow,90.6,0.057,False,0.0624,False,0.0641,False,False
R3HDML,ENSG00000101074,HPA v23,True,Enhanced,0.8,small intestine,2.3,small intestine,2.3,0.0,False,0.0,False,0.0,False,False
COL20A1,ENSG00000101203,HPA v23,True,no data,0.97,cerebral cortex,9.0,cerebral cortex,9.0,0.0406,False,0.0406,False,0.0406,False,False
SEL1L2,ENSG00000101251,HPA v23,True,Approved,0.95,endometrium,0.1,smooth muscle,0.1,1.0,True,1.0,True,1.0,True,False
SLC52A3,ENSG00000101276,HPA v23,True,Approved,0.95,small intestine,18.6,small intestine,18.6,0.2425,False,0.3287,False,0.3391,False,False
MROH8,ENSG00000101353,HPA v23,True,Approved,0.95,skeletal muscle,5.6,skeletal muscle,5.6,0.3946,False,0.5157,False,0.5179,False,False
CST9L,ENSG00000101435,HPA v23,True,no data,0.97,epididymis,25.7,adipose tissue,0.0,0.7732,False,1.0,True,1.0,True,True
SPINT3,ENSG00000101446,HPA v23,True,Enhanced,0.8,seminal vesicle,10.3,skin,1.2,0.0,False,0.9848,False,0.9848,False,False
NOL4,ENSG00000101746,HPA v23,True,no data,0.97,cerebellum,10.4,cerebellum,10.4,0.1566,False,0.1566,False,0.1566,False,False
VSIG1,ENSG00000101842,HPA v23,True,Enhanced,0.8,stomach,188.6,stomach,188.6,0.1803,False,0.1803,False,0.1803,False,False
RHOXF1,ENSG00000101883,HPA v23,True,Approved,0.95,cerebellum,12.6,cerebellum,12.6,0.3516,False,0.3978,False,0.4044,False,False
GUCY2F,ENSG00000101890,HPA v23,True,no data,0.97,retina,40.9,retina,40.9,0.0,False,0.0,False,0.0,False,False
MCF2,ENSG00000101977,HPA v23,True,no data,0.97,adrenal gland,23.2,adrenal gland,23.2,0.1392,False,0.3274,False,0.3274,False,False
ASB9,ENSG00000102048,HPA v23,True,Enhanced,0.8,liver,16.9,liver,16.9,0.2586,False,0.2833,False,0.2873,False,False
OPN1LW,ENSG00000102076,HPA v23,True,no data,0.97,retina,248.2,retina,248.2,0.0,False,0.0,False,0.0,False,False
SCML2,ENSG00000102098,HPA v23,True,Enhanced,0.8,salivary gland,8.5,salivary gland,8.5,0.3067,False,0.3906,False,0.409,False,False
ZDHHC15,ENSG00000102383,HPA v23,True,Approved,0.95,salivary gland,4.3,salivary gland,4.3,0.0839,False,0.1958,False,0.2308,False,False
CENPI,ENSG00000102384,HPA v23,True,no data,0.97,bone marrow,5.5,bone marrow,5.5,0.0432,False,0.0731,False,0.0731,False,False
TAF7L,ENSG00000102387,HPA v23,True,Approved,0.95,choroid plexus,3.9,choroid plexus,3.9,0.7655,False,0.8299,False,0.8299,False,False
CDADC1,ENSG00000102543,HPA v23,True,Uncertain,0.97,kidney,9.2,kidney,9.2,0.0672,False,0.1961,False,0.215,False,False
UGGT2,ENSG00000102595,HPA v23,True,no data,0.97,epididymis,15.6,adipose tissue,11.4,0.0957,False,0.2875,False,0.3155,False,False
DGKH,ENSG00000102780,HPA v23,True,Uncertain,0.97,basal ganglia,7.5,basal ganglia,7.5,0.0647,False,0.3128,False,0.3379,False,False
KATNAL1,ENSG00000102781,HPA v23,True,no data,0.97,heart muscle,17.3,heart muscle,17.3,0.1062,False,0.2514,False,0.2668,False,False
CBLN1,ENSG00000102924,HPA v23,True,no data,0.97,cerebellum,439.8,cerebellum,439.8,0.0529,False,0.0631,False,0.0677,False,False
CCL17,ENSG00000102970,HPA v23,True,Uncertain,0.97,thymus,20.5,lymph node,8.2,0.0,False,0.0051,False,0.0206,False,False
CFAP263,ENSG00000103021,HPA v23,True,no data,0.97,fallopian tube,30.2,choroid plexus,9.3,0.086,False,0.3773,False,0.3893,False,False
ZNF174,ENSG00000103343,HPA v23,True,Approved,0.95,parathyroid gland,13.6,parathyroid gland,13.6,0.0668,False,0.2365,False,0.253,False,False
IQCH,ENSG00000103599,HPA v23,True,no data,0.97,fallopian tube,6.6,retina,4.8,0.3377,False,0.5728,False,0.5927,False,False
LACTB,ENSG00000103642,HPA v23,True,Supported,0.9,bone marrow,56.5,bone marrow,56.5,0.0542,False,0.1239,False,0.1401,False,False
AP3B2,ENSG00000103723,HPA v23,True,Enhanced,0.8,cerebellum,44.6,cerebellum,44.6,0.0264,False,0.0358,False,0.0374,False,False
CEP152,ENSG00000103995,HPA v23,True,Approved,0.95,bone marrow,16.2,bone marrow,16.2,0.1875,False,0.2403,False,0.2514,False,False
OIP5,ENSG00000104147,HPA v23,True,Enhanced,0.8,bone marrow,10.2,bone marrow,10.2,0.2807,False,0.2846,False,0.2872,False,False
CSPP1,ENSG00000104218,HPA v23,True,no data,0.97,skeletal muscle,13.1,skeletal muscle,13.1,0.1294,False,0.2631,False,0.2838,False,False
IL7,ENSG00000104432,HPA v23,True,Approved,0.95,lymph node,8.5,lymph node,8.5,0.0103,False,0.0985,False,0.1044,False,False
SPAG1,ENSG00000104450,HPA v23,True,Enhanced,0.8,rectum,17.7,rectum,17.7,0.1067,False,0.2259,False,0.2367,False,False
SNX16,ENSG00000104497,HPA v23,True,Approved,0.95,esophagus,16.2,esophagus,16.2,0.0871,False,0.2392,False,0.2621,False,False
GML,ENSG00000104499,HPA v23,True,no data,0.97,adrenal gland,187.3,adrenal gland,187.3,0.0122,False,0.0122,False,0.0122,False,False
SARS2,ENSG00000104835,HPA v23,True,Approved,0.95,liver,18.2,liver,18.2,0.0568,False,0.1728,False,0.189,False,False
ARHGEF18,ENSG00000104880,HPA v23,True,Approved,0.95,spleen,35.1,spleen,35.1,0.0357,False,0.1382,False,0.1489,False,False
RSPH6A,ENSG00000104941,HPA v23,True,Enhanced,0.8,thyroid gland,2.7,thyroid gland,2.7,0.9426,True,0.9426,True,0.9426,True,False
ASF1B,ENSG00000105011,HPA v23,True,Enhanced,0.8,thymus,22.6,tonsil,14.3,0.2319,False,0.2551,False,0.2565,False,False
MED26,ENSG00000105085,HPA v23,True,Enhanced,0.8,bone marrow,10.9,bone marrow,10.9,0.2372,False,0.3363,False,0.3544,False,False
SLC1A6,ENSG00000105143,HPA v23,True,Enhanced,0.8,cerebellum,117.1,cerebellum,117.1,0.1224,False,0.1256,False,0.1256,False,False
AURKC,ENSG00000105146,HPA v23,True,no data,0.97,spleen,4.9,spleen,4.9,0.6397,False,0.6582,False,0.6723,False,False
OVOL3,ENSG00000105261,HPA v23,True,no data,0.97,skin,0.8,skin,0.8,1.0,True,1.0,True,1.0,True,False
CLIP3,ENSG00000105270,HPA v23,True,no data,0.97,cerebellum,215.1,cerebellum,215.1,0.0318,False,0.1523,False,0.1585,False,False
ZNRF4,ENSG00000105428,HPA v23,True,no data,0.97,amygdala,0.2,amygdala,0.2,1.0,True,1.0,True,1.0,True,False
SYNGR4,ENSG00000105467,HPA v23,True,Enhanced,0.8,cerebellum,6.1,cerebellum,6.1,0.8564,False,0.8564,False,0.8564,False,False
ODAD1,ENSG00000105479,HPA v23,True,Approved,0.95,choroid plexus,28.3,choroid plexus,28.3,0.182,False,0.5443,False,0.5443,False,False
PIK3R2,ENSG00000105647,HPA v23,True,Approved,0.95,hippocampal formation,42.4,hippocampal formation,42.4,0.0545,False,0.1926,False,0.202,False,False
ETV2,ENSG00000105672,HPA v23,True,no data,0.97,pancreas,2.3,pancreas,2.3,0.7883,False,0.7973,False,0.7973,False,False
GRIK5,ENSG00000105737,HPA v23,True,no data,0.97,cerebellum,32.7,cerebellum,32.7,0.1106,False,0.2037,False,0.2044,False,False
ZNF85,ENSG00000105750,HPA v23,True,Approved,0.95,pancreas,7.9,pancreas,7.9,0.1863,False,0.2729,False,0.3127,False,False
GTPBP10,ENSG00000105793,HPA v23,True,Approved,0.95,liver,18.1,liver,18.1,0.0678,False,0.18,False,0.2083,False,False
PIK3CG,ENSG00000105851,HPA v23,True,Enhanced,0.8,bone marrow,43.1,bone marrow,43.1,0.0382,False,0.0481,False,0.054,False,False
DNAH11,ENSG00000105877,HPA v23,True,Approved,0.95,parathyroid gland,68.9,parathyroid gland,68.9,0.0,False,0.052,False,0.052,False,False
CBLL1,ENSG00000105879,HPA v23,True,Enhanced,0.8,bone marrow,34.7,bone marrow,34.7,0.0758,False,0.2085,False,0.234,False,False
STEAP1B,ENSG00000105889,HPA v23,True,no data,0.97,choroid plexus,5.5,choroid plexus,5.5,0.0798,False,0.1288,False,0.1288,False,False
IFT56,ENSG00000105948,HPA v23,True,Enhanced,0.8,fallopian tube,13.7,choroid plexus,11.1,0.1547,False,0.4082,False,0.4321,False,False
RNF32,ENSG00000105982,HPA v23,True,Enhanced,0.8,epididymis,10.8,spinal cord,3.4,0.5938,False,0.7238,False,0.7248,False,False
MINDY4,ENSG00000106125,HPA v23,True,Approved,0.95,choroid plexus,11.8,choroid plexus,11.8,0.1136,False,0.3744,False,0.3958,False,False
FSCN3,ENSG00000106328,HPA v23,True,Enhanced,0.8,cerebellum,0.5,cerebellum,0.5,1.0,True,1.0,True,1.0,True,False
FBXO24,ENSG00000106336,HPA v23,True,Enhanced,0.8,cervix,1.4,skin,1.3,0.9873,True,0.9924,True,0.9924,True,False
NOBOX,ENSG00000106410,HPA v23,True,no data,0.97,adipose tissue,0.0,adipose tissue,0.0,1.0,True,1.0,True,1.0,True,False
PSMA2,ENSG00000106588,HPA v23,True,Uncertain,0.97,liver,308.9,liver,308.9,0.0457,False,0.1591,False,0.1807,False,False
TBL2,ENSG00000106638,HPA v23,True,no data,0.97,pancreas,15.5,pancreas,15.5,0.1861,False,0.3273,False,0.3498,False,False
GALNTL5,ENSG00000106648,HPA v23,True,Enhanced,0.8,cerebral cortex,1.4,cerebral cortex,1.4,0.9596,False,0.9596,False,0.9596,False,False
TLE4,ENSG00000106829,HPA v23,True,no data,0.97,bone marrow,68.1,bone marrow,68.1,0.1757,False,0.2491,False,0.2583,False,False
RIC1,ENSG00000107036,HPA v23,True,Supported,0.9,skeletal muscle,17.0,skeletal muscle,17.0,0.0749,False,0.2184,False,0.2384,False,False
KDM4C,ENSG00000107077,HPA v23,True,no data,0.97,cerebellum,38.3,cerebellum,38.3,0.0429,False,0.1525,False,0.1699,False,False
ELAVL2,ENSG00000107105,HPA v23,True,Enhanced,0.8,cerebral cortex,24.2,cerebral cortex,24.2,0.3047,False,0.3047,False,0.3047,False,False
ATRNL1,ENSG00000107518,HPA v23,True,no data,0.97,cerebral cortex,19.4,cerebral cortex,19.4,0.1979,False,0.2905,False,0.2905,False,False
TRDMT1,ENSG00000107614,HPA v23,True,Approved,0.95,retina,5.6,retina,5.6,0.0683,False,0.295,False,0.3199,False,False
UBE2S,ENSG00000108106,HPA v23,True,Approved,0.95,bone marrow,114.3,bone marrow,114.3,0.1566,False,0.2302,False,0.2387,False,False
C17orf75,ENSG00000108666,HPA v23,True,Approved,0.95,parathyroid gland,26.9,parathyroid gland,26.9,0.0782,False,0.2052,False,0.2249,False,False
SLAIN2,ENSG00000109171,HPA v23,True,Approved,0.95,tongue,94.8,tongue,94.8,0.0768,False,0.2286,False,0.2439,False,False
DCUN1D4,ENSG00000109184,HPA v23,True,Uncertain,0.97,liver,28.0,liver,28.0,0.0652,False,0.213,False,0.2286,False,False
CRACD,ENSG00000109265,HPA v23,True,Uncertain,0.97,small intestine,18.8,small intestine,18.8,0.2137,False,0.3083,False,0.3083,False,False
SEPSECS,ENSG00000109618,HPA v23,True,no data,0.97,liver,25.3,liver,25.3,0.0567,False,0.1639,False,0.1867,False,False
NEIL3,ENSG00000109674,HPA v23,True,no data,0.97,thymus,23.0,bone marrow,6.5,0.0139,False,0.0139,False,0.0139,False,False
CLNK,ENSG00000109684,HPA v23,True,Uncertain,0.97,kidney,6.1,kidney,6.1,0.0,False,0.012,False,0.012,False,False
LRP2BP,ENSG00000109771,HPA v23,True,Approved,0.95,retina,28.0,retina,28.0,0.107,False,0.1883,False,0.1915,False,False
DDX25,ENSG00000109832,HPA v23,True,Enhanced,0.8,cerebral cortex,22.0,cerebral cortex,22.0,0.3634,False,0.3634,False,0.3634,False,False
DBX1,ENSG00000109851,HPA v23,True,no data,0.97,adipose tissue,0.0,adipose tissue,0.0,1.0,True,1.0,True,1.0,True,False
CCDC34,ENSG00000109881,HPA v23,True,no data,0.97,choroid plexus,21.7,choroid plexus,21.7,0.1815,False,0.2975,False,0.3273,False,False
TECTA,ENSG00000109927,HPA v23,True,Approved,0.95,cerebral cortex,1.7,cerebral cortex,1.7,0.0,False,0.0,False,0.0,False,False
CPT1A,ENSG00000110090,HPA v23,True,Supported,0.9,small intestine,69.3,small intestine,69.3,0.0401,False,0.1517,False,0.1702,False,False
HIPK3,ENSG00000110422,HPA v23,True,Approved,0.95,tongue,82.0,tongue,82.0,0.0563,False,0.1923,False,0.2178,False,False
SOX6,ENSG00000110693,HPA v23,True,Enhanced,0.8,bone marrow,26.5,bone marrow,26.5,0.1162,False,0.1503,False,0.1503,False,False
SYT10,ENSG00000110975,HPA v23,True,no data,0.97,fallopian tube,2.1,kidney,0.8,0.0,False,1.0,True,1.0,True,True
LIN7A,ENSG00000111052,HPA v23,True,Approved,0.95,bone marrow,27.6,bone marrow,27.6,0.0626,False,0.165,False,0.1864,False,False
RAD51AP1,ENSG00000111247,HPA v23,True,no data,0.97,bone marrow,16.7,bone marrow,16.7,0.098,False,0.1062,False,0.1249,False,False
AKAP3,ENSG00000111254,HPA v23,True,Enhanced,0.8,heart muscle,4.1,heart muscle,4.1,0.8966,True,0.9236,True,0.9236,True,False
GSG1,ENSG00000111305,HPA v23,True,no data,0.97,retina,29.5,retina,29.5,0.9063,False,0.9063,False,0.9063,False,False
MAK,ENSG00000111837,HPA v23,True,no data,0.97,retina,115.3,retina,115.3,0.0266,False,0.0586,False,0.0586,False,False
HINT3,ENSG00000111911,HPA v23,True,Approved,0.95,skeletal muscle,108.6,skeletal muscle,108.6,0.0326,False,0.1391,False,0.1579,False,False
FBXO5,ENSG00000112029,HPA v23,True,Approved,0.95,bone marrow,43.5,bone marrow,43.5,0.0586,False,0.1462,False,0.1629,False,False
OPRM1,ENSG00000112038,HPA v23,True,Enhanced,0.8,cerebellum,2.1,cerebellum,2.1,0.6207,False,0.6207,False,0.6207,False,False
SLC26A8,ENSG00000112053,HPA v23,True,Enhanced,0.8,bone marrow,4.9,bone marrow,4.9,0.8327,True,0.8327,True,0.8327,True,False
IL17F,ENSG00000112116,HPA v23,True,no data,0.97,tonsil,2.1,tonsil,2.1,0.0,False,0.0,False,0.0,False,False
BACH2,ENSG00000112182,HPA v23,True,Enhanced,0.8,lymph node,17.1,lymph node,17.1,0.0283,False,0.0518,False,0.0612,False,False
PRDM13,ENSG00000112238,HPA v23,True,no data,0.97,retina,0.5,retina,0.5,1.0,True,1.0,True,1.0,True,False
SIM1,ENSG00000112246,HPA v23,True,no data,0.97,kidney,9.5,kidney,9.5,0.0,False,0.1908,False,0.1908,False,False
HDGFL1,ENSG00000112273,HPA v23,True,Enhanced,0.8,pituitary gland,0.4,pituitary gland,0.4,1.0,True,1.0,True,1.0,True,False
MED23,ENSG00000112282,HPA v23,True,no data,0.97,bone marrow,21.7,bone marrow,21.7,0.0658,False,0.2199,False,0.2486,False,False
PDE10A,ENSG00000112541,HPA v23,True,Supported,0.9,basal ganglia,22.2,basal ganglia,22.2,0.0885,False,0.159,False,0.1831,False,False
PRPH2,ENSG00000112619,HPA v23,True,Enhanced,0.8,retina,621.9,retina,621.9,0.0068,False,0.0123,False,0.0123,False,False
CCN6,ENSG00000112761,HPA v23,True,no data,0.97,epididymis,9.9,cerebellum,3.1,0.0,False,0.7426,False,0.7794,False,False
ENPP5,ENSG00000112796,HPA v23,True,Enhanced,0.8,epididymis,237.9,thyroid gland,49.5,0.0604,False,0.5171,False,0.5343,False,False
PCDHB2,ENSG00000112852,HPA v23,True,Enhanced,0.8,cerebral cortex,4.4,cerebral cortex,4.4,0.2247,False,0.348,False,0.4185,False,False
PCDHB3,ENSG00000113205,HPA v23,True,no data,0.97,adipose tissue,1.7,adipose tissue,1.7,0.4203,False,0.5507,False,0.6377,False,False
PCDHB5,ENSG00000113209,HPA v23,True,Approved,0.95,pancreas,4.6,pancreas,4.6,0.1487,False,0.4053,False,0.4155,False,False
PCDHB6,ENSG00000113211,HPA v23,True,no data,0.97,endometrium,1.9,cerebral cortex,1.8,0.1887,False,0.3962,False,0.3962,False,False
SLC27A6,ENSG00000113396,HPA v23,True,Approved,0.95,adrenal gland,23.6,adrenal gland,23.6,0.1869,False,0.3924,False,0.4055,False,False
IL5,ENSG00000113525,HPA v23,True,no data,0.97,small intestine,0.8,small intestine,0.8,1.0,True,1.0,True,1.0,True,False
ARL6,ENSG00000113966,HPA v23,True,Approved,0.95,retina,36.8,retina,36.8,0.0536,False,0.1724,False,0.1852,False,False
ARMC8,ENSG00000114098,HPA v23,True,Approved,0.95,bone marrow,59.8,bone marrow,59.8,0.0542,False,0.163,False,0.1796,False,False
GNAT1,ENSG00000114349,HPA v23,True,Enhanced,0.8,retina,1086.0,retina,1086.0,0.0002,False,0.0002,False,0.0002,False,False
CFAP92,ENSG00000114656,HPA v23,True,no data,0.97,choroid plexus,4.5,choroid plexus,4.5,0.5614,False,0.6188,False,0.6188,False,False
ACVR2B,ENSG00000114739,HPA v23,True,Approved,0.95,retina,6.3,retina,6.3,0.1004,False,0.1808,False,0.1942,False,False
PEX5L,ENSG00000114757,HPA v23,True,Enhanced,0.8,spinal cord,48.8,spinal cord,48.8,0.0167,False,0.0167,False,0.0167,False,False
KANSL3,ENSG00000114982,HPA v23,True,Approved,0.95,skeletal muscle,32.7,skeletal muscle,32.7,0.0716,False,0.2434,False,0.268,False,False
IL1A,ENSG00000115008,HPA v23,True,no data,0.97,urinary bladder,25.0,urinary bladder,25.0,0.1557,False,0.2426,False,0.2426,False,False
GPD2,ENSG00000115159,HPA v23,True,Enhanced,0.8,skeletal muscle,23.8,skeletal muscle,23.8,0.0326,False,0.1511,False,0.1807,False,False
CENPA,ENSG00000115163,HPA v23,True,Enhanced,0.8,thymus,13.0,tonsil,8.1,0.0357,False,0.0378,False,0.0378,False,False
SLC30A3,ENSG00000115194,HPA v23,True,Enhanced,0.8,epididymis,66.8,cerebral cortex,28.8,0.2076,False,0.6191,False,0.6191,False,False
ASB3,ENSG00000115239,HPA v23,True,Uncertain,0.97,retina,22.2,retina,22.2,0.0618,False,0.1962,False,0.2139,False,False
PDE1A,ENSG00000115252,HPA v23,True,Approved,0.95,thyroid gland,41.6,thyroid gland,41.6,0.0959,False,0.2244,False,0.2336,False,False
PCSK4,ENSG00000115257,HPA v23,True,no data,0.97,pituitary gland,6.9,pituitary gland,6.9,0.6614,False,0.7023,False,0.7044,False,False
INO80B,ENSG00000115274,HPA v23,True,no data,0.97,pituitary gland,40.9,pituitary gland,40.9,0.0701,False,0.2258,False,0.2481,False,False
THADA,ENSG00000115970,HPA v23,True,Uncertain,0.97,liver,16.9,liver,16.9,0.0593,False,0.2226,False,0.2466,False,False
RALGPS2,ENSG00000116191,HPA v23,True,Enhanced,0.8,retina,52.1,retina,52.1,0.1567,False,0.2313,False,0.2433,False,False
PRAMEF1,ENSG00000116721,HPA v23,True,no data,0.97,adipose tissue,0.0,adipose tissue,0.0,1.0,True,1.0,True,1.0,True,False
PHTF1,ENSG00000116793,HPA v23,True,no data,0.97,choroid plexus,28.2,choroid plexus,28.2,0.117,False,0.2184,False,0.2273,False,False
LGALS8,ENSG00000116977,HPA v23,True,Approved,0.95,heart muscle,53.0,heart muscle,53.0,0.1083,False,0.2147,False,0.2347,False,False
SSX2IP,ENSG00000117155,HPA v23,True,Supported,0.9,retina,115.1,retina,115.1,0.1731,False,0.277,False,0.2833,False,False
MPL,ENSG00000117400,HPA v23,True,no data,0.97,bone marrow,1.7,bone marrow,1.7,0.4615,False,0.5385,False,0.5385,False,False
BLZF1,ENSG00000117475,HPA v23,True,Supported,0.9,esophagus,31.3,esophagus,31.3,0.0952,False,0.2371,False,0.2644,False,False
CCDC181,ENSG00000117477,HPA v23,True,Enhanced,0.8,retina,38.7,retina,38.7,0.1434,False,0.229,False,0.229,False,False
PTBP2,ENSG00000117569,HPA v23,True,Uncertain,0.97,colon,32.3,colon,32.3,0.0685,False,0.2285,False,0.2511,False,False
TNFSF4,ENSG00000117586,HPA v23,True,Approved,0.95,thymus,3.6,appendix,2.2,0.2624,False,0.2837,False,0.2837,False,False
NEK2,ENSG00000117650,HPA v23,True,Enhanced,0.8,thymus,18.7,bone marrow,17.5,0.418,False,0.4388,False,0.4414,False,False
ESYT2,ENSG00000117868,HPA v23,True,Approved,0.95,adipose tissue,49.2,adipose tissue,49.2,0.0707,False,0.2216,False,0.2446,False,False
CHRNB4,ENSG00000117971,HPA v23,True,no data,0.97,thymus,2.9,retina,2.7,0.4792,False,0.4792,False,0.4792,False,False
ZNF541,ENSG00000118156,HPA v23,True,Enhanced,0.8,adrenal gland,3.0,adrenal gland,3.0,0.9134,True,0.9134,True,0.9134,True,False
KIF14,ENSG00000118193,HPA v23,True,no data,0.97,thymus,10.6,bone marrow,6.5,0.0636,False,0.0636,False,0.0636,False,False
TNP1,ENSG00000118245,HPA v23,True,Enhanced,0.8,prostate,4.9,skeletal muscle,2.3,0.998,True,0.9987,True,0.9992,True,False
DNAI7,ENSG00000118307,HPA v23,True,Enhanced,0.8,choroid plexus,13.9,choroid plexus,13.9,0.2968,False,0.5603,False,0.5659,False,False
UBE3D,ENSG00000118420,HPA v23,True,Approved,0.95,fallopian tube,4.8,retina,3.3,0.0304,False,0.1827,False,0.1944,False,False
ADGB,ENSG00000118492,HPA v23,True,Enhanced,0.8,fallopian tube,7.3,choroid plexus,4.8,0.6816,False,0.8575,False,0.8575,False,False
SLC16A7,ENSG00000118596,HPA v23,True,Approved,0.95,heart muscle,33.2,heart muscle,33.2,0.0174,False,0.0683,False,0.0863,False,False
ZNF430,ENSG00000118620,HPA v23,True,no data,0.97,bone marrow,11.6,bone marrow,11.6,0.0831,False,0.2339,False,0.2575,False,False
WDR35,ENSG00000118965,HPA v23,True,Approved,0.95,parathyroid gland,13.9,parathyroid gland,13.9,0.0859,False,0.2904,False,0.3225,False,False
DNAH7,ENSG00000118997,HPA v23,True,Enhanced,0.8,choroid plexus,20.4,choroid plexus,20.4,0.1082,False,0.2301,False,0.2301,False,False
SENP5,ENSG00000119231,HPA v23,True,no data,0.97,retina,16.9,retina,16.9,0.0837,False,0.2081,False,0.2242,False,False
ONECUT2,ENSG00000119547,HPA v23,True,Enhanced,0.8,duodenum,9.9,duodenum,9.9,0.0,False,0.0,False,0.0,False,False
C19orf25,ENSG00000119559,HPA v23,True,Approved,0.95,cerebral cortex,42.3,cerebral cortex,42.3,0.0469,False,0.1476,False,0.1637,False,False
DNAL1,ENSG00000119661,HPA v23,True,Approved,0.95,fallopian tube,22.6,retina,17.3,0.1725,False,0.3318,False,0.3423,False,False
ZC2HC1C,ENSG00000119703,HPA v23,True,Enhanced,0.8,epididymis,23.3,choroid plexus,8.5,0.3135,False,0.5241,False,0.5277,False,False
ZNF410,ENSG00000119725,HPA v23,True,no data,0.97,bone marrow,57.0,bone marrow,57.0,0.0865,False,0.2457,False,0.2675,False,False
CFAP58,ENSG00000120051,HPA v23,True,Approved,0.95,fallopian tube,8.2,choroid plexus,3.2,0.4615,False,0.8077,False,0.8077,False,False
EQTN,ENSG00000120160,HPA v23,True,Enhanced,0.8,spinal cord,0.6,spinal cord,0.6,1.0,True,1.0,True,1.0,True,False
INSL6,ENSG00000120210,HPA v23,True,Enhanced,0.8,retina,6.4,retina,6.4,0.6943,False,0.6943,False,0.6943,False,False
MLANA,ENSG00000120215,HPA v23,True,Enhanced,0.8,skin,41.8,skin,41.8,0.0,False,0.0,False,0.0073,False,False
CCDC170,ENSG00000120262,HPA v23,True,Enhanced,0.8,fallopian tube,32.4,choroid plexus,11.4,0.102,False,0.5826,False,0.6161,False,False
MAGEB4,ENSG00000120289,HPA v23,True,Enhanced,0.8,epididymis,26.6,adipose tissue,0.0,0.2289,False,1.0,False,1.0,False,False
SLC25A2,ENSG00000120329,HPA v23,True,no data,0.97,liver,0.2,liver,0.2,1.0,True,1.0,True,1.0,True,False
CENPL,ENSG00000120334,HPA v23,True,Uncertain,0.97,bone marrow,9.3,bone marrow,9.3,0.1862,False,0.2224,False,0.2422,False,False
SEC16B,ENSG00000120341,HPA v23,True,Enhanced,0.8,liver,40.0,liver,40.0,0.0203,False,0.0843,False,0.1002,False,False
GPR31,ENSG00000120436,HPA v23,True,no data,0.97,lymph node,1.4,lymph node,1.4,0.0,False,0.0,False,0.0,False,False
TTLL2,ENSG00000120440,HPA v23,True,no data,0.97,liver,1.6,liver,1.6,0.9657,False,0.9657,False,0.9657,False,False
SNX19,ENSG00000120451,HPA v23,True,Uncertain,0.97,spinal cord,24.4,spinal cord,24.4,0.0583,False,0.1962,False,0.2141,False,False
TEX11,ENSG00000120498,HPA v23,True,Approved,0.95,pancreas,57.0,pancreas,57.0,0.1291,False,0.1291,False,0.1291,False,False
SLC10A7,ENSG00000120519,HPA v23,True,no data,0.97,epididymis,11.9,stomach,9.6,0.0715,False,0.2536,False,0.2788,False,False
LYZL1,ENSG00000120563,HPA v23,True,no data,0.97,liver,0.1,liver,0.1,1.0,True,1.0,True,1.0,True,False
EPC1,ENSG00000120616,HPA v23,True,no data,0.97,bone marrow,147.7,bone marrow,147.7,0.0536,False,0.1759,False,0.1982,False,False
TNFSF11,ENSG00000120659,HPA v23,True,Enhanced,0.8,lymph node,12.0,lymph node,12.0,0.0043,False,0.0043,False,0.0773,False,False
SOHLH2,ENSG00000120669,HPA v23,True,no data,0.97,tongue,5.1,tongue,5.1,0.7414,False,0.8017,False,0.8017,False,False
PRAMEF2,ENSG00000120952,HPA v23,True,no data,0.97,adipose tissue,0.0,adipose tissue,0.0,1.0,True,1.0,True,1.0,True,False
RDH10,ENSG00000121039,HPA v23,True,no data,0.97,retina,83.6,retina,83.6,0.0661,False,0.162,False,0.1729,False,False
NCAPH,ENSG00000121152,HPA v23,True,Enhanced,0.8,thymus,36.4,bone marrow,34.8,0.1912,False,0.1972,False,0.2012,False,False
LRAT,ENSG00000121207,HPA v23,True,no data,0.97,liver,2.1,liver,2.1,0.0,False,0.0,False,0.0,False,False
MND1,ENSG00000121211,HPA v23,True,Supported,0.9,thymus,26.0,tonsil,13.6,0.168,False,0.172,False,0.1861,False,False
ABCC11,ENSG00000121270,HPA v23,True,no data,0.97,breast,45.3,liver,1.6,0.0267,False,0.078,False,0.9877,True,False
BCL2L14,ENSG00000121380,HPA v23,True,Enhanced,0.8,rectum,15.0,rectum,15.0,0.3217,False,0.3228,False,0.3228,False,False
PSPC1,ENSG00000121390,HPA v23,True,Supported,0.9,bone marrow,53.1,bone marrow,53.1,0.0731,False,0.1985,False,0.2203,False,False
RGSL1,ENSG00000121446,HPA v23,True,no data,0.97,epididymis,1.1,skin,0.2,0.9744,True,1.0,True,1.0,True,False
DPPA4,ENSG00000121570,HPA v23,True,Enhanced,0.8,thymus,12.1,bone marrow,4.7,0.2211,False,0.2211,False,0.2211,False,False
KIF18A,ENSG00000121621,HPA v23,True,Approved,0.95,thymus,9.3,bone marrow,8.1,0.3299,False,0.3299,False,0.3299,False,False
GJA8,ENSG00000121634,HPA v23,True,Enhanced,0.8,kidney,0.1,kidney,0.1,1.0,False,1.0,False,1.0,False,False
DEPDC7,ENSG00000121690,HPA v23,True,no data,0.97,liver,71.8,liver,71.8,0.1247,False,0.1538,False,0.1538,False,False
ZSCAN20,ENSG00000121903,HPA v23,True,Uncertain,0.97,duodenum,2.5,duodenum,2.5,0.1717,False,0.2929,False,0.3131,False,False
CSMD2,ENSG00000121904,HPA v23,True,no data,0.97,basal ganglia,2.5,basal ganglia,2.5,0.0,False,0.0,False,0.0,False,False
ZRANB3,ENSG00000121988,HPA v23,True,no data,0.97,skeletal muscle,1.9,skeletal muscle,1.9,0.5208,False,0.5208,False,0.5208,False,False
CCDC18,ENSG00000122483,HPA v23,True,Uncertain,0.97,bone marrow,6.3,bone marrow,6.3,0.2204,False,0.2204,False,0.2204,False,False
KLHL7,ENSG00000122550,HPA v23,True,Uncertain,0.97,heart muscle,49.0,heart muscle,49.0,0.1099,False,0.2259,False,0.2478,False,False
HYCC1,ENSG00000122591,HPA v23,True,Approved,0.95,skeletal muscle,24.2,skeletal muscle,24.2,0.0895,False,0.2072,False,0.2391,False,False
KIAA1549,ENSG00000122778,HPA v23,True,Uncertain,0.97,pancreas,6.2,pancreas,6.2,0.0114,False,0.2301,False,0.2443,False,False
ACTRT1,ENSG00000123165,HPA v23,True,Supported,0.9,adipose tissue,0.0,adipose tissue,0.0,1.0,True,1.0,True,1.0,True,False
CCDC70,ENSG00000123171,HPA v23,True,Enhanced,0.8,prostate,0.1,adipose tissue,0.0,1.0,True,1.0,True,1.0,True,False
CENPK,ENSG00000123219,HPA v23,True,no data,0.97,bone marrow,24.6,bone marrow,24.6,0.1103,False,0.1337,False,0.1503,False,False
STIL,ENSG00000123473,HPA v23,True,no data,0.97,bone marrow,8.8,bone marrow,8.8,0.1118,False,0.1304,False,0.1636,False,False
HJURP,ENSG00000123485,HPA v23,True,Uncertain,0.97,bone marrow,46.8,bone marrow,46.8,0.0869,False,0.0941,False,0.0941,False,False
IL13RA2,ENSG00000123496,HPA v23,True,no data,0.97,hypothalamus,11.7,hypothalamus,11.7,0.2824,False,0.3698,False,0.3698,False,False
COL10A1,ENSG00000123500,HPA v23,True,no data,0.97,gallbladder,8.6,gallbladder,8.6,0.208,False,0.2522,False,0.2522,False,False
H2BW1,ENSG00000123569,HPA v23,True,no data,0.97,adipose tissue,0.0,adipose tissue,0.0,1.0,True,1.0,True,1.0,True,False
ATXN3L,ENSG00000123594,HPA v23,True,no data,0.97,adipose tissue,0.0,adipose tissue,0.0,1.0,True,1.0,True,1.0,True,False
CKS2,ENSG00000123975,HPA v23,True,Approved,0.95,bone marrow,174.7,bone marrow,174.7,0.1569,False,0.2137,False,0.2258,False,False
DAW1,ENSG00000123977,HPA v23,True,Approved,0.95,choroid plexus,57.1,choroid plexus,57.1,0.3106,False,0.5041,False,0.5041,False,False
INHA,ENSG00000123999,HPA v23,True,Enhanced,0.8,adrenal gland,73.2,adrenal gland,73.2,0.5731,False,0.5949,False,0.5958,False,False
MC3R,ENSG00000124089,HPA v23,True,Uncertain,0.97,hypothalamus,1.4,hypothalamus,1.4,0.0,False,0.0,False,0.0,False,False
FAM209A,ENSG00000124103,HPA v23,True,no data,0.97,bone marrow,16.5,bone marrow,16.5,0.85,False,0.85,False,0.85,False,False
WFDC3,ENSG00000124116,HPA v23,True,no data,0.97,skin,16.2,skin,16.2,0.5428,False,0.5428,False,0.5487,False,False
GTSF1L,ENSG00000124196,HPA v23,True,Enhanced,0.8,lymph node,1.4,lymph node,1.4,0.9977,True,0.9977,True,0.9977,True,False
ARFGEF2,ENSG00000124198,HPA v23,True,Supported,0.9,parathyroid gland,78.8,parathyroid gland,78.8,0.0485,False,0.1464,False,0.1728,False,False
RBPJL,ENSG00000124232,HPA v23,True,Enhanced,0.8,pancreas,944.9,pancreas,944.9,0.0,False,0.0,False,0.0,False,False
IRGC,ENSG00000124449,HPA v23,True,Enhanced,0.8,basal ganglia,0.1,basal ganglia,0.1,1.0,True,1.0,True,1.0,True,False
ZNF391,ENSG00000124613,HPA v23,True,no data,0.97,thyroid gland,3.9,thyroid gland,3.9,0.1484,False,0.3887,False,0.4276,False,False
TCP11,ENSG00000124678,HPA v23,True,Supported,0.9,fallopian tube,0.9,kidney,0.5,1.0,True,1.0,True,1.0,True,False
DNAH8,ENSG00000124721,HPA v23,True,no data,0.97,epididymis,2.5,skin,1.6,0.6735,False,0.9388,False,0.9388,False,False
CRISP1,ENSG00000124812,HPA v23,True,Enhanced,0.8,epididymis,1536.4,salivary gland,0.3,0.0009,False,1.0,True,1.0,True,True
OPN5,ENSG00000124818,HPA v23,True,Supported,0.9,heart muscle,0.4,heart muscle,0.4,1.0,False,1.0,False,1.0,False,False
TRIM51,ENSG00000124900,HPA v23,True,no data,0.97,adipose tissue,0.0,adipose tissue,0.0,1.0,True,1.0,True,1.0,True,False
GPR18,ENSG00000125245,HPA v23,True,Enhanced,0.8,lymph node,38.0,lymph node,38.0,0.0982,False,0.0982,False,0.0982,False,False
HROB,ENSG00000125319,HPA v23,True,Uncertain,0.97,bone marrow,9.2,bone marrow,9.2,0.4122,False,0.4163,False,0.4327,False,False
GRK4,ENSG00000125388,HPA v23,True,Approved,0.95,cerebellum,12.1,cerebellum,12.1,0.2819,False,0.3397,False,0.3482,False,False
TEKT3,ENSG00000125409,HPA v23,True,Enhanced,0.8,fallopian tube,4.7,cerebellum,2.5,0.8343,False,0.9429,False,0.9429,False,False
FNDC11,ENSG00000125531,HPA v23,True,no data,0.97,epididymis,2.3,kidney,1.2,0.9839,True,0.9981,True,0.9981,True,False
BHLHE23,ENSG00000125533,HPA v23,True,no data,0.97,thymus,0.2,retina,0.1,1.0,True,1.0,True,1.0,True,False
CCDC93,ENSG00000125633,HPA v23,True,Approved,0.95,retina,25.2,retina,25.2,0.0603,False,0.1664,False,0.1834,False,False
DEFB126,ENSG00000125788,HPA v23,True,no data,0.97,epididymis,1251.1,smooth muscle,0.1,0.0,False,1.0,True,1.0,True,True
CST8,ENSG00000125815,HPA v23,True,no data,0.97,retina,0.1,retina,0.1,1.0,True,1.0,True,1.0,True,False
NKX2-4,ENSG00000125816,HPA v23,True,no data,0.97,hypothalamus,0.5,hypothalamus,0.5,1.0,True,1.0,True,1.0,True,False
BFSP1,ENSG00000125864,HPA v23,True,Enhanced,0.8,spinal cord,5.2,spinal cord,5.2,0.1488,False,0.2111,False,0.2111,False,False
BANF2,ENSG00000125888,HPA v23,True,Approved,0.95,pancreas,19.8,pancreas,19.8,0.8455,False,0.8455,False,0.8455,False,False
SIRPD,ENSG00000125900,HPA v23,True,Enhanced,0.8,appendix,2.7,appendix,2.7,0.9185,False,0.9185,False,0.9185,False,False
DEFB129,ENSG00000125903,HPA v23,True,Enhanced,0.8,epididymis,1895.4,adipose tissue,0.0,0.0,False,1.0,True,1.0,True,True
GDF5,ENSG00000125965,HPA v23,True,no data,0.97,salivary gland,9.6,salivary gland,9.6,0.0,False,0.009,False,0.009,False,False
C20orf173,ENSG00000125975,HPA v23,True,no data,0.97,skin,0.2,skin,0.2,1.0,True,1.0,True,1.0,True,False
TUBGCP3,ENSG00000126216,HPA v23,True,Approved,0.95,bone marrow,30.9,bone marrow,30.9,0.0759,False,0.2031,False,0.2223,False,False
IGFLR1,ENSG00000126246,HPA v23,True,Uncertain,0.97,liver,48.7,liver,48.7,0.0321,False,0.0938,False,0.107,False,False
HTN1,ENSG00000126550,HPA v23,True,Approved,0.95,salivary gland,47123.7,salivary gland,47123.7,0.0001,False,0.0001,False,0.0001,False,False
DLGAP5,ENSG00000126787,HPA v23,True,Enhanced,0.8,thymus,40.9,bone marrow,29.3,0.1278,False,0.1316,False,0.1341,False,False
PLAAT1,ENSG00000127252,HPA v23,True,no data,0.97,skeletal muscle,86.9,skeletal muscle,86.9,0.2539,False,0.2708,False,0.2733,False,False
HELB,ENSG00000127311,HPA v23,True,no data,0.97,spleen,1.7,spleen,1.7,0.0,False,0.0,False,0.0,False,False
YEATS4,ENSG00000127337,HPA v23,True,no data,0.97,bone marrow,45.2,bone marrow,45.2,0.0884,False,0.1971,False,0.2231,False,False
AUNIP,ENSG00000127423,HPA v23,True,no data,0.97,bone marrow,6.1,bone marrow,6.1,0.6878,False,0.6878,False,0.6878,False,False
UQCR11,ENSG00000127540,HPA v23,True,no data,0.97,skeletal muscle,301.2,skeletal muscle,301.2,0.0231,False,0.1065,False,0.1235,False,False
RNF6,ENSG00000127870,HPA v23,True,Approved,0.95,bone marrow,32.1,bone marrow,32.1,0.0751,False,0.182,False,0.2027,False,False
RBM48,ENSG00000127993,HPA v23,True,Uncertain,0.97,spinal cord,14.1,spinal cord,14.1,0.0546,False,0.1708,False,0.1901,False,False
SPINK2,ENSG00000128040,HPA v23,True,Enhanced,0.8,epididymis,5123.9,bone marrow,13.1,0.058,False,0.9911,True,0.9912,True,True
PPAT,ENSG00000128059,HPA v23,True,Approved,0.95,lymph node,8.2,lymph node,8.2,0.1085,False,0.2147,False,0.2487,False,False
ADORA2A,ENSG00000128271,HPA v23,True,Enhanced,0.8,basal ganglia,111.0,basal ganglia,111.0,0.013,False,0.0488,False,0.0521,False,False
C22orf23,ENSG00000128346,HPA v23,True,no data,0.97,skin,25.2,skin,25.2,0.3691,False,0.4569,False,0.4569,False,False
APOBEC3F,ENSG00000128394,HPA v23,True,no data,0.97,lymph node,15.2,lymph node,15.2,0.0997,False,0.2749,False,0.2838,False,False
RIBC2,ENSG00000128408,HPA v23,True,Approved,0.95,choroid plexus,13.0,choroid plexus,13.0,0.5603,False,0.7237,False,0.7237,False,False
SPECC1,ENSG00000128487,HPA v23,True,Enhanced,0.8,choroid plexus,36.2,choroid plexus,36.2,0.0836,False,0.1614,False,0.1776,False,False
CCDC136,ENSG00000128596,HPA v23,True,Enhanced,0.8,cerebellum,85.4,cerebellum,85.4,0.2689,False,0.3297,False,0.3306,False,False
FEZF1,ENSG00000128610,HPA v23,True,Approved,0.95,hypothalamus,13.4,hypothalamus,13.4,0.1382,False,0.1382,False,0.1382,False,False
PDE11A,ENSG00000128655,HPA v23,True,Approved,0.95,parathyroid gland,9.9,parathyroid gland,9.9,0.0825,False,0.231,False,0.2607,False,False
ELL3,ENSG00000128886,HPA v23,True,Approved,0.95,tonsil,56.1,tonsil,56.1,0.0813,False,0.1004,False,0.1175,False,False
AIPL1,ENSG00000129221,HPA v23,True,Enhanced,0.8,retina,810.0,retina,810.0,0.0,False,0.0,False,0.0,False,False
NRL,ENSG00000129535,HPA v23,True,Enhanced,0.8,retina,307.1,retina,307.1,0.0097,False,0.0114,False,0.0114,False,False
NEDD8,ENSG00000129559,HPA v23,True,Uncertain,0.97,heart muscle,290.2,heart muscle,290.2,0.0379,False,0.1569,False,0.1767,False,False
QRICH2,ENSG00000129646,HPA v23,True,Enhanced,0.8,cerebellum,7.3,cerebellum,7.3,0.3153,False,0.3713,False,0.3713,False,False
AANAT,ENSG00000129673,HPA v23,True,no data,0.97,retina,10.6,retina,10.6,0.2174,False,0.2174,False,0.2174,False,False
SGO1,ENSG00000129810,HPA v23,True,Enhanced,0.8,thymus,12.6,bone marrow,8.6,0.1375,False,0.1375,False,0.1375,False,False
CDY2B,ENSG00000129873,HPA v23,True,Supported,0.9,adipose tissue,0.0,adipose tissue,0.0,1.0,True,1.0,True,1.0,True,False
TSPAN16,ENSG00000130167,HPA v23,True,Enhanced,0.8,bone marrow,5.1,bone marrow,5.1,0.9694,False,0.9694,False,0.9694,False,False
ACE2,ENSG00000130234,HPA v23,True,Enhanced,0.8,small intestine,237.9,small intestine,237.9,0.0697,False,0.0748,False,0.0794,False,False
ATP8B3,ENSG00000130270,HPA v23,True,no data,0.97,bone marrow,5.8,bone marrow,5.8,0.6858,False,0.6926,False,0.6926,False,False
ACSBG2,ENSG00000130377,HPA v23,True,Enhanced,0.8,cerebellum,0.5,cerebellum,0.5,1.0,True,1.0,True,1.0,True,False
BMP15,ENSG00000130385,HPA v23,True,no data,0.97,fallopian tube,0.2,adipose tissue,0.0,1.0,True,1.0,True,1.0,True,False
IQCN,ENSG00000130518,HPA v23,True,Enhanced,0.8,choroid plexus,3.4,choroid plexus,3.4,0.593,False,0.7335,False,0.7459,False,False
ZNF557,ENSG00000130544,HPA v23,True,no data,0.97,bone marrow,3.7,bone marrow,3.7,0.0759,False,0.1962,False,0.2215,False,False
SAG,ENSG00000130561,HPA v23,True,Enhanced,0.8,retina,1421.5,retina,1421.5,0.0014,False,0.0014,False,0.0014,False,False
HBZ,ENSG00000130656,HPA v23,True,Approved,0.95,bone marrow,3.9,bone marrow,3.9,0.6559,False,0.6559,False,0.6559,False,False
CCDC62,ENSG00000130783,HPA v23,True,Approved,0.95,retina,1.4,retina,1.4,0.9941,True,0.9941,True,0.9941,True,False
PPAN,ENSG00000130810,HPA v23,True,Approved,0.95,skeletal muscle,31.6,skeletal muscle,31.6,0.0573,False,0.1912,False,0.2168,False,False
PKDREJ,ENSG00000130943,HPA v23,True,Enhanced,0.8,skin,0.5,skin,0.5,1.0,True,1.0,True,1.0,True,False
HSD17B3,ENSG00000130948,HPA v23,True,Enhanced,0.8,liver,14.8,liver,14.8,0.3589,False,0.4376,False,0.4438,False,False
ULBP3,ENSG00000131019,HPA v23,True,Approved,0.95,skeletal muscle,6.3,skeletal muscle,6.3,0.2935,False,0.3424,False,0.3424,False,False
TTLL9,ENSG00000131044,HPA v23,True,no data,0.97,choroid plexus,15.0,choroid plexus,15.0,0.1204,False,0.321,False,0.321,False,False
BPIFA2,ENSG00000131050,HPA v23,True,Enhanced,0.8,salivary gland,6665.1,salivary gland,6665.1,0.0,False,0.0005,False,0.0005,False,False
BPIFA3,ENSG00000131059,HPA v23,True,Enhanced,0.8,adipose tissue,0.0,adipose tissue,0.0,1.0,True,1.0,True,1.0,True,False
DEFB118,ENSG00000131068,HPA v23,True,Enhanced,0.8,epididymis,967.5,adipose tissue,0.0,0.0,False,1.0,True,1.0,True,True
ZNF227,ENSG00000131115,HPA v23,True,Uncertain,0.97,thymus,16.7,tonsil,10.9,0.0698,False,0.2105,False,0.233,False,False
C3orf20,ENSG00000131379,HPA v23,True,no data,0.97,retina,0.4,retina,0.4,1.0,True,1.0,True,1.0,True,False
NDUFA2,ENSG00000131495,HPA v23,True,Approved,0.95,skeletal muscle,274.0,skeletal muscle,274.0,0.0416,False,0.1255,False,0.14,False,False
RHOXF2,ENSG00000131721,HPA v23,True,Enhanced,0.8,skeletal muscle,0.2,skeletal muscle,0.2,1.0,True,1.0,True,1.0,True,False
KRT33B,ENSG00000131738,HPA v23,True,Supported,0.9,skin,80.2,skin,80.2,0.0,False,0.0,False,0.0,False,False
TOP2A,ENSG00000131747,HPA v23,True,Enhanced,0.8,thymus,124.5,bone marrow,41.5,0.1574,False,0.1882,False,0.1964,False,False
KHDRBS3,ENSG00000131773,HPA v23,True,Enhanced,0.8,cerebral cortex,51.4,cerebral cortex,51.4,0.225,False,0.3275,False,0.3416,False,False
ZSCAN5A,ENSG00000131848,HPA v23,True,Uncertain,0.97,choroid plexus,5.6,choroid plexus,5.6,0.2163,False,0.3374,False,0.3512,False,False
USP29,ENSG00000131864,HPA v23,True,Enhanced,0.8,bone marrow,1.6,bone marrow,1.6,0.8085,True,0.8085,True,0.8085,True,False
LIN28A,ENSG00000131914,HPA v23,True,Enhanced,0.8,retina,0.3,retina,0.3,1.0,False,1.0,False,1.0,False,False
LRRC9,ENSG00000131951,HPA v23,True,no data,0.97,choroid plexus,2.6,choroid plexus,2.6,0.7419,False,0.7419,False,0.7419,False,False
BRME1,ENSG00000132016,HPA v23,True,Enhanced,0.8,esophagus,5.3,esophagus,5.3,0.241,False,0.3477,False,0.3614,False,False
SPATA6,ENSG00000132122,HPA v23,True,no data,0.97,fallopian tube,14.8,retina,12.8,0.2254,False,0.3992,False,0.4221,False,False
CCT6B,ENSG00000132141,HPA v23,True,Uncertain,0.97,epididymis,5.4,skeletal muscle,4.9,0.6542,False,0.7155,False,0.7384,False,False
FIGNL1,ENSG00000132436,HPA v23,True,Approved,0.95,tonsil,12.7,tonsil,12.7,0.0815,False,0.2087,False,0.2403,False,False
ENAM,ENSG00000132464,HPA v23,True,no data,0.97,kidney,8.6,kidney,8.6,0.0,False,0.2234,False,0.2234,False,False
RGS22,ENSG00000132554,HPA v23,True,no data,0.97,fallopian tube,10.3,choroid plexus,6.4,0.7464,False,0.8993,False,0.8993,False,False
SCP2D1,ENSG00000132631,HPA v23,True,no data,0.97,adipose tissue,0.0,adipose tissue,0.0,1.0,True,1.0,True,1.0,True,False
ATP1A4,ENSG00000132681,HPA v23,True,no data,0.97,urinary bladder,4.9,urinary bladder,4.9,0.6546,False,0.6645,False,0.6809,False,False
TESMIN,ENSG00000132749,HPA v23,True,no data,0.97,bone marrow,7.4,bone marrow,7.4,0.6812,False,0.7098,False,0.7534,False,False
ATP8A2,ENSG00000132932,HPA v23,True,Enhanced,0.8,cerebellum,19.7,cerebellum,19.7,0.0171,False,0.0171,False,0.0171,False,False
ZMYM5,ENSG00000132950,HPA v23,True,Uncertain,0.97,bone marrow,12.1,bone marrow,12.1,0.1169,False,0.2548,False,0.2783,False,False
XPO4,ENSG00000132953,HPA v23,True,no data,0.97,skeletal muscle,42.8,skeletal muscle,42.8,0.0519,False,0.1516,False,0.172,False,False
TPTE2,ENSG00000132958,HPA v23,True,no data,0.97,duodenum,0.5,duodenum,0.5,1.0,True,1.0,True,1.0,True,False
RNF17,ENSG00000132972,HPA v23,True,Approved,0.95,adrenal gland,0.3,adrenal gland,0.3,1.0,False,1.0,False,1.0,False,False
CHRM3,ENSG00000133019,HPA v23,True,Approved,0.95,salivary gland,17.0,salivary gland,17.0,0.0641,False,0.1023,False,0.1023,False,False
CCNA1,ENSG00000133101,HPA v23,True,Enhanced,0.8,parathyroid gland,21.5,parathyroid gland,21.5,0.4077,False,0.5619,False,0.5619,False,False
RFXAP,ENSG00000133111,HPA v23,True,no data,0.97,thymus,8.0,cerebellum,7.0,0.0744,False,0.2332,False,0.2525,False,False
FAM83F,ENSG00000133477,HPA v23,True,Enhanced,0.8,esophagus,19.7,esophagus,19.7,0.2478,False,0.3886,False,0.4117,False,False
LRRIQ1,ENSG00000133640,HPA v23,True,no data,0.97,choroid plexus,13.6,choroid plexus,13.6,0.241,False,0.4991,False,0.4991,False,False
MICAL2,ENSG00000133816,HPA v23,True,Approved,0.95,cerebellum,199.5,cerebellum,199.5,0.0666,False,0.1487,False,0.1522,False,False
CATSPERB,ENSG00000133962,HPA v23,True,no data,0.97,pancreas,10.4,pancreas,10.4,0.0,False,0.0,False,0.0,False,False
VRTN,ENSG00000133980,HPA v23,True,no data,0.97,epididymis,1.4,lymph node,0.4,0.6,False,1.0,True,1.0,True,True
ADAM20,ENSG00000134007,HPA v23,True,Enhanced,0.8,cerebellum,0.4,cerebellum,0.4,1.0,True,1.0,True,1.0,True,False
MBD2,ENSG00000134046,HPA v23,True,Approved,0.95,tonsil,34.3,tonsil,34.3,0.0753,False,0.1984,False,0.2225,False,False
IER3IP1,ENSG00000134049,HPA v23,True,Supported,0.9,kidney,30.3,kidney,30.3,0.0487,False,0.1569,False,0.178,False,False
DPH6,ENSG00000134146,HPA v23,True,Approved,0.95,pancreas,13.8,pancreas,13.8,0.0669,False,0.2137,False,0.245,False,False
TRPM1,ENSG00000134160,HPA v23,True,Enhanced,0.8,retina,17.0,retina,17.0,0.0529,False,0.0529,False,0.0529,False,False
VAV3,ENSG00000134215,HPA v23,True,Uncertain,0.97,kidney,81.0,kidney,81.0,0.0687,False,0.1488,False,0.2095,False,False
ADAM30,ENSG00000134249,HPA v23,True,Uncertain,0.97,adipose tissue,0.0,adipose tissue,0.0,1.0,True,1.0,True,1.0,True,False
CD101,ENSG00000134256,HPA v23,True,Approved,0.95,lung,6.5,lung,6.5,0.0,False,0.0,False,0.0,False,False
CRB1,ENSG00000134376,HPA v23,True,Approved,0.95,retina,72.4,retina,72.4,0.0177,False,0.0177,False,0.0177,False,False
TMEM241,ENSG00000134490,HPA v23,True,no data,0.97,smooth muscle,2.8,smooth muscle,2.8,0.0777,False,0.2136,False,0.2718,False,False
USP26,ENSG00000134588,HPA v23,True,Approved,0.95,skin,0.1,skin,0.1,1.0,True,1.0,True,1.0,True,False
SOX3,ENSG00000134595,HPA v23,True,no data,0.97,fallopian tube,8.9,hypothalamus,3.1,0.0822,False,0.6233,False,0.6233,False,False
CDCA8,ENSG00000134690,HPA v23,True,Enhanced,0.8,thymus,37.8,bone marrow,33.1,0.124,False,0.1409,False,0.1459,False,False
RNF138,ENSG00000134758,HPA v23,True,no data,0.97,bone marrow,94.8,bone marrow,94.8,0.1876,False,0.2827,False,0.3,False,False
ACRV1,ENSG00000134940,HPA v23,True,Enhanced,0.8,epididymis,3.4,basal ganglia,2.4,0.9566,True,0.977,True,0.977,True,False
TMED7,ENSG00000134970,HPA v23,True,Supported,0.9,liver,77.9,liver,77.9,0.0529,False,0.2334,False,0.2549,False,False
RNFT2,ENSG00000135119,HPA v23,True,Enhanced,0.8,cerebral cortex,10.9,cerebral cortex,10.9,0.0374,False,0.0374,False,0.0374,False,False
OCM2,ENSG00000135175,HPA v23,True,no data,0.97,adipose tissue,0.0,adipose tissue,0.0,1.0,True,1.0,True,1.0,True,False
CSN2,ENSG00000135222,HPA v23,True,Supported,0.9,breast,560.3,salivary gland,3.1,0.0,False,0.0,False,0.9885,True,False
KHDC1,ENSG00000135314,HPA v23,True,no data,0.97,basal ganglia,14.2,basal ganglia,14.2,0.0821,False,0.1258,False,0.1258,False,False
AKIRIN2,ENSG00000135334,HPA v23,True,no data,0.97,skeletal muscle,94.0,skeletal muscle,94.0,0.0479,False,0.1511,False,0.1694,False,False
LCA5,ENSG00000135338,HPA v23,True,Supported,0.9,parathyroid gland,16.7,parathyroid gland,16.7,0.0878,False,0.2628,False,0.2874,False,False
GJA10,ENSG00000135355,HPA v23,True,no data,0.97,retina,0.7,retina,0.7,1.0,True,1.0,True,1.0,True,False
FAM186B,ENSG00000135436,HPA v23,True,no data,0.97,pancreas,1.5,pancreas,1.5,0.9865,True,0.9865,True,0.9865,True,False
TROAP,ENSG00000135451,HPA v23,True,Uncertain,0.97,bone marrow,50.5,bone marrow,50.5,0.1518,False,0.1795,False,0.1814,False,False
AFG1L,ENSG00000135537,HPA v23,True,Approved,0.95,parathyroid gland,5.1,parathyroid gland,5.1,0.1654,False,0.226,False,0.2422,False,False
NMBR,ENSG00000135577,HPA v23,True,no data,0.97,basal ganglia,0.4,basal ganglia,0.4,1.0,True,1.0,True,1.0,True,False
EGR4,ENSG00000135625,HPA v23,True,Enhanced,0.8,cerebellum,18.6,cerebellum,18.6,0.0521,False,0.0521,False,0.0521,False,False
RGS8,ENSG00000135824,HPA v23,True,Enhanced,0.8,retina,29.5,retina,29.5,0.0197,False,0.0197,False,0.0197,False,False
DHX9,ENSG00000135829,HPA v23,True,Supported,0.9,bone marrow,129.8,bone marrow,129.8,0.069,False,0.2058,False,0.2314,False,False
GPR55,ENSG00000135898,HPA v23,True,no data,0.97,tonsil,4.3,tonsil,4.3,0.2047,False,0.2047,False,0.2047,False,False
USP37,ENSG00000135913,HPA v23,True,Approved,0.95,bone marrow,11.5,bone marrow,11.5,0.1313,False,0.2751,False,0.3008,False,False
TSGA10,ENSG00000135951,HPA v23,True,no data,0.97,fallopian tube,12.2,choroid plexus,3.1,0.6377,False,0.7948,False,0.8,False,False
EDAR,ENSG00000135960,HPA v23,True,Approved,0.95,esophagus,3.5,esophagus,3.5,0.0,False,0.0714,False,0.0714,False,False
USP44,ENSG00000136014,HPA v23,True,no data,0.97,cerebellum,3.9,cerebellum,3.9,0.6303,False,0.6583,False,0.6583,False,False
C7orf25,ENSG00000136197,HPA v23,True,Approved,0.95,parathyroid gland,2.7,parathyroid gland,2.7,0.1105,False,0.2956,False,0.3177,False,False
SPDYE1,ENSG00000136206,HPA v23,True,Supported,0.9,bone marrow,1.5,bone marrow,1.5,0.8507,False,0.8507,False,0.8507,False,False
NKX2-8,ENSG00000136327,HPA v23,True,no data,0.97,spinal cord,7.6,spinal cord,7.6,0.4161,False,0.4161,False,0.4161,False,False
MYCBPAP,ENSG00000136449,HPA v23,True,Enhanced,0.8,choroid plexus,5.0,choroid plexus,5.0,0.8772,False,0.931,False,0.931,False,False
BRIP1,ENSG00000136492,HPA v23,True,Approved,0.95,thymus,3.6,bone marrow,2.7,0.4022,False,0.4022,False,0.4022,False,False
SKIL,ENSG00000136603,HPA v23,True,Uncertain,0.97,bone marrow,23.0,bone marrow,23.0,0.0674,False,0.1852,False,0.2013,False,False
ODF2,ENSG00000136811,HPA v23,True,Enhanced,0.8,choroid plexus,36.6,choroid plexus,36.6,0.3515,False,0.4521,False,0.4651,False,False
ZFP37,ENSG00000136866,HPA v23,True,no data,0.97,retina,6.1,retina,6.1,0.132,False,0.3262,False,0.3592,False,False
HEMGN,ENSG00000136929,HPA v23,True,Enhanced,0.8,bone marrow,243.6,bone marrow,243.6,0.1706,False,0.1706,False,0.1706,False,False
LMX1B,ENSG00000136944,HPA v23,True,no data,0.97,salivary gland,18.0,salivary gland,18.0,0.0144,False,0.0144,False,0.1227,False,False
CAPN11,ENSG00000137225,HPA v23,True,Enhanced,0.8,breast,2.2,adipose tissue,1.5,0.9105,True,0.9105,True,0.9489,True,False
C6orf52,ENSG00000137434,HPA v23,True,no data,0.97,amygdala,4.3,amygdala,4.3,0.2787,False,0.3872,False,0.3915,False,False
TTC29,ENSG00000137473,HPA v23,True,Uncertain,0.97,fallopian tube,19.4,choroid plexus,5.9,0.7212,False,0.9266,False,0.9266,False,False
MMP20,ENSG00000137674,HPA v23,True,no data,0.97,breast,0.1,kidney,0.1,1.0,True,1.0,True,1.0,True,False
CFAP300,ENSG00000137691,HPA v23,True,Enhanced,0.8,fallopian tube,28.2,choroid plexus,23.6,0.2395,False,0.6176,False,0.6283,False,False
BTG4,ENSG00000137707,HPA v23,True,no data,0.97,choroid plexus,4.3,choroid plexus,4.3,0.8502,False,0.8664,False,0.8664,False,False
CTDSPL2,ENSG00000137770,HPA v23,True,Approved,0.95,thymus,24.6,bone marrow,20.2,0.1038,False,0.2414,False,0.2677,False,False
KNL1,ENSG00000137812,HPA v23,True,Enhanced,0.8,thymus,7.2,bone marrow,5.1,0.4729,False,0.4729,False,0.4729,False,False
PAK6,ENSG00000137843,HPA v23,True,Approved,0.95,cerebral cortex,31.8,cerebral cortex,31.8,0.0803,False,0.1538,False,0.1573,False,False
SLC44A5,ENSG00000137968,HPA v23,True,no data,0.97,skin,10.4,skin,10.4,0.1205,False,0.1864,False,0.2693,False,False
DNASE2B,ENSG00000137976,HPA v23,True,no data,0.97,salivary gland,165.3,salivary gland,165.3,0.0,False,0.032,False,0.032,False,False
SULT6B1,ENSG00000138068,HPA v23,True,no data,0.97,bone marrow,0.3,bone marrow,0.3,1.0,True,1.0,True,1.0,True,False
CENPO,ENSG00000138092,HPA v23,True,no data,0.97,thymus,11.1,bone marrow,9.1,0.0947,False,0.1811,False,0.2076,False,False
CYP2C8,ENSG00000138115,HPA v23,True,Enhanced,0.8,liver,2088.7,liver,2088.7,0.0014,False,0.0014,False,0.0014,False,False
KIF20B,ENSG00000138182,HPA v23,True,Supported,0.9,bone marrow,10.1,bone marrow,10.1,0.1265,False,0.1592,False,0.1801,False,False
TET1,ENSG00000138336,HPA v23,True,no data,0.97,thymus,1.9,retina,1.5,0.1765,False,0.1765,False,0.1765,False,False
MSTN,ENSG00000138379,HPA v23,True,no data,0.97,tongue,14.7,tongue,14.7,0.0,False,0.0081,False,0.0081,False,False
CARF,ENSG00000138380,HPA v23,True,Approved,0.95,retina,15.6,retina,15.6,0.1082,False,0.2633,False,0.2876,False,False
MDH1B,ENSG00000138400,HPA v23,True,Approved,0.95,fallopian tube,21.8,choroid plexus,20.3,0.2222,False,0.4464,False,0.4483,False,False
CCDC54,ENSG00000138483,HPA v23,True,no data,0.97,heart muscle,0.7,heart muscle,0.7,1.0,True,1.0,True,1.0,True,False
MNS1,ENSG00000138587,HPA v23,True,no data,0.97,choroid plexus,22.0,choroid plexus,22.0,0.2959,False,0.4626,False,0.4746,False,False
HERC5,ENSG00000138646,HPA v23,True,Supported,0.9,bone marrow,18.6,bone marrow,18.6,0.2587,False,0.3867,False,0.399,False,False
PRKG2,ENSG00000138669,HPA v23,True,Approved,0.95,small intestine,13.3,small intestine,13.3,0.0,False,0.2268,False,0.2371,False,False
IL21,ENSG00000138684,HPA v23,True,no data,0.97,lymph node,5.8,lymph node,5.8,0.0,False,0.0,False,0.0,False,False
BLTP1,ENSG00000138688,HPA v23,True,Approved,0.95,retina,60.4,retina,60.4,0.0556,False,0.1759,False,0.1968,False,False
CENPE,ENSG00000138778,HPA v23,True,Enhanced,0.8,bone marrow,9.9,bone marrow,9.9,0.0954,False,0.0954,False,0.0954,False,False
GSTCD,ENSG00000138780,HPA v23,True,Approved,0.95,retina,7.1,retina,7.1,0.1164,False,0.2502,False,0.286,False,False
C4orf17,ENSG00000138813,HPA v23,True,no data,0.97,adipose tissue,0.0,adipose tissue,0.0,1.0,True,1.0,True,1.0,True,False
TTLL8,ENSG00000138892,HPA v23,True,no data,0.97,adipose tissue,0.0,adipose tissue,0.0,1.0,True,1.0,True,1.0,True,False
ALG10,ENSG00000139133,HPA v23,True,Approved,0.95,bone marrow,4.0,bone marrow,4.0,0.0795,False,0.251,False,0.2866,False,False
PLCZ1,ENSG00000139151,HPA v23,True,no data,0.97,skin,1.7,skin,1.7,0.9828,True,0.9828,True,0.9828,True,False
ETFBKMT,ENSG00000139160,HPA v23,True,Uncertain,0.97,liver,9.4,liver,9.4,0.0632,False,0.2119,False,0.2303,False,False
ETNK1,ENSG00000139163,HPA v23,True,Approved,0.95,stomach,43.9,stomach,43.9,0.0589,False,0.1684,False,0.1883,False,False
PTPRQ,ENSG00000139304,HPA v23,True,no data,0.97,kidney,6.9,kidney,6.9,0.0941,False,0.1765,False,0.1765,False,False
NEDD1,ENSG00000139350,HPA v23,True,Approved,0.95,skeletal muscle,36.7,skeletal muscle,36.7,0.0947,False,0.2228,False,0.2496,False,False
FOXN4,ENSG00000139445,HPA v23,True,no data,0.97,cervix,1.8,liver,0.8,0.9266,False,1.0,True,1.0,True,True
NUP58,ENSG00000139496,HPA v23,True,Approved,0.95,thymus,25.8,retina,25.4,0.1148,False,0.2232,False,0.2427,False,False
CCDC65,ENSG00000139537,HPA v23,True,no data,0.97,fallopian tube,25.8,choroid plexus,18.9,0.3461,False,0.6126,False,0.6126,False,False
DHH,ENSG00000139549,HPA v23,True,no data,0.97,spinal cord,1.0,spinal cord,1.0,1.0,True,1.0,True,1.0,True,False
BRCA2,ENSG00000139618,HPA v23,True,no data,0.97,bone marrow,5.4,bone marrow,5.4,0.168,False,0.168,False,0.168,False,False
MORN3,ENSG00000139714,HPA v23,True,no data,0.97,choroid plexus,6.0,choroid plexus,6.0,0.1717,False,0.3131,False,0.3131,False,False
VPS33A,ENSG00000139719,HPA v23,True,no data,0.97,retina,10.1,retina,10.1,0.074,False,0.1873,False,0.2063,False,False
DIAPH3,ENSG00000139734,HPA v23,True,no data,0.97,bone marrow,7.0,bone marrow,7.0,0.4925,False,0.4925,False,0.4925,False,False
RNF113B,ENSG00000139797,HPA v23,True,no data,0.97,adrenal gland,0.2,adrenal gland,0.2,1.0,True,1.0,True,1.0,True,False
ZIC5,ENSG00000139800,HPA v23,True,no data,0.97,cerebellum,27.0,cerebellum,27.0,0.0686,False,0.0686,False,0.0686,False,False
REM2,ENSG00000139890,HPA v23,True,no data,0.97,bone marrow,9.7,bone marrow,9.7,0.0982,False,0.1525,False,0.1525,False,False
MDGA2,ENSG00000139915,HPA v23,True,Uncertain,0.97,retina,4.3,retina,4.3,0.2842,False,0.2842,False,0.2842,False,False
WDR89,ENSG00000140006,HPA v23,True,Uncertain,0.97,lymph node,11.0,lymph node,11.0,0.063,False,0.1978,False,0.2257,False,False
ESR2,ENSG00000140009,HPA v23,True,Enhanced,0.8,adrenal gland,5.9,adrenal gland,5.9,0.4028,False,0.4537,False,0.4537,False,False
KCNH5,ENSG00000140015,HPA v23,True,no data,0.97,retina,4.3,retina,4.3,0.0,False,0.0,False,0.0,False,False
EFCAB11,ENSG00000140025,HPA v23,True,no data,0.97,fallopian tube,10.6,parathyroid gland,7.9,0.194,False,0.3307,False,0.3648,False,False
PTGR2,ENSG00000140043,HPA v23,True,Approved,0.95,skeletal muscle,31.7,skeletal muscle,31.7,0.0267,False,0.1427,False,0.1615,False,False
AK7,ENSG00000140057,HPA v23,True,Enhanced,0.8,fallopian tube,23.5,choroid plexus,17.7,0.0655,False,0.3419,False,0.3449,False,False
FAM181A,ENSG00000140067,HPA v23,True,Enhanced,0.8,amygdala,13.5,amygdala,13.5,0.3174,False,0.3268,False,0.3268,False,False
SLC24A4,ENSG00000140090,HPA v23,True,no data,0.97,choroid plexus,44.8,choroid plexus,44.8,0.0,False,0.0,False,0.0,False,False
SLC12A6,ENSG00000140199,HPA v23,True,Uncertain,0.97,retina,30.1,retina,30.1,0.0791,False,0.1958,False,0.2069,False,False
ADAMTS17,ENSG00000140470,HPA v23,True,no data,0.97,thymus,10.4,liver,7.4,0.0649,False,0.1054,False,0.1054,False,False
WDR93,ENSG00000140527,HPA v23,True,no data,0.97,fallopian tube,8.6,choroid plexus,6.8,0.34,False,0.72,False,0.72,False,False
TICRR,ENSG00000140534,HPA v23,True,no data,0.97,esophagus,4.1,esophagus,4.1,0.0392,False,0.049,False,0.049,False,False
SEPTIN12,ENSG00000140623,HPA v23,True,no data,0.97,cerebellum,3.1,cerebellum,3.1,0.9784,True,0.9784,True,0.9784,True,False
ABCC12,ENSG00000140798,HPA v23,True,no data,0.97,cerebral cortex,1.4,cerebral cortex,1.4,0.6923,False,0.6923,False,0.6923,False,False
CMTM2,ENSG00000140932,HPA v23,True,no data,0.97,spleen,1.4,spleen,1.4,0.9987,True,0.9987,True,0.9987,True,False
ADAD2,ENSG00000140955,HPA v23,True,Enhanced,0.8,spleen,3.6,spleen,3.6,0.9225,True,0.9225,True,0.9225,True,False
TIGD7,ENSG00000140993,HPA v23,True,Uncertain,0.97,choroid plexus,9.5,choroid plexus,9.5,0.1094,False,0.2617,False,0.2826,False,False
OR4D1,ENSG00000141194,HPA v23,True,no data,0.97,bone marrow,0.5,bone marrow,0.5,1.0,True,1.0,True,1.0,True,False
KIF2B,ENSG00000141200,HPA v23,True,Uncertain,0.97,adipose tissue,0.0,adipose tissue,0.0,1.0,False,1.0,False,1.0,False,False
MTNAP1,ENSG00000141219,HPA v23,True,Uncertain,0.97,skeletal muscle,22.9,skeletal muscle,22.9,0.1172,False,0.2466,False,0.2647,False,False
TAF4B,ENSG00000141384,HPA v23,True,Uncertain,0.97,tonsil,3.1,tonsil,3.1,0.2426,False,0.2681,False,0.3362,False,False
GNAL,ENSG00000141404,HPA v23,True,Enhanced,0.8,basal ganglia,61.7,basal ganglia,61.7,0.0267,False,0.1622,False,0.1713,False,False
RPRD1A,ENSG00000141425,HPA v23,True,Supported,0.9,epididymis,112.4,skeletal muscle,52.8,0.0466,False,0.2274,False,0.2439,False,False
ASXL3,ENSG00000141431,HPA v23,True,no data,0.97,cerebral cortex,1.5,cerebral cortex,1.5,0.7222,False,0.7222,False,0.7222,False,False
ZMYND15,ENSG00000141497,HPA v23,True,no data,0.97,parathyroid gland,5.3,parathyroid gland,5.3,0.4196,False,0.4306,False,0.4401,False,False
ASGR1,ENSG00000141505,HPA v23,True,Enhanced,0.8,liver,1065.6,liver,1065.6,0.0208,False,0.0231,False,0.0238,False,False
RNF157,ENSG00000141576,HPA v23,True,no data,0.97,cerebral cortex,75.0,cerebral cortex,75.0,0.0461,False,0.0538,False,0.0595,False,False
MBD1,ENSG00000141644,HPA v23,True,Approved,0.95,skeletal muscle,49.2,skeletal muscle,49.2,0.0929,False,0.2204,False,0.2384,False,False
FBXO15,ENSG00000141665,HPA v23,True,no data,0.97,fallopian tube,3.9,retina,3.3,0.3782,False,0.641,False,0.641,False,False
ZIM3,ENSG00000141946,HPA v23,True,no data,0.97,skeletal muscle,0.2,skeletal muscle,0.2,1.0,True,1.0,True,1.0,True,False
CIB3,ENSG00000141977,HPA v23,True,no data,0.97,bone marrow,1.2,bone marrow,1.2,0.0,False,0.0,False,0.0,False,False
HUNK,ENSG00000142149,HPA v23,True,Approved,0.95,pancreas,9.5,pancreas,9.5,0.0992,False,0.2534,False,0.2562,False,False
GPR32,ENSG00000142511,HPA v23,True,no data,0.97,parathyroid gland,56.2,parathyroid gland,56.2,0.0125,False,0.0125,False,0.0125,False,False
ACP4,ENSG00000142513,HPA v23,True,no data,0.97,skin,1.2,skin,1.2,0.9286,False,0.9286,False,0.9286,False,False
GARIN5A,ENSG00000142530,HPA v23,True,no data,0.97,basal ganglia,9.0,basal ganglia,9.0,0.5293,False,0.5378,False,0.5378,False,False
PTH2,ENSG00000142538,HPA v23,True,no data,0.97,cerebellum,1.0,cerebellum,1.0,1.0,True,1.0,True,1.0,True,False
FHAD1,ENSG00000142621,HPA v23,True,Enhanced,0.8,fallopian tube,15.0,choroid plexus,10.2,0.2801,False,0.6551,False,0.6551,False,False
PLK4,ENSG00000142731,HPA v23,True,Approved,0.95,bone marrow,22.3,bone marrow,22.3,0.2584,False,0.2703,False,0.28,False,False
AZIN2,ENSG00000142920,HPA v23,True,no data,0.97,spinal cord,21.6,spinal cord,21.6,0.2251,False,0.2903,False,0.2973,False,False
KIF2C,ENSG00000142945,HPA v23,True,Enhanced,0.8,thymus,36.4,bone marrow,32.6,0.3463,False,0.3595,False,0.3617,False,False
BARHL2,ENSG00000143032,HPA v23,True,no data,0.97,cerebellum,43.9,cerebellum,43.9,0.0261,False,0.0261,False,0.0261,False,False
KCNA10,ENSG00000143105,HPA v23,True,no data,0.97,thymus,0.2,lung,0.1,1.0,True,1.0,True,1.0,True,False
FNDC7,ENSG00000143107,HPA v23,True,Enhanced,0.8,retina,0.4,retina,0.4,1.0,True,1.0,True,1.0,True,False
ADCY10,ENSG00000143199,HPA v23,True,Approved,0.95,liver,5.9,liver,5.9,0.7488,False,0.7488,False,0.7488,False,False
NUF2,ENSG00000143228,HPA v23,True,no data,0.97,bone marrow,28.0,bone marrow,28.0,0.3192,False,0.3233,False,0.3244,False,False
FAM163A,ENSG00000143340,HPA v23,True,no data,0.97,pituitary gland,28.8,pituitary gland,28.8,0.1843,False,0.1843,False,0.1843,False,False
LHX9,ENSG00000143355,HPA v23,True,no data,0.97,retina,3.6,retina,3.6,0.8525,False,0.8525,False,0.8525,False,False
C1orf56,ENSG00000143443,HPA v23,True,Enhanced,0.8,adrenal gland,9.9,adrenal gland,9.9,0.3399,False,0.4542,False,0.4681,False,False
OAZ3,ENSG00000143450,HPA v23,True,no data,0.97,prostate,8.4,salivary gland,7.5,0.8468,False,0.8881,False,0.8913,False,False
SYT14,ENSG00000143469,HPA v23,True,no data,0.97,thyroid gland,6.0,thyroid gland,6.0,0.1964,False,0.1964,False,0.1964,False,False
DTL,ENSG00000143476,HPA v23,True,Supported,0.9,bone marrow,14.4,bone marrow,14.4,0.2192,False,0.2192,False,0.2308,False,False
DYRK3,ENSG00000143479,HPA v23,True,no data,0.97,gallbladder,13.0,gallbladder,13.0,0.2653,False,0.3737,False,0.3977,False,False
VASH2,ENSG00000143494,HPA v23,True,no data,0.97,thymus,4.1,esophagus,3.9,0.2605,False,0.3678,False,0.4061,False,False
TAF1A,ENSG00000143498,HPA v23,True,Approved,0.95,lymph node,6.3,lymph node,6.3,0.1359,False,0.2781,False,0.3004,False,False
HHIPL2,ENSG00000143512,HPA v23,True,Enhanced,0.8,thyroid gland,1.9,thyroid gland,1.9,0.8043,True,0.8043,True,0.8043,True,False
NUP210L,ENSG00000143552,HPA v23,True,Enhanced,0.8,choroid plexus,0.6,choroid plexus,0.6,1.0,True,1.0,True,1.0,True,False
CEP170,ENSG00000143702,HPA v23,True,Uncertain,0.97,bone marrow,52.0,bone marrow,52.0,0.2354,False,0.2983,False,0.3094,False,False
SDE2,ENSG00000143751,HPA v23,True,Approved,0.95,bone marrow,32.4,bone marrow,32.4,0.0596,False,0.1822,False,0.2069,False,False
WDPCP,ENSG00000143951,HPA v23,True,Uncertain,0.97,retina,11.5,retina,11.5,0.0792,False,0.2031,False,0.225,False,False
ABHD1,ENSG00000143994,HPA v23,True,Uncertain,0.97,liver,3.2,liver,3.2,0.8299,False,0.8299,False,0.8299,False,False
TRIM43B,ENSG00000144010,HPA v23,True,no data,0.97,thymus,0.3,cerebral cortex,0.1,1.0,True,1.0,True,1.0,True,False
TRIM43,ENSG00000144015,HPA v23,True,no data,0.97,thymus,0.3,stomach,0.2,1.0,True,1.0,True,1.0,True,False
NPHP1,ENSG00000144061,HPA v23,True,Approved,0.95,choroid plexus,37.1,choroid plexus,37.1,0.103,False,0.2556,False,0.2663,False,False
NT5DC4,ENSG00000144130,HPA v23,True,no data,0.97,bone marrow,1.2,bone marrow,1.2,0.8824,False,0.8824,False,0.8824,False,False
LIPT1,ENSG00000144182,HPA v23,True,Approved,0.95,epididymis,13.7,bone marrow,12.2,0.0777,False,0.2316,False,0.261,False,False
CCDC150,ENSG00000144395,HPA v23,True,no data,0.97,kidney,2.5,kidney,2.5,0.6909,False,0.6909,False,0.6909,False,False
METTL21A,ENSG00000144401,HPA v23,True,Uncertain,0.97,liver,23.1,liver,23.1,0.0495,False,0.1379,False,0.1507,False,False
KANSL1L,ENSG00000144445,HPA v23,True,Uncertain,0.97,parathyroid gland,192.4,parathyroid gland,192.4,0.0742,False,0.2172,False,0.2301,False,False
ESPNL,ENSG00000144488,HPA v23,True,no data,0.97,cerebellum,4.1,cerebellum,4.1,0.125,False,0.1818,False,0.1818,False,False
CNTN4,ENSG00000144619,HPA v23,True,no data,0.97,parathyroid gland,21.8,parathyroid gland,21.8,0.1303,False,0.3115,False,0.3212,False,False
SLC22A14,ENSG00000144671,HPA v23,True,no data,0.97,cerebellum,1.3,cerebellum,1.3,0.9717,True,0.9717,True,0.9717,True,False
ZNF660,ENSG00000144792,HPA v23,True,no data,0.97,retina,4.4,retina,4.4,0.2113,False,0.4648,False,0.4648,False,False
MYH15,ENSG00000144821,HPA v23,True,Uncertain,0.97,retina,3.1,retina,3.1,0.0,False,0.0,False,0.0,False,False
RABL3,ENSG00000144840,HPA v23,True,Uncertain,0.97,adrenal gland,15.6,adrenal gland,15.6,0.0462,False,0.1511,False,0.1732,False,False
MED12L,ENSG00000144893,HPA v23,True,Enhanced,0.8,bone marrow,3.8,bone marrow,3.8,0.1158,False,0.1467,False,0.1467,False,False
UCN2,ENSG00000145040,HPA v23,True,no data,0.97,skin,12.8,skin,12.8,0.0136,False,0.3136,False,0.3136,False,False
FIP1L1,ENSG00000145216,HPA v23,True,Supported,0.9,thymus,28.9,bone marrow,27.8,0.098,False,0.2299,False,0.2517,False,False
TRMT10A,ENSG00000145331,HPA v23,True,no data,0.97,liver,9.5,liver,9.5,0.1043,False,0.2218,False,0.2475,False,False
AFG2A,ENSG00000145375,HPA v23,True,Approved,0.95,stomach,2.3,stomach,2.3,0.2479,False,0.3333,False,0.3846,False,False
ROPN1L,ENSG00000145491,HPA v23,True,Enhanced,0.8,fallopian tube,26.5,choroid plexus,11.0,0.8358,False,0.9063,False,0.9063,False,False
FBXL17,ENSG00000145743,HPA v23,True,Uncertain,0.97,skeletal muscle,42.0,skeletal muscle,42.0,0.0363,False,0.1454,False,0.1629,False,False
SPATA9,ENSG00000145757,HPA v23,True,Approved,0.95,adipose tissue,1.0,adipose tissue,1.0,1.0,False,1.0,False,1.0,False,False
TIMD4,ENSG00000145850,HPA v23,True,Approved,0.95,lymph node,53.9,lymph node,53.9,0.4829,False,0.4836,False,0.4836,False,False
FBXO38,ENSG00000145868,HPA v23,True,Approved,0.95,thymus,19.7,skeletal muscle,18.0,0.0626,False,0.2009,False,0.2238,False,False
FAM217A,ENSG00000145975,HPA v23,True,no data,0.97,pancreas,1.5,pancreas,1.5,0.9643,False,0.9643,False,0.9643,False,False
TBC1D7,ENSG00000145979,HPA v23,True,Approved,0.95,heart muscle,30.5,heart muscle,30.5,0.0537,False,0.1668,False,0.1838,False,False
TCTE1,ENSG00000146221,HPA v23,True,no data,0.97,fallopian tube,14.0,cerebellum,7.6,0.4801,False,0.6954,False,0.6954,False,False
IRAK1BP1,ENSG00000146243,HPA v23,True,no data,0.97,retina,5.4,retina,5.4,0.0874,False,0.2732,False,0.2969,False,False
MMS22L,ENSG00000146263,HPA v23,True,no data,0.97,bone marrow,7.0,bone marrow,7.0,0.1948,False,0.2436,False,0.2779,False,False
GABRR1,ENSG00000146276,HPA v23,True,no data,0.97,retina,23.9,retina,23.9,0.0,False,0.0,False,0.0,False,False
TAAR2,ENSG00000146378,HPA v23,True,no data,0.97,adipose tissue,0.0,adipose tissue,0.0,1.0,True,1.0,True,1.0,True,False
MTFR2,ENSG00000146410,HPA v23,True,Approved,0.95,bone marrow,16.1,bone marrow,16.1,0.131,False,0.131,False,0.131,False,False
PNLDC1,ENSG00000146453,HPA v23,True,Uncertain,0.97,basal ganglia,3.6,basal ganglia,3.6,0.5966,False,0.6639,False,0.6639,False,False
CDCA5,ENSG00000146670,HPA v23,True,Enhanced,0.8,bone marrow,52.7,bone marrow,52.7,0.1998,False,0.2136,False,0.2179,False,False
PSPH,ENSG00000146733,HPA v23,True,Approved,0.95,fallopian tube,15.9,choroid plexus,13.0,0.0562,False,0.2011,False,0.211,False,False
ZAN,ENSG00000146839,HPA v23,True,no data,0.97,adipose tissue,0.0,adipose tissue,0.0,1.0,True,1.0,True,1.0,True,False
TMEM140,ENSG00000146859,HPA v23,True,no data,0.97,skeletal muscle,84.5,skeletal muscle,84.5,0.0459,False,0.1482,False,0.183,False,False
NCAPG2,ENSG00000146918,HPA v23,True,Approved,0.95,thymus,27.2,bone marrow,24.1,0.0989,False,0.171,False,0.1912,False,False
RAB41,ENSG00000147127,HPA v23,True,no data,0.97,retina,56.0,retina,56.0,0.0483,False,0.0483,False,0.0483,False,False
ZNF711,ENSG00000147180,HPA v23,True,Enhanced,0.8,cerebral cortex,18.3,cerebral cortex,18.3,0.1993,False,0.2934,False,0.3111,False,False
MCPH1,ENSG00000147316,HPA v23,True,Supported,0.9,thymus,16.2,bone marrow,13.1,0.0698,False,0.1984,False,0.2217,False,False
GINS4,ENSG00000147536,HPA v23,True,Uncertain,0.97,thymus,6.0,tonsil,5.9,0.1006,False,0.1124,False,0.1331,False,False
DNAJC5B,ENSG00000147570,HPA v23,True,no data,0.97,lymph node,7.5,lymph node,7.5,0.7588,False,0.7588,False,0.7588,False,False
PRDM14,ENSG00000147596,HPA v23,True,no data,0.97,bone marrow,0.2,bone marrow,0.2,1.0,True,1.0,True,1.0,True,False
PSKH2,ENSG00000147613,HPA v23,True,Approved,0.95,retina,2.4,retina,2.4,0.0,False,0.0,False,0.0,False,False
HAUS6,ENSG00000147874,HPA v23,True,Approved,0.95,bone marrow,16.8,bone marrow,16.8,0.1244,False,0.2347,False,0.2633,False,False
FBXO10,ENSG00000147912,HPA v23,True,Uncertain,0.97,skeletal muscle,28.7,skeletal muscle,28.7,0.0516,False,0.1607,False,0.1672,False,False
CEP78,ENSG00000148019,HPA v23,True,Approved,0.95,bone marrow,12.2,bone marrow,12.2,0.1216,False,0.2321,False,0.2512,False,False
NR6A1,ENSG00000148200,HPA v23,True,no data,0.97,thyroid gland,5.2,thyroid gland,5.2,0.4967,False,0.5078,False,0.5078,False,False
OR5C1,ENSG00000148215,HPA v23,True,no data,0.97,adipose tissue,0.0,adipose tissue,0.0,1.0,True,1.0,True,1.0,True,False
LRIT1,ENSG00000148602,HPA v23,True,no data,0.97,retina,24.9,retina,24.9,0.173,False,0.173,False,0.173,False,False
RGR,ENSG00000148604,HPA v23,True,no data,0.97,retina,134.8,retina,134.8,0.0,False,0.0,False,0.0,False,False
HTR7,ENSG00000148680,HPA v23,True,Approved,0.95,parathyroid gland,12.7,parathyroid gland,12.7,0.3378,False,0.3378,False,0.3378,False,False
LRRC27,ENSG00000148814,HPA v23,True,Enhanced,0.8,choroid plexus,15.3,choroid plexus,15.3,0.2652,False,0.3765,False,0.3895,False,False
PAOX,ENSG00000148832,HPA v23,True,no data,0.97,liver,7.5,liver,7.5,0.3078,False,0.4073,False,0.4176,False,False
IMMP1L,ENSG00000148950,HPA v23,True,Approved,0.95,skeletal muscle,48.3,skeletal muscle,48.3,0.0485,False,0.1526,False,0.1719,False,False
ZNF214,ENSG00000149050,HPA v23,True,no data,0.97,retina,5.2,retina,5.2,0.1697,False,0.4945,False,0.5314,False,False
ZNF215,ENSG00000149054,HPA v23,True,Enhanced,0.8,tonsil,4.1,tonsil,4.1,0.0382,False,0.0382,False,0.0611,False,False
SESN3,ENSG00000149212,HPA v23,True,no data,0.97,basal ganglia,30.7,basal ganglia,30.7,0.1328,False,0.2302,False,0.2515,False,False
KLHL35,ENSG00000149243,HPA v23,True,Enhanced,0.8,basal ganglia,10.4,basal ganglia,10.4,0.2078,False,0.2078,False,0.2078,False,False
SLX4IP,ENSG00000149346,HPA v23,True,Approved,0.95,retina,5.2,retina,5.2,0.037,False,0.1704,False,0.1865,False,False
OOSP2,ENSG00000149507,HPA v23,True,Enhanced,0.8,adipose tissue,0.0,adipose tissue,0.0,1.0,False,1.0,False,1.0,False,False
CCDC15,ENSG00000149548,HPA v23,True,no data,0.97,salivary gland,3.8,salivary gland,3.8,0.4532,False,0.5123,False,0.5961,False,False
CHEK1,ENSG00000149554,HPA v23,True,no data,0.97,seminal vesicle,29.4,bone marrow,26.0,0.0675,False,0.2636,False,0.272,False,False
C20orf144,ENSG00000149609,HPA v23,True,Enhanced,0.8,breast,0.1,adipose tissue,0.0,1.0,True,1.0,True,1.0,True,False
CNBD2,ENSG00000149646,HPA v23,True,Uncertain,0.97,skeletal muscle,22.9,skeletal muscle,22.9,0.1243,False,0.2235,False,0.2356,False,False
SPINT4,ENSG00000149651,HPA v23,True,Enhanced,0.8,epididymis,272.1,retina,1.0,0.0,False,1.0,False,1.0,False,False
CABLES2,ENSG00000149679,HPA v23,True,no data,0.97,cerebellum,13.8,cerebellum,13.8,0.1802,False,0.274,False,0.283,False,False
TLCD3B,ENSG00000149926,HPA v23,True,no data,0.97,cerebellum,85.2,cerebellum,85.2,0.2303,False,0.2303,False,0.2303,False,False
HMGA2,ENSG00000149948,HPA v23,True,Approved,0.95,bone marrow,4.8,bone marrow,4.8,0.2673,False,0.297,False,0.297,False,False
TRIM48,ENSG00000150244,HPA v23,True,no data,0.97,skin,0.2,skin,0.2,1.0,True,1.0,True,1.0,True,False
PCDH15,ENSG00000150275,HPA v23,True,no data,0.97,retina,59.9,retina,59.9,0.0185,False,0.0185,False,0.0185,False,False
TIRAP,ENSG00000150455,HPA v23,True,no data,0.97,salivary gland,8.0,salivary gland,8.0,0.0562,False,0.2068,False,0.2283,False,False
KIAA1328,ENSG00000150477,HPA v23,True,Approved,0.95,retina,20.5,retina,20.5,0.1032,False,0.2156,False,0.232,False,False
MIA2,ENSG00000150527,HPA v23,True,Approved,0.95,liver,131.0,liver,131.0,0.0291,False,0.145,False,0.1605,False,False
FSIP1,ENSG00000150667,HPA v23,True,no data,0.97,rectum,10.6,rectum,10.6,0.2542,False,0.2627,False,0.2627,False,False
CCDC83,ENSG00000150676,HPA v23,True,no data,0.97,adipose tissue,0.0,adipose tissue,0.0,1.0,True,1.0,True,1.0,True,False
DOCK1,ENSG00000150760,HPA v23,True,Approved,0.95,midbrain,35.5,midbrain,35.5,0.0627,False,0.2208,False,0.2451,False,False
PIH1D2,ENSG00000150773,HPA v23,True,no data,0.97,fallopian tube,14.4,retina,12.0,0.5213,False,0.6762,False,0.6836,False,False
NKAPD1,ENSG00000150776,HPA v23,True,Approved,0.95,retina,32.4,retina,32.4,0.0741,False,0.1967,False,0.2216,False,False
TEX12,ENSG00000150783,HPA v23,True,Enhanced,0.8,retina,8.4,retina,8.4,0.7208,False,0.7208,False,0.7208,False,False
TKTL2,ENSG00000151005,HPA v23,True,no data,0.97,bone marrow,0.1,bone marrow,0.1,1.0,True,1.0,True,1.0,True,False
LYZL2,ENSG00000151033,HPA v23,True,no data,0.97,adipose tissue,0.0,adipose tissue,0.0,1.0,True,1.0,True,1.0,True,False
CACNA2D4,ENSG00000151062,HPA v23,True,no data,0.97,retina,19.5,retina,19.5,0.0,False,0.0,False,0.0,False,False
RAD9B,ENSG00000151164,HPA v23,True,Approved,0.95,skeletal muscle,0.8,skeletal muscle,0.8,1.0,False,1.0,False,1.0,False,False
EIF4E,ENSG00000151247,HPA v23,True,Supported,0.9,bone marrow,56.6,bone marrow,56.6,0.0685,False,0.1849,False,0.2037,False,False
TEX30,ENSG00000151287,HPA v23,True,Enhanced,0.8,epididymis,69.5,liver,38.8,0.2531,False,0.4521,False,0.4638,False,False
MIPOL1,ENSG00000151338,HPA v23,True,Enhanced,0.8,prostate,7.5,parathyroid gland,6.7,0.1327,False,0.3712,False,0.408,False,False
ALLC,ENSG00000151360,HPA v23,True,no data,0.97,gallbladder,0.7,gallbladder,0.7,1.0,True,1.0,True,1.0,True,False
SLC25A31,ENSG00000151475,HPA v23,True,Uncertain,0.97,basal ganglia,0.1,basal ganglia,0.1,1.0,False,1.0,False,1.0,False,False
TEX9,ENSG00000151575,HPA v23,True,no data,0.97,fallopian tube,11.6,pituitary gland,9.0,0.0831,False,0.2435,False,0.272,False,False
DRD3,ENSG00000151577,HPA v23,True,no data,0.97,basal ganglia,3.2,basal ganglia,3.2,0.0,False,0.0,False,0.0,False,False
POU4F2,ENSG00000151615,HPA v23,True,no data,0.97,retina,1.0,retina,1.0,1.0,True,1.0,True,1.0,True,False
ANKAR,ENSG00000151687,HPA v23,True,no data,0.97,epididymis,0.6,parathyroid gland,0.6,1.0,True,1.0,True,1.0,True,False
CENPU,ENSG00000151725,HPA v23,True,no data,0.97,bone marrow,61.8,bone marrow,61.8,0.156,False,0.1802,False,0.2025,False,False
CCDC122,ENSG00000151773,HPA v23,True,Approved,0.95,epididymis,5.2,thyroid gland,4.8,0.1111,False,0.3262,False,0.3584,False,False
ZNF385D,ENSG00000151789,HPA v23,True,no data,0.97,retina,7.9,retina,7.9,0.1354,False,0.1849,False,0.2161,False,False
FAM168B,ENSG00000152102,HPA v23,True,Enhanced,0.8,basal ganglia,69.2,basal ganglia,69.2,0.0501,False,0.1814,False,0.1973,False,False
POU4F1,ENSG00000152192,HPA v23,True,Enhanced,0.8,retina,2.5,retina,2.5,0.0,False,0.0,False,0.0,False,False
GRID2,ENSG00000152208,HPA v23,True,Enhanced,0.8,cerebellum,11.2,cerebellum,11.2,0.565,False,0.565,False,0.565,False,False
SPC25,ENSG00000152253,HPA v23,True,Enhanced,0.8,thymus,8.4,esophagus,4.3,0.0912,False,0.1081,False,0.1081,False,False
KCNK13,ENSG00000152315,HPA v23,True,Approved,0.95,parathyroid gland,5.8,parathyroid gland,5.8,0.367,False,0.367,False,0.367,False,False
ATG10,ENSG00000152348,HPA v23,True,Approved,0.95,parathyroid gland,11.2,parathyroid gland,11.2,0.0828,False,0.226,False,0.2568,False,False
JMY,ENSG00000152409,HPA v23,True,Uncertain,0.97,endometrium,11.5,retina,11.4,0.0784,False,0.2383,False,0.2562,False,False
XRCC4,ENSG00000152422,HPA v23,True,Supported,0.9,thymus,10.0,tonsil,8.7,0.0819,False,0.1813,False,0.2099,False,False
ZNF776,ENSG00000152443,HPA v23,True,no data,0.97,epididymis,21.1,retina,20.0,0.0553,False,0.2156,False,0.2392,False,False
SUV39H2,ENSG00000152455,HPA v23,True,Enhanced,0.8,thymus,5.9,bone marrow,4.9,0.4404,False,0.5052,False,0.5345,False,False
OLAH,ENSG00000152463,HPA v23,True,Enhanced,0.8,spleen,8.7,spleen,8.7,0.6071,False,0.6228,False,0.7188,False,False
RPP38,ENSG00000152464,HPA v23,True,Approved,0.95,cerebellum,21.5,cerebellum,21.5,0.0987,False,0.2326,False,0.2585,False,False
CAMK4,ENSG00000152495,HPA v23,True,Approved,0.95,thymus,54.0,cerebellum,53.5,0.0448,False,0.0591,False,0.0591,False,False
TRIM36,ENSG00000152503,HPA v23,True,no data,0.97,retina,42.9,retina,42.9,0.4544,False,0.4848,False,0.4936,False,False
SPEF2,ENSG00000152582,HPA v23,True,Enhanced,0.8,choroid plexus,18.5,choroid plexus,18.5,0.0808,False,0.396,False,0.4213,False,False
DMP1,ENSG00000152592,HPA v23,True,Approved,0.95,urinary bladder,0.1,urinary bladder,0.1,1.0,False,1.0,False,1.0,False,False
CAPSL,ENSG00000152611,HPA v23,True,Enhanced,0.8,fallopian tube,107.2,choroid plexus,88.5,0.0327,False,0.4741,False,0.4741,False,False
CATSPER3,ENSG00000152705,HPA v23,True,no data,0.97,skeletal muscle,2.9,skeletal muscle,2.9,0.8201,False,0.8201,False,0.8201,False,False
DNAI4,ENSG00000152763,HPA v23,True,no data,0.97,fallopian tube,26.8,choroid plexus,20.0,0.2648,False,0.5318,False,0.5459,False,False
CENPH,ENSG00000153044,HPA v23,True,Approved,0.95,bone marrow,33.2,bone marrow,33.2,0.1552,False,0.2268,False,0.2549,False,False
ACOXL,ENSG00000153093,HPA v23,True,no data,0.97,lung,8.9,lung,8.9,0.0655,False,0.4148,False,0.4148,False,False
CLGN,ENSG00000153132,HPA v23,True,Enhanced,0.8,heart muscle,57.4,heart muscle,57.4,0.4114,False,0.5374,False,0.5435,False,False
SYCP2L,ENSG00000153157,HPA v23,True,no data,0.97,parathyroid gland,66.4,parathyroid gland,66.4,0.0296,False,0.0508,False,0.0508,False,False
RGPD3,ENSG00000153165,HPA v23,True,no data,0.97,thymus,1.9,retina,0.9,0.8636,False,0.8636,False,0.8636,False,False
AHCTF1,ENSG00000153207,HPA v23,True,Uncertain,0.97,bone marrow,16.7,bone marrow,16.7,0.1326,False,0.2518,False,0.2738,False,False
CCDC148,ENSG00000153237,HPA v23,True,no data,0.97,parathyroid gland,3.1,parathyroid gland,3.1,0.2695,False,0.4326,False,0.4539,False,False
FAM81B,ENSG00000153347,HPA v23,True,Approved,0.95,choroid plexus,60.6,choroid plexus,60.6,0.3634,False,0.5867,False,0.5867,False,False
TEX29,ENSG00000153495,HPA v23,True,no data,0.97,cerebral cortex,12.0,cerebral cortex,12.0,0.7077,False,0.7077,False,0.7077,False,False
SPACA7,ENSG00000153498,HPA v23,True,Enhanced,0.8,bone marrow,0.5,bone marrow,0.5,1.0,True,1.0,True,1.0,True,False
CNKSR3,ENSG00000153721,HPA v23,True,Approved,0.95,pancreas,18.3,pancreas,18.3,0.0839,False,0.23,False,0.2433,False,False
SPMIP4,ENSG00000153790,HPA v23,True,no data,0.97,adrenal gland,7.6,adrenal gland,7.6,0.4242,False,0.5057,False,0.5172,False,False
MCOLN2,ENSG00000153898,HPA v23,True,no data,0.97,rectum,14.6,rectum,14.6,0.0225,False,0.0746,False,0.0746,False,False
GDPD1,ENSG00000153982,HPA v23,True,no data,0.97,cerebral cortex,11.6,cerebral cortex,11.6,0.0823,False,0.1062,False,0.1148,False,False
ASB17,ENSG00000154007,HPA v23,True,no data,0.97,kidney,0.2,kidney,0.2,1.0,True,1.0,True,1.0,True,False
IMPACT,ENSG00000154059,HPA v23,True,Approved,0.95,thyroid gland,31.5,thyroid gland,31.5,0.0858,False,0.2149,False,0.246,False,False
DNAAF1,ENSG00000154099,HPA v23,True,Enhanced,0.8,choroid plexus,23.7,choroid plexus,23.7,0.3858,False,0.5881,False,0.5881,False,False
TBCEL,ENSG00000154114,HPA v23,True,Approved,0.95,parathyroid gland,14.9,parathyroid gland,14.9,0.0921,False,0.2397,False,0.263,False,False
PANX3,ENSG00000154143,HPA v23,True,no data,0.97,basal ganglia,0.2,basal ganglia,0.2,1.0,True,1.0,True,1.0,True,False
ASZ1,ENSG00000154438,HPA v23,True,Enhanced,0.8,adipose tissue,0.0,adipose tissue,0.0,1.0,True,1.0,True,1.0,True,False
CFAP210,ENSG00000154479,HPA v23,True,Approved,0.95,choroid plexus,45.9,choroid plexus,45.9,0.4629,False,0.5455,False,0.5467,False,False
SRSF12,ENSG00000154548,HPA v23,True,Approved,0.95,cerebral cortex,4.2,cerebral cortex,4.2,0.3408,False,0.3408,False,0.3408,False,False
PSMA8,ENSG00000154611,HPA v23,True,no data,0.97,tonsil,1.7,tonsil,1.7,0.939,False,0.939,False,0.939,False,False
CHODL,ENSG00000154645,HPA v23,True,Enhanced,0.8,spleen,13.7,spleen,13.7,0.406,False,0.4763,False,0.4763,False,False
L3MBTL4,ENSG00000154655,HPA v23,True,Approved,0.95,liver,8.5,liver,8.5,0.1285,False,0.2634,False,0.2935,False,False
RABGEF1,ENSG00000154710,HPA v23,True,no data,0.97,bone marrow,76.0,bone marrow,76.0,0.0724,False,0.1925,False,0.2108,False,False
GABPA,ENSG00000154727,HPA v23,True,Supported,0.9,thymus,21.5,thyroid gland,20.6,0.0887,False,0.2299,False,0.2528,False,False
WNT7A,ENSG00000154764,HPA v23,True,no data,0.97,cerebral cortex,4.0,cerebral cortex,4.0,0.1397,False,0.1397,False,0.1397,False,False
SKA1,ENSG00000154839,HPA v23,True,Approved,0.95,bone marrow,11.8,bone marrow,11.8,0.1188,False,0.1188,False,0.1188,False,False
EME1,ENSG00000154920,HPA v23,True,Supported,0.9,epididymis,6.2,bone marrow,4.3,0.2591,False,0.5285,False,0.5285,False,False
EPHB1,ENSG00000154928,HPA v23,True,Enhanced,0.8,cerebellum,20.2,cerebellum,20.2,0.0862,False,0.1265,False,0.1457,False,False
SEPTIN14,ENSG00000154997,HPA v23,True,Enhanced,0.8,bone marrow,2.3,bone marrow,2.3,0.7932,False,0.8008,True,0.8008,True,True
RSPH10B,ENSG00000155026,HPA v23,True,Supported,0.9,fallopian tube,8.1,choroid plexus,4.2,0.5928,False,0.8241,False,0.8241,False,False
AK9,ENSG00000155085,HPA v23,True,Enhanced,0.8,choroid plexus,15.5,choroid plexus,15.5,0.0916,False,0.214,False,0.231,False,False
OR4K1,ENSG00000155249,HPA v23,True,no data,0.97,adipose tissue,0.0,adipose tissue,0.0,1.0,True,1.0,True,1.0,True,False
USP25,ENSG00000155313,HPA v23,True,Approved,0.95,skeletal muscle,116.3,skeletal muscle,116.3,0.0932,False,0.2253,False,0.2417,False,False
C16orf87,ENSG00000155330,HPA v23,True,Uncertain,0.97,skeletal muscle,13.2,skeletal muscle,13.2,0.1203,False,0.1972,False,0.2102,False,False
PPM1J,ENSG00000155367,HPA v23,True,Uncertain,0.97,skeletal muscle,73.1,skeletal muscle,73.1,0.2064,False,0.3046,False,0.3086,False,False
LRGUK,ENSG00000155530,HPA v23,True,no data,0.97,fallopian tube,3.9,choroid plexus,3.2,0.3571,False,0.6696,False,0.6696,False,False
ZKSCAN2,ENSG00000155592,HPA v23,True,no data,0.97,tongue,4.4,tongue,4.4,0.1628,False,0.2849,False,0.3052,False,False
C9orf85,ENSG00000155621,HPA v23,True,Approved,0.95,duodenum,11.2,duodenum,11.2,0.0669,False,0.1977,False,0.2216,False,False
PDZD9,ENSG00000155714,HPA v23,True,no data,0.97,cerebellum,2.0,cerebellum,2.0,0.9074,False,0.9074,False,0.9074,False,False
OTOA,ENSG00000155719,HPA v23,True,Enhanced,0.8,spleen,2.0,spleen,2.0,0.7436,False,0.7436,False,0.7436,False,False
FLACC1,ENSG00000155749,HPA v23,True,no data,0.97,choroid plexus,8.7,choroid plexus,8.7,0.3384,False,0.4924,False,0.4924,False,False
C2CD6,ENSG00000155754,HPA v23,True,no data,0.97,choroid plexus,1.2,choroid plexus,1.2,0.9869,True,0.9869,True,0.9869,True,False
CYLC2,ENSG00000155833,HPA v23,True,no data,0.97,adipose tissue,0.0,adipose tissue,0.0,1.0,True,1.0,True,1.0,True,False
SAXO1,ENSG00000155875,HPA v23,True,Enhanced,0.8,epididymis,0.4,pancreas,0.2,1.0,False,1.0,False,1.0,False,False
TRIM42,ENSG00000155890,HPA v23,True,no data,0.97,adipose tissue,0.0,adipose tissue,0.0,1.0,True,1.0,True,1.0,True,False
CFAP70,ENSG00000156042,HPA v23,True,Enhanced,0.8,choroid plexus,58.6,choroid plexus,58.6,0.1162,False,0.2835,False,0.2946,False,False
CFAP418,ENSG00000156172,HPA v23,True,Approved,0.95,retina,4.9,retina,4.9,0.0861,False,0.2773,False,0.3046,False,False
PPEF2,ENSG00000156194,HPA v23,True,no data,0.97,retina,231.4,retina,231.4,0.0,False,0.0,False,0.0,False,False
BACH1,ENSG00000156273,HPA v23,True,Approved,0.95,bone marrow,88.2,bone marrow,88.2,0.1116,False,0.219,False,0.2344,False,False
RPGR,ENSG00000156313,HPA v23,True,Approved,0.95,pituitary gland,32.0,pituitary gland,32.0,0.0397,False,0.1724,False,0.2143,False,False
SFR1,ENSG00000156384,HPA v23,True,no data,0.97,thymus,11.3,spinal cord,10.2,0.1123,False,0.2126,False,0.235,False,False
GDF6,ENSG00000156466,HPA v23,True,no data,0.97,heart muscle,2.7,heart muscle,2.7,0.7037,False,0.7556,False,0.7556,False,False
PABIR3,ENSG00000156500,HPA v23,True,Approved,0.95,choroid plexus,7.1,choroid plexus,7.1,0.2119,False,0.312,False,0.3149,False,False
FBXO43,ENSG00000156509,HPA v23,True,no data,0.97,thymus,0.3,lymph node,0.2,1.0,True,1.0,True,1.0,True,False
SASS6,ENSG00000156876,HPA v23,True,Uncertain,0.97,bone marrow,5.9,bone marrow,5.9,0.1314,False,0.2226,False,0.2536,False,False
BUB1B,ENSG00000156970,HPA v23,True,no data,0.97,thymus,34.8,bone marrow,17.6,0.1607,False,0.167,False,0.1705,False,False
TATDN2,ENSG00000157014,HPA v23,True,Approved,0.95,bone marrow,34.0,bone marrow,34.0,0.0485,False,0.1854,False,0.2028,False,False
SHCBP1L,ENSG00000157060,HPA v23,True,Enhanced,0.8,adipose tissue,0.0,adipose tissue,0.0,1.0,False,1.0,False,1.0,False,False
LYZL4,ENSG00000157093,HPA v23,True,Approved,0.95,retina,1.0,retina,1.0,1.0,True,1.0,True,1.0,True,False
NRG1,ENSG00000157168,HPA v23,True,Uncertain,0.97,liver,16.5,liver,16.5,0.0264,False,0.1089,False,0.1411,False,False
CLEC18A,ENSG00000157322,HPA v23,True,no data,0.97,kidney,23.2,kidney,23.2,0.0532,False,0.0532,False,0.0532,False,False
CFAP107,ENSG00000157330,HPA v23,True,no data,0.97,choroid plexus,45.3,choroid plexus,45.3,0.3872,False,0.5937,False,0.5937,False,False
ARMC12,ENSG00000157343,HPA v23,True,Enhanced,0.8,pituitary gland,10.9,pituitary gland,10.9,0.5553,False,0.6561,False,0.6596,False,False
HYDIN,ENSG00000157423,HPA v23,True,Enhanced,0.8,retina,6.6,retina,6.6,0.1369,False,0.3384,False,0.3384,False,False
ZNF19,ENSG00000157429,HPA v23,True,Approved,0.95,retina,10.6,retina,10.6,0.1222,False,0.2743,False,0.2919,False,False
CACNA2D3,ENSG00000157445,HPA v23,True,no data,0.97,basal ganglia,16.2,basal ganglia,16.2,0.0123,False,0.0205,False,0.0205,False,False
CCNB2,ENSG00000157456,HPA v23,True,Enhanced,0.8,bone marrow,73.6,bone marrow,73.6,0.1938,False,0.2141,False,0.2185,False,False
LCA5L,ENSG00000157578,HPA v23,True,Enhanced,0.8,retina,10.5,retina,10.5,0.7495,False,0.8433,False,0.8483,False,False
C9orf43,ENSG00000157653,HPA v23,True,no data,0.97,bone marrow,1.9,bone marrow,1.9,0.9352,False,0.9395,False,0.9395,False,False
SVOPL,ENSG00000157703,HPA v23,True,no data,0.97,choroid plexus,8.8,choroid plexus,8.8,0.0,False,0.0415,False,0.0415,False,False
CIB4,ENSG00000157884,HPA v23,True,no data,0.97,thyroid gland,2.4,thyroid gland,2.4,0.9186,False,0.9186,False,0.9186,False,False
CDC25C,ENSG00000158402,HPA v23,True,Approved,0.95,thymus,8.6,bone marrow,5.7,0.3678,False,0.3678,False,0.3678,False,False
RIBC1,ENSG00000158423,HPA v23,True,no data,0.97,choroid plexus,27.4,choroid plexus,27.4,0.2789,False,0.5061,False,0.5097,False,False
HMHB1,ENSG00000158497,HPA v23,True,no data,0.97,thymus,2.3,bone marrow,0.9,0.1875,False,0.1875,False,0.1875,False,False
CPA5,ENSG00000158525,HPA v23,True,no data,0.97,thymus,2.2,lymph node,1.8,0.9162,False,0.9162,False,0.9162,False,False
POM121L2,ENSG00000158553,HPA v23,True,no data,0.97,adipose tissue,0.0,adipose tissue,0.0,1.0,True,1.0,True,1.0,True,False
PKD1L1,ENSG00000158683,HPA v23,True,no data,0.97,skeletal muscle,2.7,skeletal muscle,2.7,0.0317,False,0.0317,False,0.0317,False,False
F11R,ENSG00000158769,HPA v23,True,Enhanced,0.8,esophagus,83.1,esophagus,83.1,0.0548,False,0.185,False,0.2039,False,False
RAPGEF6,ENSG00000158987,HPA v23,True,Approved,0.95,lymph node,20.6,lymph node,20.6,0.0758,False,0.1617,False,0.1859,False,False
CFAP298,ENSG00000159079,HPA v23,True,Enhanced,0.8,choroid plexus,67.7,choroid plexus,67.7,0.073,False,0.2007,False,0.2184,False,False
SYNJ1,ENSG00000159082,HPA v23,True,Enhanced,0.8,retina,46.9,retina,46.9,0.0453,False,0.104,False,0.1152,False,False
GART,ENSG00000159131,HPA v23,True,Approved,0.95,tonsil,37.5,tonsil,37.5,0.0736,False,0.1924,False,0.2162,False,False
GIP,ENSG00000159224,HPA v23,True,Enhanced,0.8,duodenum,251.8,duodenum,251.8,0.0,False,0.0,False,0.0,False,False
M1AP,ENSG00000159374,HPA v23,True,no data,0.97,bone marrow,2.4,bone marrow,2.4,0.6023,False,0.7386,False,0.7386,False,False
TGM7,ENSG00000159495,HPA v23,True,no data,0.97,tonsil,1.6,tonsil,1.6,0.0,False,0.0,False,0.0,False,False
DRC7,ENSG00000159625,HPA v23,True,no data,0.97,fallopian tube,20.4,choroid plexus,12.0,0.5574,False,0.8048,False,0.8048,False,False
C16orf86,ENSG00000159761,HPA v23,True,Enhanced,0.8,cerebellum,10.0,cerebellum,10.0,0.3527,False,0.4382,False,0.4591,False,False
ZNF230,ENSG00000159882,HPA v23,True,no data,0.97,retina,4.5,retina,4.5,0.0755,False,0.2114,False,0.2466,False,False
ZNF221,ENSG00000159905,HPA v23,True,no data,0.97,retina,2.9,retina,2.9,0.0714,False,0.1786,False,0.2024,False,False
ZNF233,ENSG00000159915,HPA v23,True,no data,0.97,retina,4.7,retina,4.7,0.308,False,0.3655,False,0.377,False,False
ZBTB8A,ENSG00000160062,HPA v23,True,Approved,0.95,cervix,6.0,tongue,5.9,0.0692,False,0.3288,False,0.3572,False,False
CILP2,ENSG00000160161,HPA v23,True,no data,0.97,gallbladder,1.5,gallbladder,1.5,0.9206,False,0.9206,False,0.9206,False,False
HSF2BP,ENSG00000160207,HPA v23,True,Enhanced,0.8,cerebral cortex,2.4,cerebral cortex,2.4,0.9256,False,0.9256,False,0.9256,False,False
CLDND2,ENSG00000160318,HPA v23,True,no data,0.97,bone marrow,9.5,bone marrow,9.5,0.2672,False,0.3412,False,0.3586,False,False
ZNF208,ENSG00000160321,HPA v23,True,no data,0.97,parathyroid gland,12.8,parathyroid gland,12.8,0.0845,False,0.2488,False,0.2657,False,False
ZNF714,ENSG00000160352,HPA v23,True,no data,0.97,thyroid gland,13.9,thyroid gland,13.9,0.1593,False,0.2456,False,0.2651,False,False
HIPK4,ENSG00000160396,HPA v23,True,no data,0.97,basal ganglia,8.8,basal ganglia,8.8,0.4868,False,0.4868,False,0.4868,False,False
COX6B2,ENSG00000160471,HPA v23,True,no data,0.97,colon,6.5,colon,6.5,0.8571,False,0.8591,False,0.8591,False,False
NLRP4,ENSG00000160505,HPA v23,True,no data,0.97,tonsil,4.9,tonsil,4.9,0.5833,False,0.5833,False,0.5833,False,False
LRRC71,ENSG00000160838,HPA v23,True,no data,0.97,fallopian tube,12.0,choroid plexus,11.1,0.4887,False,0.7155,False,0.7155,False,False
LY6K,ENSG00000160886,HPA v23,True,Enhanced,0.8,esophagus,12.1,esophagus,12.1,0.4253,False,0.5024,False,0.5422,False,False
TEKTL1,ENSG00000160994,HPA v23,True,Approved,0.95,pancreas,0.2,pancreas,0.2,1.0,False,1.0,False,1.0,False,False
LRWD1,ENSG00000161036,HPA v23,True,Enhanced,0.8,cerebellum,26.8,cerebellum,26.8,0.3964,False,0.4674,False,0.477,False,False
FBXL13,ENSG00000161040,HPA v23,True,Uncertain,0.97,stomach,4.9,stomach,4.9,0.2736,False,0.3962,False,0.3962,False,False
CCDC116,ENSG00000161180,HPA v23,True,no data,0.97,cervix,1.2,colon,1.0,0.9859,True,1.0,True,1.0,True,False
PCYT1A,ENSG00000161217,HPA v23,True,Approved,0.95,skeletal muscle,71.2,skeletal muscle,71.2,0.0468,False,0.145,False,0.1623,False,False
IKZF3,ENSG00000161405,HPA v23,True,Enhanced,0.8,tonsil,39.9,tonsil,39.9,0.0029,False,0.0052,False,0.0099,False,False
KLHL10,ENSG00000161594,HPA v23,True,Enhanced,0.8,epididymis,1.5,colon,0.8,0.9909,True,1.0,True,1.0,True,False
IZUMO2,ENSG00000161652,HPA v23,True,no data,0.97,midbrain,0.1,midbrain,0.1,1.0,True,1.0,True,1.0,True,False
LSM12,ENSG00000161654,HPA v23,True,Approved,0.95,skeletal muscle,35.8,skeletal muscle,35.8,0.0607,False,0.1794,False,0.1973,False,False
AQP5,ENSG00000161798,HPA v23,True,Enhanced,0.8,salivary gland,604.8,salivary gland,604.8,0.2014,False,0.2139,False,0.2285,False,False
KRT82,ENSG00000161850,HPA v23,True,Enhanced,0.8,skin,12.3,skin,12.3,0.0,False,0.0,False,0.0,False,False
TEDC2,ENSG00000162062,HPA v23,True,Approved,0.95,bone marrow,4.0,bone marrow,4.0,0.2695,False,0.2695,False,0.2695,False,False
CLPB,ENSG00000162129,HPA v23,True,Enhanced,0.8,liver,10.0,liver,10.0,0.4234,False,0.4651,False,0.4723,False,False
SAXO4,ENSG00000162148,HPA v23,True,Enhanced,0.8,choroid plexus,52.0,choroid plexus,52.0,0.2312,False,0.4064,False,0.417,False,False
ZFPL1,ENSG00000162300,HPA v23,True,Enhanced,0.8,pituitary gland,39.5,pituitary gland,39.5,0.0547,False,0.1986,False,0.2217,False,False
TSSK3,ENSG00000162526,HPA v23,True,no data,0.97,bone marrow,12.5,bone marrow,12.5,0.3598,False,0.4328,False,0.4434,False,False
UBXN10,ENSG00000162543,HPA v23,True,Uncertain,0.97,fallopian tube,48.1,choroid plexus,23.1,0.0816,False,0.4961,False,0.5077,False,False
TTLL10,ENSG00000162571,HPA v23,True,no data,0.97,fallopian tube,10.4,choroid plexus,2.9,0.7296,False,0.9111,False,0.9129,False,False
CCDC27,ENSG00000162592,HPA v23,True,no data,0.97,heart muscle,0.2,heart muscle,0.2,1.0,True,1.0,True,1.0,True,False
LRRIQ3,ENSG00000162620,HPA v23,True,Approved,0.95,fallopian tube,2.1,kidney,1.9,0.8282,False,0.8767,False,0.8767,False,False
LHX8,ENSG00000162624,HPA v23,True,no data,0.97,salivary gland,2.6,salivary gland,2.6,0.0,False,0.0,False,0.0,False,False
HENMT1,ENSG00000162639,HPA v23,True,Uncertain,0.97,thymus,18.2,bone marrow,13.1,0.256,False,0.3213,False,0.3425,False,False
SLC9C2,ENSG00000162753,HPA v23,True,Enhanced,0.8,choroid plexus,0.8,choroid plexus,0.8,1.0,False,1.0,False,1.0,False,False
LRRC52,ENSG00000162763,HPA v23,True,no data,0.97,parathyroid gland,3.9,parathyroid gland,3.9,0.7451,False,0.7451,False,0.7451,False,False
TDRD5,ENSG00000162782,HPA v23,True,Enhanced,0.8,epididymis,6.4,basal ganglia,2.3,0.6433,False,0.8153,False,0.8949,False,False
SPATA17,ENSG00000162814,HPA v23,True,Enhanced,0.8,fallopian tube,3.9,choroid plexus,2.7,0.4564,False,0.7179,False,0.7179,False,False
CNST,ENSG00000162852,HPA v23,True,Approved,0.95,tongue,37.4,tongue,37.4,0.049,False,0.1402,False,0.1575,False,False
PEX13,ENSG00000162928,HPA v23,True,Enhanced,0.8,liver,24.3,liver,24.3,0.0742,False,0.2042,False,0.2275,False,False
TRIM17,ENSG00000162931,HPA v23,True,Approved,0.95,cerebellum,46.1,cerebellum,46.1,0.2449,False,0.3063,False,0.3168,False,False
CLHC1,ENSG00000162994,HPA v23,True,no data,0.97,retina,7.5,retina,7.5,0.164,False,0.3423,False,0.3622,False,False
DUSP19,ENSG00000162999,HPA v23,True,Approved,0.95,stomach,3.8,stomach,3.8,0.1301,False,0.3902,False,0.3943,False,False
CCDC138,ENSG00000163006,HPA v23,True,Enhanced,0.8,thymus,6.2,lymph node,4.3,0.2089,False,0.3133,False,0.3385,False,False
ZSWIM2,ENSG00000163012,HPA v23,True,no data,0.97,pituitary gland,0.6,pituitary gland,0.6,1.0,True,1.0,True,1.0,True,False
TEKT4,ENSG00000163060,HPA v23,True,Enhanced,0.8,fallopian tube,2.4,hippocampal formation,0.6,0.8963,False,1.0,False,1.0,False,False
SMCP,ENSG00000163206,HPA v23,True,Enhanced,0.8,cerebellum,1.2,cerebellum,1.2,0.9997,True,0.9997,True,0.9997,True,False
TDRD10,ENSG00000163239,HPA v23,True,no data,0.97,adipose tissue,10.7,adipose tissue,10.7,0.4044,False,0.5265,False,0.5627,False,False
CRYGC,ENSG00000163254,HPA v23,True,Supported,0.9,epididymis,0.1,hypothalamus,0.1,1.0,False,1.0,False,1.0,False,False
CFAP141,ENSG00000163263,HPA v23,True,no data,0.97,fallopian tube,29.5,choroid plexus,1.7,0.3724,False,0.9712,True,0.9712,True,True
HELQ,ENSG00000163312,HPA v23,True,Approved,0.95,lymph node,9.1,lymph node,9.1,0.0734,False,0.204,False,0.2281,False,False
ABRAXAS1,ENSG00000163322,HPA v23,True,Uncertain,0.97,lymph node,7.8,lymph node,7.8,0.1534,False,0.292,False,0.3112,False,False
DCST1,ENSG00000163357,HPA v23,True,no data,0.97,skin,3.0,skin,3.0,0.6111,False,0.6111,False,0.6111,False,False
KBTBD8,ENSG00000163376,HPA v23,True,Approved,0.95,tonsil,20.1,tonsil,20.1,0.0993,False,0.0993,False,0.0993,False,False
PROK2,ENSG00000163421,HPA v23,True,no data,0.97,bone marrow,63.7,bone marrow,63.7,0.0857,False,0.097,False,0.097,False,False
TEX55,ENSG00000163424,HPA v23,True,Enhanced,0.8,epididymis,0.1,kidney,0.1,1.0,False,1.0,False,1.0,False,False
PDCL2,ENSG00000163440,HPA v23,True,Enhanced,0.8,esophagus,0.3,esophagus,0.3,1.0,True,1.0,True,1.0,True,False
TSACC,ENSG00000163467,HPA v23,True,no data,0.97,epididymis,2.3,retina,2.2,0.9955,True,0.9971,True,0.9971,True,False
NEK10,ENSG00000163491,HPA v23,True,no data,0.97,tongue,14.1,tongue,14.1,0.3388,False,0.469,False,0.5615,False,False
CIP2A,ENSG00000163507,HPA v23,True,Approved,0.95,bone marrow,3.9,bone marrow,3.9,0.1049,False,0.1469,False,0.1469,False,False
AZI2,ENSG00000163512,HPA v23,True,Approved,0.95,adipose tissue,26.1,adipose tissue,26.1,0.0694,False,0.1874,False,0.2071,False,False
STT3B,ENSG00000163527,HPA v23,True,Approved,0.95,epididymis,88.1,thyroid gland,78.4,0.0989,False,0.2521,False,0.2746,False,False
SGO2,ENSG00000163535,HPA v23,True,Enhanced,0.8,thymus,14.5,lymph node,7.8,0.3854,False,0.4014,False,0.4105,False,False
SPTA1,ENSG00000163554,HPA v23,True,Enhanced,0.8,bone marrow,74.7,bone marrow,74.7,0.0081,False,0.0081,False,0.0081,False,False
ERICH6,ENSG00000163645,HPA v23,True,Enhanced,0.8,epididymis,1.7,thyroid gland,1.3,0.9654,True,0.9896,True,0.9896,True,False
CLRN1,ENSG00000163646,HPA v23,True,no data,0.97,retina,12.4,retina,12.4,0.0,False,0.0,False,0.0,False,False
RPP14,ENSG00000163684,HPA v23,True,no data,0.97,skeletal muscle,39.2,skeletal muscle,39.2,0.0391,False,0.1264,False,0.1397,False,False
CFAP20DC,ENSG00000163689,HPA v23,True,no data,0.97,esophagus,7.7,esophagus,7.7,0.5983,False,0.6821,False,0.6821,False,False
FANCD2OS,ENSG00000163705,HPA v23,True,no data,0.97,bone marrow,1.0,bone marrow,1.0,1.0,True,1.0,True,1.0,True,False
PLSCR2,ENSG00000163746,HPA v23,True,no data,0.97,epididymis,1.4,bone marrow,1.1,0.9606,False,0.9921,True,0.9921,True,True
CCDC158,ENSG00000163749,HPA v23,True,no data,0.97,liver,1.6,liver,1.6,0.97,True,0.97,True,0.973,True,False
DNAJC5G,ENSG00000163793,HPA v23,True,Approved,0.95,epididymis,45.7,cerebral cortex,2.2,0.3135,False,0.9777,True,0.9777,True,True
SPDYA,ENSG00000163806,HPA v23,True,Enhanced,0.8,cerebellum,2.3,cerebellum,2.3,0.8198,True,0.8538,True,0.8538,True,False
KIF15,ENSG00000163808,HPA v23,True,Approved,0.95,thymus,9.0,bone marrow,5.1,0.2723,False,0.2723,False,0.2723,False,False
ZMYM6,ENSG00000163867,HPA v23,True,Approved,0.95,bone marrow,15.3,bone marrow,15.3,0.0697,False,0.2015,False,0.2238,False,False
DNALI1,ENSG00000163879,HPA v23,True,Enhanced,0.8,choroid plexus,77.1,choroid plexus,77.1,0.0984,False,0.3252,False,0.3405,False,False
CFAP100,ENSG00000163885,HPA v23,True,Enhanced,0.8,fallopian tube,26.2,choroid plexus,13.0,0.3701,False,0.7002,False,0.7002,False,False
RPL39L,ENSG00000163923,HPA v23,True,Approved,0.95,pancreas,19.8,pancreas,19.8,0.3802,False,0.4782,False,0.4984,False,False
ZDHHC19,ENSG00000163958,HPA v23,True,no data,0.97,spleen,1.5,spleen,1.5,0.9896,True,0.9896,True,0.9896,True,False
SGMS2,ENSG00000164023,HPA v23,True,Supported,0.9,gallbladder,38.2,gallbladder,38.2,0.0332,False,0.1613,False,0.1717,False,False
SLC9B1,ENSG00000164037,HPA v23,True,no data,0.97,epididymis,2.1,skin,1.8,0.9163,False,0.9498,False,0.9498,False,False
CDC25A,ENSG00000164045,HPA v23,True,no data,0.97,bone marrow,15.1,bone marrow,15.1,0.2491,False,0.2491,False,0.2491,False,False
HSPA4L,ENSG00000164070,HPA v23,True,Enhanced,0.8,retina,26.1,retina,26.1,0.3506,False,0.42,False,0.4277,False,False
SPMIP2,ENSG00000164123,HPA v23,True,no data,0.97,bone marrow,0.5,bone marrow,0.5,1.0,True,1.0,True,1.0,True,False
SLC45A2,ENSG00000164175,HPA v23,True,no data,0.97,liver,1.2,liver,1.2,0.0,False,0.0,False,0.0,False,False
F2RL2,ENSG00000164220,HPA v23,True,no data,0.97,gallbladder,6.6,gallbladder,6.6,0.0,False,0.0503,False,0.1409,False,False
C5orf63,ENSG00000164241,HPA v23,True,no data,0.97,retina,12.7,retina,12.7,0.0755,False,0.1779,False,0.2042,False,False
PRDM9,ENSG00000164256,HPA v23,True,no data,0.97,epididymis,1.6,skin,0.2,0.8286,False,1.0,True,1.0,True,True
CDC20B,ENSG00000164287,HPA v23,True,no data,0.97,fallopian tube,2.0,kidney,1.1,0.5769,False,0.9615,False,0.9615,False,False
SPZ1,ENSG00000164299,HPA v23,True,no data,0.97,adipose tissue,0.0,adipose tissue,0.0,1.0,True,1.0,True,1.0,True,False
FAM170A,ENSG00000164334,HPA v23,True,Enhanced,0.8,choroid plexus,0.2,choroid plexus,0.2,1.0,True,1.0,True,1.0,True,False
IL3,ENSG00000164399,HPA v23,True,no data,0.97,bone marrow,0.3,bone marrow,0.3,1.0,True,1.0,True,1.0,True,False
GDF9,ENSG00000164404,HPA v23,True,Supported,0.9,epididymis,3.5,basal ganglia,1.6,0.6142,False,0.811,False,0.811,False,False
SLC35A1,ENSG00000164414,HPA v23,True,no data,0.97,rectum,46.1,rectum,46.1,0.0548,False,0.2037,False,0.232,False,False
SAMD3,ENSG00000164483,HPA v23,True,no data,0.97,lymph node,10.1,lymph node,10.1,0.0501,False,0.1628,False,0.1628,False,False
SPMIP7,ENSG00000164500,HPA v23,True,no data,0.97,basal ganglia,0.3,basal ganglia,0.3,1.0,True,1.0,True,1.0,True,False
STXBP5,ENSG00000164506,HPA v23,True,Enhanced,0.8,parathyroid gland,36.8,parathyroid gland,36.8,0.0482,False,0.184,False,0.1965,False,False
H2AC1,ENSG00000164508,HPA v23,True,Supported,0.9,pancreas,0.3,pancreas,0.3,1.0,False,1.0,False,1.0,False,False
ANKRD55,ENSG00000164512,HPA v23,True,Uncertain,0.97,hypothalamus,3.8,hypothalamus,3.8,0.3891,False,0.3891,False,0.3891,False,False
MATCAP2,ENSG00000164542,HPA v23,True,no data,0.97,cerebellum,17.4,cerebellum,17.4,0.158,False,0.2481,False,0.2625,False,False
CFAP144P1,ENSG00000164556,HPA v23,False,no data,0.97,,,,,,False,,False,,False,False
PTTG1,ENSG00000164611,HPA v23,True,Enhanced,0.8,bone marrow,157.9,bone marrow,157.9,0.1653,False,0.2035,False,0.2113,False,False
KIF6,ENSG00000164627,HPA v23,True,Enhanced,0.8,midbrain,8.9,midbrain,8.9,0.0998,False,0.1655,False,0.1655,False,False
TEX47,ENSG00000164645,HPA v23,True,no data,0.97,retina,0.1,retina,0.1,1.0,True,1.0,True,1.0,True,False
USP49,ENSG00000164663,HPA v23,True,Uncertain,0.97,retina,8.7,retina,8.7,0.0686,False,0.1749,False,0.192,False,False
IQUB,ENSG00000164675,HPA v23,True,no data,0.97,fallopian tube,4.9,kidney,2.9,0.7646,False,0.8617,False,0.8617,False,False
C7orf57,ENSG00000164746,HPA v23,True,Enhanced,0.8,fallopian tube,13.4,choroid plexus,7.6,0.104,False,0.6,False,0.6,False,False
CSMD3,ENSG00000164796,HPA v23,True,no data,0.97,cerebral cortex,2.7,cerebral cortex,2.7,0.0,False,0.0,False,0.0,False,False
ORC5,ENSG00000164815,HPA v23,True,Approved,0.95,liver,16.9,liver,16.9,0.0803,False,0.2391,False,0.2652,False,False
SPAG11B,ENSG00000164871,HPA v23,True,Supported,0.9,epididymis,1228.4,retina,0.2,0.0,False,1.0,True,1.0,True,True
FMC1,ENSG00000164898,HPA v23,True,Approved,0.95,tongue,37.1,tongue,37.1,0.0358,False,0.1479,False,0.1632,False,False
GBX1,ENSG00000164900,HPA v23,True,Approved,0.95,skeletal muscle,10.9,skeletal muscle,10.9,0.2878,False,0.2878,False,0.2878,False,False
VIRMA,ENSG00000164944,HPA v23,True,Approved,0.95,bone marrow,27.0,bone marrow,27.0,0.0856,False,0.2242,False,0.2576,False,False
SNAPC3,ENSG00000164975,HPA v23,True,no data,0.97,heart muscle,11.6,heart muscle,11.6,0.0718,False,0.205,False,0.2168,False,False
CCDC171,ENSG00000164989,HPA v23,True,Uncertain,0.97,endometrium,5.6,retina,5.2,0.3134,False,0.4872,False,0.5014,False,False
PRKACG,ENSG00000165059,HPA v23,True,Supported,0.9,adipose tissue,0.0,adipose tissue,0.0,1.0,True,1.0,True,1.0,True,False
PRSS37,ENSG00000165076,HPA v23,True,Enhanced,0.8,thymus,0.4,cerebellum,0.1,1.0,True,1.0,True,1.0,True,False
GKAP1,ENSG00000165113,HPA v23,True,Enhanced,0.8,skeletal muscle,48.5,skeletal muscle,48.5,0.3381,False,0.4131,False,0.4213,False,False
SSMEM1,ENSG00000165120,HPA v23,True,no data,0.97,choroid plexus,0.1,choroid plexus,0.1,1.0,True,1.0,True,1.0,True,False
LLCFC1,ENSG00000165131,HPA v23,True,no data,0.97,bone marrow,1.6,bone marrow,1.6,0.9844,True,0.9844,True,0.9844,True,False
SHOC1,ENSG00000165181,HPA v23,True,no data,0.97,adrenal gland,3.7,adrenal gland,3.7,0.8354,False,0.8354,False,0.8354,False,False
CXorf58,ENSG00000165182,HPA v23,True,no data,0.97,fallopian tube,0.4,retina,0.4,1.0,True,1.0,True,1.0,True,False
RNF183,ENSG00000165188,HPA v23,True,no data,0.97,epididymis,15.8,kidney,11.2,0.0832,False,0.4136,False,0.4136,False,False
OR1K1,ENSG00000165204,HPA v23,True,no data,0.97,adipose tissue,0.0,adipose tissue,0.0,1.0,True,1.0,True,1.0,True,False
ZNF367,ENSG00000165244,HPA v23,True,Uncertain,0.97,bone marrow,25.8,bone marrow,25.8,0.0699,False,0.076,False,0.0833,False,False
ARMC3,ENSG00000165309,HPA v23,True,Enhanced,0.8,choroid plexus,50.1,choroid plexus,50.1,0.2345,False,0.5503,False,0.5503,False,False
DEUP1,ENSG00000165325,HPA v23,True,no data,0.97,fallopian tube,4.6,pituitary gland,1.4,0.772,False,0.9637,False,0.9637,False,False
LRRC18,ENSG00000165383,HPA v23,True,Enhanced,0.8,choroid plexus,23.9,choroid plexus,23.9,0.299,False,0.4314,False,0.4314,False,False
DDIAS,ENSG00000165490,HPA v23,True,Approved,0.95,bone marrow,7.7,bone marrow,7.7,0.2246,False,0.2311,False,0.2527,False,False
NOXRED1,ENSG00000165555,HPA v23,True,Approved,0.95,retina,4.2,retina,4.2,0.6404,False,0.6404,False,0.6404,False,False
AKR1E2,ENSG00000165568,HPA v23,True,Enhanced,0.8,retina,3.3,retina,3.3,0.5277,False,0.5773,False,0.6327,False,False
SOHLH1,ENSG00000165643,HPA v23,True,no data,0.97,cerebral cortex,41.6,cerebral cortex,41.6,0.164,False,0.164,False,0.164,False,False
AK8,ENSG00000165695,HPA v23,True,Enhanced,0.8,fallopian tube,25.0,choroid plexus,9.9,0.1708,False,0.6821,False,0.6821,False,False
SPACA9,ENSG00000165698,HPA v23,True,Enhanced,0.8,epididymis,72.2,choroid plexus,18.9,0.2447,False,0.496,False,0.5033,False,False
C12orf50,ENSG00000165805,HPA v23,True,no data,0.97,adipose tissue,0.0,adipose tissue,0.0,1.0,True,1.0,True,1.0,True,False
PPP1R36,ENSG00000165807,HPA v23,True,Enhanced,0.8,fallopian tube,12.1,pancreas,10.4,0.3665,False,0.5026,False,0.5068,False,False
PRAP1,ENSG00000165828,HPA v23,True,Supported,0.9,small intestine,1103.8,small intestine,1103.8,0.0035,False,0.0035,False,0.0035,False,False
ERICH6B,ENSG00000165837,HPA v23,True,no data,0.97,choroid plexus,0.2,choroid plexus,0.2,1.0,True,1.0,True,1.0,True,False
SPMIP5,ENSG00000165863,HPA v23,True,no data,0.97,adrenal gland,1.7,adrenal gland,1.7,0.9756,True,0.9756,True,0.9756,True,False
E2F7,ENSG00000165891,HPA v23,True,no data,0.97,thymus,8.0,bone marrow,4.9,0.1233,False,0.1233,False,0.1233,False,False
AGBL2,ENSG00000165923,HPA v23,True,Uncertain,0.97,fallopian tube,7.4,liver,2.9,0.485,False,0.7854,False,0.7854,False,False
SLC6A5,ENSG00000165970,HPA v23,True,no data,0.97,lung,0.9,lung,0.9,1.0,True,1.0,True,1.0,True,False
CCDC38,ENSG00000165972,HPA v23,True,no data,0.97,liver,2.7,liver,2.7,0.9,False,0.9,False,0.9,False,False
R3HCC1L,ENSG00000166024,HPA v23,True,Enhanced,0.8,bone marrow,17.2,bone marrow,17.2,0.0938,False,0.2336,False,0.2555,False,False
SPRED1,ENSG00000166068,HPA v23,True,Approved,0.95,thyroid gland,30.2,thyroid gland,30.2,0.0677,False,0.1877,False,0.2111,False,False
JAM3,ENSG00000166086,HPA v23,True,Approved,0.95,spinal cord,77.0,spinal cord,77.0,0.1346,False,0.2914,False,0.3045,False,False
C16orf78,ENSG00000166152,HPA v23,True,no data,0.97,adipose tissue,0.0,adipose tissue,0.0,1.0,True,1.0,True,1.0,True,False
SENP8,ENSG00000166192,HPA v23,True,Approved,0.95,skeletal muscle,6.1,skeletal muscle,6.1,0.2239,False,0.3159,False,0.3297,False,False
GABRB3,ENSG00000166206,HPA v23,True,no data,0.97,cerebral cortex,45.7,cerebral cortex,45.7,0.0216,False,0.0628,False,0.0628,False,False
TBATA,ENSG00000166220,HPA v23,True,no data,0.97,thymus,125.3,spleen,0.5,0.1344,False,0.1344,False,0.1344,False,False
DNAAF8,ENSG00000166246,HPA v23,True,Enhanced,0.8,fallopian tube,21.8,choroid plexus,11.2,0.5943,False,0.7863,False,0.7863,False,False
STXBP4,ENSG00000166263,HPA v23,True,Approved,0.95,parathyroid gland,5.8,parathyroid gland,5.8,0.0665,False,0.2913,False,0.3073,False,False
C11orf65,ENSG00000166323,HPA v23,True,no data,0.97,retina,2.7,retina,2.7,0.8796,False,0.9106,False,0.9106,False,False
CCDC182,ENSG00000166329,HPA v23,True,no data,0.97,pancreas,0.1,pancreas,0.1,1.0,True,1.0,True,1.0,True,False
RAG1,ENSG00000166349,HPA v23,True,no data,0.97,thymus,385.0,bone marrow,4.2,0.0,False,0.0,False,0.0,False,False
POTED,ENSG00000166351,HPA v23,True,no data,0.97,retina,0.2,retina,0.2,1.0,True,1.0,True,1.0,True,False
WDR88,ENSG00000166359,HPA v23,True,no data,0.97,retina,1.5,retina,1.5,0.9157,False,0.9157,False,0.9157,False,False
OR2D2,ENSG00000166368,HPA v23,True,no data,0.97,adipose tissue,0.0,adipose tissue,0.0,1.0,True,1.0,True,1.0,True,False
RNF169,ENSG00000166439,HPA v23,True,no data,0.97,bone marrow,14.3,bone marrow,14.3,0.056,False,0.21,False,0.2328,False,False
BEAN1,ENSG00000166546,HPA v23,True,no data,0.97,cerebral cortex,2.2,cerebral cortex,2.2,0.1905,False,0.1905,False,0.1905,False,False
IQCD,ENSG00000166578,HPA v23,True,Supported,0.9,choroid plexus,21.4,choroid plexus,21.4,0.3741,False,0.581,False,0.5836,False,False
ACSM1,ENSG00000166743,HPA v23,True,no data,0.97,breast,209.4,liver,9.8,0.023,False,0.049,False,0.9373,False,False
LDHAL6A,ENSG00000166800,HPA v23,True,no data,0.97,retina,1.1,retina,1.1,0.988,True,0.988,True,0.988,True,False
C18orf54,ENSG00000166845,HPA v23,True,no data,0.97,thymus,3.4,lymph node,2.9,0.538,False,0.5965,False,0.5994,False,False
PLK1,ENSG00000166851,HPA v23,True,Approved,0.95,thymus,42.7,bone marrow,31.6,0.1441,False,0.1606,False,0.1626,False,False
OR4D6,ENSG00000166884,HPA v23,True,no data,0.97,adipose tissue,0.0,adipose tissue,0.0,1.0,True,1.0,True,1.0,True,False
MS4A6E,ENSG00000166926,HPA v23,True,no data,0.97,spleen,3.5,spleen,3.5,0.8363,False,0.8451,False,0.8451,False,False
MS4A14,ENSG00000166928,HPA v23,True,Enhanced,0.8,lung,11.6,lung,11.6,0.5645,False,0.5756,False,0.5954,False,False
MS4A5,ENSG00000166930,HPA v23,True,Uncertain,0.97,duodenum,0.2,duodenum,0.2,1.0,True,1.0,True,1.0,True,False
TERB2,ENSG00000167014,HPA v23,True,no data,0.97,liver,1.9,liver,1.9,0.9531,False,0.9531,False,0.9577,False,False
TTC16,ENSG00000167094,HPA v23,True,no data,0.97,fallopian tube,6.7,choroid plexus,1.1,0.7143,False,0.9951,True,0.9951,True,True
TBC1D21,ENSG00000167139,HPA v23,True,Enhanced,0.8,adipose tissue,0.0,adipose tissue,0.0,1.0,True,1.0,True,1.0,True,False
C16orf92,ENSG00000167194,HPA v23,True,no data,0.97,retina,34.7,retina,34.7,0.2848,False,0.2848,False,0.2848,False,False
LOXHD1,ENSG00000167210,HPA v23,True,no data,0.97,epididymis,7.1,kidney,6.7,0.5591,False,0.7349,False,0.7349,False,False
ART5,ENSG00000167311,HPA v23,True,no data,0.97,skeletal muscle,13.0,skeletal muscle,13.0,0.5213,False,0.6187,False,0.6187,False,False
OR51Q1,ENSG00000167360,HPA v23,True,no data,0.97,epididymis,0.1,adipose tissue,0.0,1.0,True,1.0,True,1.0,True,False
ZNF23,ENSG00000167377,HPA v23,True,no data,0.97,choroid plexus,15.4,choroid plexus,15.4,0.0607,False,0.1933,False,0.2115,False,False
ZNF668,ENSG00000167394,HPA v23,True,Uncertain,0.97,bone marrow,7.8,bone marrow,7.8,0.0648,False,0.1989,False,0.2192,False,False
ZNF646,ENSG00000167395,HPA v23,True,Uncertain,0.97,bone marrow,9.1,bone marrow,9.1,0.1467,False,0.2695,False,0.2875,False,False
VKORC1,ENSG00000167397,HPA v23,True,Approved,0.95,liver,443.7,liver,443.7,0.0535,False,0.2105,False,0.2321,False,False
PROCA1,ENSG00000167525,HPA v23,True,Approved,0.95,spleen,9.6,spleen,9.6,0.6883,False,0.7331,False,0.7362,False,False
ZNF610,ENSG00000167554,HPA v23,True,Enhanced,0.8,epididymis,6.5,retina,6.0,0.2008,False,0.3892,False,0.411,False,False
ZNF701,ENSG00000167562,HPA v23,True,no data,0.97,thymus,7.2,thyroid gland,5.7,0.082,False,0.2653,False,0.3014,False,False
TRAPPC9,ENSG00000167632,HPA v23,True,no data,0.97,skeletal muscle,32.4,skeletal muscle,32.4,0.0425,False,0.1554,False,0.1696,False,False
NLRP7,ENSG00000167634,HPA v23,True,no data,0.97,spleen,0.6,spleen,0.6,1.0,True,1.0,True,1.0,True,False
CABP2,ENSG00000167791,HPA v23,True,no data,0.97,retina,7.1,retina,7.1,0.0,False,0.0,False,0.0,False,False
ZNF597,ENSG00000167981,HPA v23,True,Approved,0.95,lung,2.3,lung,2.3,0.1967,False,0.3096,False,0.3347,False,False
SDHAF2,ENSG00000167985,HPA v23,True,Supported,0.9,liver,45.3,liver,45.3,0.0532,False,0.1747,False,0.1939,False,False
TTC21A,ENSG00000168026,HPA v23,True,Enhanced,0.8,fallopian tube,7.2,tonsil,1.6,0.8619,True,0.9842,True,0.9842,True,False
ULK4,ENSG00000168038,HPA v23,True,Uncertain,0.97,fallopian tube,8.7,bone marrow,8.4,0.1995,False,0.4334,False,0.4448,False,False
SAC3D1,ENSG00000168061,HPA v23,True,Uncertain,0.97,skeletal muscle,8.9,skeletal muscle,8.9,0.1368,False,0.2349,False,0.2448,False,False
MAJIN,ENSG00000168070,HPA v23,True,no data,0.97,gallbladder,2.8,gallbladder,2.8,0.832,False,0.876,False,0.876,False,False
KIAA1586,ENSG00000168116,HPA v23,True,Approved,0.95,bone marrow,8.4,bone marrow,8.4,0.1469,False,0.2897,False,0.3186,False,False
H3-4,ENSG00000168148,HPA v23,True,Approved,0.95,cerebellum,0.2,cerebellum,0.2,1.0,False,1.0,False,1.0,False,False
THAP9,ENSG00000168152,HPA v23,True,Uncertain,0.97,tongue,6.6,tongue,6.6,0.1218,False,0.2437,False,0.2749,False,False
KCNV2,ENSG00000168263,HPA v23,True,Enhanced,0.8,retina,280.3,retina,280.3,0.0131,False,0.0131,False,0.0131,False,False
PTF1A,ENSG00000168267,HPA v23,True,no data,0.97,pancreas,101.2,pancreas,101.2,0.0108,False,0.0108,False,0.0108,False,False
MOBP,ENSG00000168314,HPA v23,True,Enhanced,0.8,spinal cord,1086.6,spinal cord,1086.6,0.0018,False,0.002,False,0.002,False,False
CDC40,ENSG00000168438,HPA v23,True,no data,0.97,bone marrow,37.7,bone marrow,37.7,0.0579,False,0.1756,False,0.1974,False,False
TXNDC2,ENSG00000168454,HPA v23,True,Enhanced,0.8,bone marrow,0.3,bone marrow,0.3,1.0,False,1.0,False,1.0,False,False
CCDC110,ENSG00000168491,HPA v23,True,no data,0.97,pancreas,29.7,pancreas,29.7,0.5825,False,0.6392,False,0.6539,False,False
SCGB1D1,ENSG00000168515,HPA v23,True,no data,0.97,cervix,1.2,esophagus,0.1,0.0,False,1.0,True,1.0,True,True
DYNLRB2,ENSG00000168589,HPA v23,True,no data,0.97,fallopian tube,58.8,choroid plexus,56.3,0.5095,False,0.6912,False,0.6965,False,False
ADAM18,ENSG00000168619,HPA v23,True,no data,0.97,heart muscle,0.1,heart muscle,0.1,1.0,True,1.0,True,1.0,True,False
KCTD19,ENSG00000168676,HPA v23,True,no data,0.97,bone marrow,3.3,bone marrow,3.3,0.9145,False,0.9145,False,0.9145,False,False
LRP1B,ENSG00000168702,HPA v23,True,Approved,0.95,cerebral cortex,9.7,cerebral cortex,9.7,0.0,False,0.0182,False,0.0273,False,False
LRRC28,ENSG00000168904,HPA v23,True,Approved,0.95,liver,45.6,liver,45.6,0.0874,False,0.1687,False,0.1811,False,False
TRIM49,ENSG00000168930,HPA v23,True,no data,0.97,adipose tissue,0.0,adipose tissue,0.0,1.0,True,1.0,True,1.0,True,False
CEP120,ENSG00000168944,HPA v23,True,no data,0.97,thymus,13.6,cerebellum,11.2,0.0989,False,0.2449,False,0.2652,False,False
ZBBX,ENSG00000169064,HPA v23,True,Enhanced,0.8,fallopian tube,22.5,choroid plexus,13.3,0.4363,False,0.713,False,0.713,False,False
ODAD2,ENSG00000169126,HPA v23,True,Enhanced,0.8,fallopian tube,22.4,choroid plexus,7.8,0.5302,False,0.8558,False,0.8558,False,False
GOT1L1,ENSG00000169154,HPA v23,True,no data,0.97,epididymis,0.4,gallbladder,0.2,1.0,True,1.0,True,1.0,True,False
CPT1C,ENSG00000169169,HPA v23,True,Approved,0.95,choroid plexus,28.5,choroid plexus,28.5,0.0232,False,0.1082,False,0.1118,False,False
IL13,ENSG00000169194,HPA v23,True,no data,0.97,gallbladder,0.5,gallbladder,0.5,1.0,True,1.0,True,1.0,True,False
OR6F1,ENSG00000169214,HPA v23,True,no data,0.97,adipose tissue,0.0,adipose tissue,0.0,1.0,True,1.0,True,1.0,True,False
CXCL11,ENSG00000169248,HPA v23,True,no data,0.97,lymph node,11.6,lymph node,11.6,0.026,False,0.0935,False,0.1194,False,False
PDILT,ENSG00000169340,HPA v23,True,Approved,0.95,stomach,119.4,stomach,119.4,0.1256,False,0.1256,False,0.1256,False,False
ELSPBP1,ENSG00000169393,HPA v23,True,Enhanced,0.8,epididymis,2760.0,retina,72.3,0.0,False,0.9748,True,0.9748,True,True
RSPH10B2,ENSG00000169402,HPA v23,True,Supported,0.9,fallopian tube,9.8,choroid plexus,3.6,0.6007,False,0.896,False,0.896,False,False
DTWD2,ENSG00000169570,HPA v23,True,Approved,0.95,skeletal muscle,10.0,skeletal muscle,10.0,0.0246,False,0.1429,False,0.1675,False,False
VPREB1,ENSG00000169575,HPA v23,True,Approved,0.95,bone marrow,29.4,bone marrow,29.4,0.0,False,0.0,False,0.0,False,False
BNC1,ENSG00000169594,HPA v23,True,no data,0.97,adipose tissue,14.6,adipose tissue,14.6,0.318,False,0.5046,False,0.5046,False,False
CKAP2L,ENSG00000169607,HPA v23,True,Uncertain,0.97,bone marrow,13.0,bone marrow,13.0,0.104,False,0.104,False,0.104,False,False
APLF,ENSG00000169621,HPA v23,True,no data,0.97,skin,2.3,skin,2.3,0.1346,False,0.3269,False,0.3846,False,False
BUB1,ENSG00000169679,HPA v23,True,no data,0.97,thymus,26.8,tonsil,16.5,0.2327,False,0.2543,False,0.2558,False,False
CHRNA5,ENSG00000169684,HPA v23,True,Approved,0.95,duodenum,4.6,duodenum,4.6,0.0756,False,0.1203,False,0.1375,False,False
ACTRT2,ENSG00000169717,HPA v23,True,Enhanced,0.8,prostate,0.1,adipose tissue,0.0,1.0,False,1.0,False,1.0,False,False
NLGN1,ENSG00000169760,HPA v23,True,Enhanced,0.8,cerebral cortex,12.3,cerebral cortex,12.3,0.0713,False,0.1741,False,0.1741,False,False
TAS2R1,ENSG00000169777,HPA v23,True,no data,0.97,basal ganglia,0.2,basal ganglia,0.2,1.0,True,1.0,True,1.0,True,False
OTUD7A,ENSG00000169918,HPA v23,True,no data,0.97,cerebellum,12.0,cerebellum,12.0,0.0498,False,0.058,False,0.058,False,False
HSFY2,ENSG00000169953,HPA v23,True,no data,0.97,hypothalamus,0.6,hypothalamus,0.6,1.0,True,1.0,True,1.0,True,False
ZNF778,ENSG00000170100,HPA v23,True,Uncertain,0.97,parathyroid gland,7.8,parathyroid gland,7.8,0.071,False,0.1769,False,0.1964,False,False
CCDC144A,ENSG00000170160,HPA v23,True,Enhanced,0.8,retina,12.5,retina,12.5,0.1933,False,0.2951,False,0.3154,False,False
USP50,ENSG00000170236,HPA v23,True,no data,0.97,kidney,0.6,kidney,0.6,1.0,True,1.0,True,1.0,True,False
FAM161A,ENSG00000170264,HPA v23,True,Approved,0.95,retina,28.1,retina,28.1,0.1334,False,0.2201,False,0.2218,False,False
C7orf33,ENSG00000170279,HPA v23,True,no data,0.97,retina,1.3,retina,1.3,0.0,False,0.0,False,0.0,False,False
SPATA24,ENSG00000170469,HPA v23,True,Enhanced,0.8,skeletal muscle,22.2,skeletal muscle,22.2,0.3556,False,0.4687,False,0.4757,False,False
KRT72,ENSG00000170486,HPA v23,True,Enhanced,0.8,skin,10.2,skin,10.2,0.6077,False,0.6077,False,0.6077,False,False
GARIN3,ENSG00000170613,HPA v23,True,Enhanced,0.8,adipose tissue,0.0,adipose tissue,0.0,1.0,True,1.0,True,1.0,True,False
GTSF1,ENSG00000170627,HPA v23,True,Approved,0.95,tonsil,10.5,tonsil,10.5,0.8639,False,0.8639,False,0.8639,False,False
TTLL6,ENSG00000170703,HPA v23,True,Enhanced,0.8,choroid plexus,4.7,choroid plexus,4.7,0.5805,False,0.6577,False,0.6577,False,False
POLH,ENSG00000170734,HPA v23,True,Approved,0.95,tonsil,13.8,tonsil,13.8,0.0729,False,0.1892,False,0.2073,False,False
TPD52L3,ENSG00000170777,HPA v23,True,no data,0.97,breast,0.1,adipose tissue,0.0,1.0,True,1.0,True,1.0,True,False
OR10A4,ENSG00000170782,HPA v23,True,no data,0.97,adipose tissue,0.0,adipose tissue,0.0,1.0,True,1.0,True,1.0,True,False
DYDC1,ENSG00000170788,HPA v23,True,no data,0.97,fallopian tube,5.4,choroid plexus,1.5,0.9576,False,0.9961,True,0.9961,True,True
FSHR,ENSG00000170820,HPA v23,True,no data,0.97,heart muscle,0.3,heart muscle,0.3,1.0,True,1.0,True,1.0,True,False
MTSS1,ENSG00000170873,HPA v23,True,Approved,0.95,liver,70.7,liver,70.7,0.0704,False,0.1541,False,0.1682,False,False
MSANTD4,ENSG00000170903,HPA v23,True,Approved,0.95,retina,32.1,retina,32.1,0.0576,False,0.1902,False,0.2072,False,False
TEX13B,ENSG00000170925,HPA v23,True,no data,0.97,adipose tissue,0.0,adipose tissue,0.0,1.0,True,1.0,True,1.0,True,False
DNAJC24,ENSG00000170946,HPA v23,True,Approved,0.95,skeletal muscle,16.4,skeletal muscle,16.4,0.0434,False,0.156,False,0.1789,False,False
MBD3L1,ENSG00000170948,HPA v23,True,Supported,0.9,fallopian tube,3.8,pancreas,0.7,0.9004,False,1.0,False,1.0,False,False
OR8B12,ENSG00000170953,HPA v23,True,no data,0.97,adipose tissue,0.0,adipose tissue,0.0,1.0,True,1.0,True,1.0,True,False
DDI1,ENSG00000170967,HPA v23,True,Enhanced,0.8,adipose tissue,0.0,adipose tissue,0.0,1.0,True,1.0,True,1.0,True,False
C8orf74,ENSG00000171060,HPA v23,True,no data,0.97,adipose tissue,0.0,adipose tissue,0.0,1.0,True,1.0,True,1.0,True,False
ALK,ENSG00000171094,HPA v23,True,Approved,0.95,cerebral cortex,1.7,cerebral cortex,1.7,0.1818,False,0.1818,False,0.1818,False,False
OBP2B,ENSG00000171102,HPA v23,True,no data,0.97,skin,2.4,skin,2.4,0.8113,False,0.8113,False,0.8679,False,False
KCNMB3,ENSG00000171121,HPA v23,True,Approved,0.95,cerebellum,7.6,cerebellum,7.6,0.0699,False,0.1717,False,0.2019,False,False
OR2K2,ENSG00000171133,HPA v23,True,no data,0.97,spinal cord,0.8,spinal cord,0.8,1.0,True,1.0,True,1.0,True,False
ESCO2,ENSG00000171320,HPA v23,True,no data,0.97,duodenum,10.7,duodenum,10.7,0.0963,False,0.0963,False,0.1002,False,False
SPACA5B,ENSG00000171478,HPA v23,True,Supported,0.9,choroid plexus,0.3,choroid plexus,0.3,1.0,True,1.0,True,1.0,True,False
OR1L3,ENSG00000171481,HPA v23,True,no data,0.97,retina,0.1,retina,0.1,1.0,True,1.0,True,1.0,True,False
NLRP5,ENSG00000171487,HPA v23,True,no data,0.97,parathyroid gland,21.7,parathyroid gland,21.7,0.2069,False,0.2069,False,0.2069,False,False
SPACA5,ENSG00000171489,HPA v23,True,Supported,0.9,thyroid gland,0.5,thyroid gland,0.5,1.0,True,1.0,True,1.0,True,False
LRRC8D,ENSG00000171492,HPA v23,True,no data,0.97,spinal cord,42.5,spinal cord,42.5,0.0367,False,0.1048,False,0.1223,False,False
MROH2B,ENSG00000171495,HPA v23,True,Enhanced,0.8,colon,0.1,colon,0.1,1.0,True,1.0,True,1.0,True,False
OR1N1,ENSG00000171505,HPA v23,True,no data,0.97,retina,0.2,retina,0.2,1.0,True,1.0,True,1.0,True,False
MAP6,ENSG00000171533,HPA v23,True,Enhanced,0.8,retina,93.1,retina,93.1,0.0232,False,0.1431,False,0.1454,False,False
OTP,ENSG00000171540,HPA v23,True,Enhanced,0.8,hypothalamus,12.9,hypothalamus,12.9,0.0,False,0.0,False,0.0,False,False
SPATA46,ENSG00000171722,HPA v23,True,no data,0.97,adrenal gland,3.1,adrenal gland,3.1,0.8954,False,0.8954,False,0.8954,False,False
LRRC34,ENSG00000171757,HPA v23,True,Approved,0.95,choroid plexus,5.6,choroid plexus,5.6,0.3363,False,0.4631,False,0.4661,False,False
SYCE1,ENSG00000171772,HPA v23,True,Enhanced,0.8,cerebellum,17.5,cerebellum,17.5,0.4867,False,0.493,False,0.4956,False,False
SLFNL1,ENSG00000171790,HPA v23,True,no data,0.97,salivary gland,4.0,salivary gland,4.0,0.9325,False,0.9401,False,0.9401,False,False
WDR87,ENSG00000171804,HPA v23,True,no data,0.97,thyroid gland,0.3,thyroid gland,0.3,1.0,True,1.0,True,1.0,True,False
ZNF570,ENSG00000171827,HPA v23,True,Uncertain,0.97,parathyroid gland,3.9,parathyroid gland,3.9,0.1267,False,0.2412,False,0.2687,False,False
FAM90A1,ENSG00000171847,HPA v23,True,no data,0.97,cerebral cortex,6.8,cerebral cortex,6.8,0.076,False,0.152,False,0.152,False,False
PRND,ENSG00000171864,HPA v23,True,Enhanced,0.8,choroid plexus,39.4,choroid plexus,39.4,0.6136,False,0.6407,False,0.6407,False,False
KLF17,ENSG00000171872,HPA v23,True,Enhanced,0.8,smooth muscle,1.1,smooth muscle,1.1,0.9861,True,0.9861,True,0.9861,True,False
FBXW10,ENSG00000171931,HPA v23,True,no data,0.97,cerebellum,1.3,cerebellum,1.3,0.9659,False,0.9659,False,0.9659,False,False
FOXB1,ENSG00000171956,HPA v23,True,no data,0.97,midbrain,4.1,midbrain,4.1,0.0,False,0.0,False,0.0,False,False
JMJD1C,ENSG00000171988,HPA v23,True,Approved,0.95,retina,38.3,retina,38.3,0.0706,False,0.199,False,0.2299,False,False
LDHAL6B,ENSG00000171989,HPA v23,True,Enhanced,0.8,adipose tissue,0.3,adipose tissue,0.3,1.0,True,1.0,True,1.0,True,False
SLC9C1,ENSG00000172139,HPA v23,True,no data,0.97,skin,2.1,skin,2.1,0.8608,False,0.8608,False,0.8608,False,False
C5orf34,ENSG00000172244,HPA v23,True,Approved,0.95,thymus,3.5,lymph node,2.7,0.2459,False,0.377,False,0.418,False,False
CDY1,ENSG00000172288,HPA v23,True,Supported,0.9,adipose tissue,0.0,adipose tissue,0.0,1.0,True,1.0,True,1.0,True,False
OR5A1,ENSG00000172320,HPA v23,True,no data,0.97,bone marrow,0.4,bone marrow,0.4,1.0,True,1.0,True,1.0,True,False
CDY1B,ENSG00000172352,HPA v23,True,Supported,0.9,adipose tissue,0.0,adipose tissue,0.0,1.0,True,1.0,True,1.0,True,False
CFAP53,ENSG00000172361,HPA v23,True,Enhanced,0.8,fallopian tube,27.6,choroid plexus,19.9,0.4722,False,0.6724,False,0.6724,False,False
OR5B12,ENSG00000172362,HPA v23,True,no data,0.97,adipose tissue,0.0,adipose tissue,0.0,1.0,True,1.0,True,1.0,True,False
OR5B2,ENSG00000172365,HPA v23,True,no data,0.97,bone marrow,0.2,bone marrow,0.2,1.0,True,1.0,True,1.0,True,False
EFCAB3,ENSG00000172421,HPA v23,True,Uncertain,0.97,adipose tissue,0.4,adipose tissue,0.4,1.0,True,1.0,True,1.0,True,False
TCEAL1,ENSG00000172465,HPA v23,True,Approved,0.95,endometrium,136.1,urinary bladder,94.7,0.097,False,0.373,False,0.3908,False,False
HSFY1,ENSG00000172468,HPA v23,True,no data,0.97,hypothalamus,0.7,hypothalamus,0.7,1.0,True,1.0,True,1.0,True,False
OR10H5,ENSG00000172519,HPA v23,True,no data,0.97,bone marrow,0.6,bone marrow,0.6,1.0,True,1.0,True,1.0,True,False
FAM170B,ENSG00000172538,HPA v23,True,no data,0.97,adipose tissue,0.0,adipose tissue,0.0,1.0,True,1.0,True,1.0,True,False
ZFAND4,ENSG00000172671,HPA v23,True,Enhanced,0.8,cerebellum,6.6,cerebellum,6.6,0.3452,False,0.4228,False,0.4406,False,False
MOS,ENSG00000172680,HPA v23,True,no data,0.97,amygdala,0.1,amygdala,0.1,1.0,True,1.0,True,1.0,True,False
PURG,ENSG00000172733,HPA v23,True,Enhanced,0.8,cerebellum,11.5,cerebellum,11.5,0.0349,False,0.061,False,0.061,False,False
TMEM217,ENSG00000172738,HPA v23,True,no data,0.97,adrenal gland,2.9,adrenal gland,2.9,0.4936,False,0.5256,False,0.5256,False,False
EFCAB12,ENSG00000172771,HPA v23,True,no data,0.97,fallopian tube,19.0,choroid plexus,10.5,0.1264,False,0.5698,False,0.5698,False,False
ZNG1A,ENSG00000172785,HPA v23,True,Approved,0.95,kidney,39.0,kidney,39.0,0.0571,False,0.1718,False,0.1924,False,False
PDP2,ENSG00000172840,HPA v23,True,Approved,0.95,thyroid gland,9.0,thyroid gland,9.0,0.0777,False,0.1751,False,0.1949,False,False
XKR3,ENSG00000172967,HPA v23,True,no data,0.97,cerebral cortex,0.1,cerebral cortex,0.1,1.0,True,1.0,True,1.0,True,False
ADAMTS20,ENSG00000173157,HPA v23,True,no data,0.97,retina,0.6,retina,0.6,1.0,True,1.0,True,1.0,True,False
TUBB8B,ENSG00000173213,HPA v23,True,Uncertain,0.97,adipose tissue,0.0,adipose tissue,0.0,1.0,False,1.0,False,1.0,False,False
ZNF483,ENSG00000173258,HPA v23,True,no data,0.97,retina,11.3,retina,11.3,0.0746,False,0.2847,False,0.3004,False,False
PLAC8L1,ENSG00000173261,HPA v23,True,no data,0.97,spinal cord,2.4,spinal cord,2.4,0.7934,False,0.7934,False,0.7934,False,False
SLC2A14,ENSG00000173262,HPA v23,True,Supported,0.9,pancreas,6.4,pancreas,6.4,0.8101,False,0.8121,False,0.8121,False,False
CST9,ENSG00000173335,HPA v23,True,no data,0.97,breast,1.9,kidney,0.1,0.0,False,0.0,False,1.0,True,False
IQCF1,ENSG00000173389,HPA v23,True,no data,0.97,prostate,0.1,adipose tissue,0.0,1.0,True,1.0,True,1.0,True,False
GLIPR1L1,ENSG00000173401,HPA v23,True,Enhanced,0.8,skin,0.5,skin,0.5,1.0,True,1.0,True,1.0,True,False
IHO1,ENSG00000173421,HPA v23,True,Approved,0.95,adipose tissue,3.1,adipose tissue,3.1,0.8639,False,0.8829,False,0.9051,False,False
RNASE8,ENSG00000173431,HPA v23,True,no data,0.97,salivary gland,53.2,salivary gland,53.2,0.0,False,0.0,False,0.0,False,False
THAP2,ENSG00000173451,HPA v23,True,Approved,0.95,urinary bladder,27.2,urinary bladder,27.2,0.0932,False,0.2152,False,0.2254,False,False
RNASE11,ENSG00000173464,HPA v23,True,no data,0.97,epididymis,643.4,small intestine,0.1,0.0657,False,1.0,True,1.0,True,True
CIMIP2C,ENSG00000173557,HPA v23,True,Enhanced,0.8,choroid plexus,8.5,choroid plexus,8.5,0.5573,False,0.6989,False,0.6989,False,False
SCAI,ENSG00000173611,HPA v23,True,Approved,0.95,thymus,10.9,retina,7.2,0.0344,False,0.1162,False,0.1293,False,False
LRFN4,ENSG00000173621,HPA v23,True,Enhanced,0.8,cerebellum,40.1,cerebellum,40.1,0.0706,False,0.2053,False,0.2356,False,False
APOBEC4,ENSG00000173627,HPA v23,True,no data,0.97,fallopian tube,11.2,lung,1.1,0.4579,False,0.9947,True,0.9947,True,True
HES3,ENSG00000173673,HPA v23,True,no data,0.97,thymus,0.7,adipose tissue,0.0,1.0,True,1.0,True,1.0,True,False
SPATA3,ENSG00000173699,HPA v23,True,Enhanced,0.8,bone marrow,0.3,bone marrow,0.3,1.0,True,1.0,True,1.0,True,False
SPMIP3,ENSG00000173728,HPA v23,True,no data,0.97,parathyroid gland,0.5,parathyroid gland,0.5,1.0,True,1.0,True,1.0,True,False
TOPAZ1,ENSG00000173769,HPA v23,True,no data,0.97,adipose tissue,0.0,adipose tissue,0.0,1.0,True,1.0,True,1.0,True,False
MARCHF10,ENSG00000173838,HPA v23,True,Enhanced,0.8,choroid plexus,17.8,choroid plexus,17.8,0.7029,False,0.7982,False,0.7982,False,False
PHOSPHO1,ENSG00000173868,HPA v23,True,no data,0.97,bone marrow,18.7,bone marrow,18.7,0.6605,False,0.6624,False,0.6624,False,False
PHC3,ENSG00000173889,HPA v23,True,Approved,0.95,bone marrow,50.3,bone marrow,50.3,0.0563,False,0.1733,False,0.1918,False,False
CBX2,ENSG00000173894,HPA v23,True,Approved,0.95,thymus,7.2,esophagus,4.1,0.4484,False,0.4968,False,0.5,False,False
SLCO4C1,ENSG00000173930,HPA v23,True,no data,0.97,kidney,40.1,kidney,40.1,0.0,False,0.0375,False,0.0375,False,False
RBM4,ENSG00000173933,HPA v23,True,Approved,0.95,bone marrow,129.5,bone marrow,129.5,0.0597,False,0.1999,False,0.2179,False,False
LRRC63,ENSG00000173988,HPA v23,True,no data,0.97,spinal cord,4.0,spinal cord,4.0,0.2584,False,0.4157,False,0.4157,False,False
CEP19,ENSG00000174007,HPA v23,True,Enhanced,0.8,thymus,7.4,cerebral cortex,6.4,0.125,False,0.2196,False,0.2208,False,False
KICS2,ENSG00000174206,HPA v23,True,Uncertain,0.97,liver,8.3,liver,8.3,0.0447,False,0.1606,False,0.1962,False,False
ARL13A,ENSG00000174225,HPA v23,True,no data,0.97,skin,0.7,skin,0.7,1.0,True,1.0,True,1.0,True,False
EVX2,ENSG00000174279,HPA v23,True,no data,0.97,seminal vesicle,1.5,colon,0.9,0.6333,False,1.0,True,1.0,True,True
EXO1,ENSG00000174371,HPA v23,True,no data,0.97,bone marrow,17.1,bone marrow,17.1,0.1188,False,0.1188,False,0.1223,False,False
LIG4,ENSG00000174405,HPA v23,True,Approved,0.95,retina,25.4,retina,25.4,0.0524,False,0.1382,False,0.1524,False,False
SNAPC5,ENSG00000174446,HPA v23,True,Uncertain,0.97,skeletal muscle,58.0,skeletal muscle,58.0,0.0514,False,0.1766,False,0.1922,False,False
STARD6,ENSG00000174448,HPA v23,True,no data,0.97,spinal cord,0.3,spinal cord,0.3,1.0,True,1.0,True,1.0,True,False
GOLGA6L2,ENSG00000174450,HPA v23,True,no data,0.97,skeletal muscle,1.1,skeletal muscle,1.1,0.998,True,0.998,True,0.998,True,False
BBS1,ENSG00000174483,HPA v23,True,Uncertain,0.97,parathyroid gland,36.7,parathyroid gland,36.7,0.0609,False,0.2479,False,0.2639,False,False
MYO1H,ENSG00000174527,HPA v23,True,no data,0.97,choroid plexus,0.3,choroid plexus,0.3,1.0,True,1.0,True,1.0,True,False
KLK15,ENSG00000174562,HPA v23,True,no data,0.97,salivary gland,3.9,salivary gland,3.9,0.0238,False,0.0238,False,0.0238,False,False
OR7D4,ENSG00000174667,HPA v23,True,no data,0.97,bone marrow,0.3,bone marrow,0.3,1.0,True,1.0,True,1.0,True,False
WDR49,ENSG00000174776,HPA v23,True,no data,0.97,choroid plexus,9.1,choroid plexus,9.1,0.0,False,0.268,False,0.268,False,False
PCP2,ENSG00000174788,HPA v23,True,no data,0.97,cerebellum,116.2,cerebellum,116.2,0.3228,False,0.3541,False,0.3669,False,False
THAP6,ENSG00000174796,HPA v23,True,no data,0.97,retina,21.0,retina,21.0,0.0789,False,0.2208,False,0.2479,False,False
NDUFA11,ENSG00000174886,HPA v23,True,no data,0.97,heart muscle,664.8,heart muscle,664.8,0.0367,False,0.151,False,0.1686,False,False
TEX36,ENSG00000175018,HPA v23,True,no data,0.97,smooth muscle,0.4,smooth muscle,0.4,1.0,True,1.0,True,1.0,True,False
VCPIP1,ENSG00000175073,HPA v23,True,no data,0.97,bone marrow,20.0,bone marrow,20.0,0.0586,False,0.1499,False,0.1712,False,False
RAG2,ENSG00000175097,HPA v23,True,no data,0.97,thymus,146.4,thyroid gland,23.0,0.0,False,0.0,False,0.0,False,False
TVP23C,ENSG00000175106,HPA v23,True,Uncertain,0.97,bone marrow,10.7,bone marrow,10.7,0.0879,False,0.2434,False,0.2642,False,False
PPM1E,ENSG00000175175,HPA v23,True,Approved,0.95,retina,21.6,retina,21.6,0.0802,False,0.0933,False,0.0933,False,False
HIGD2B,ENSG00000175202,HPA v23,True,no data,0.97,epididymis,0.3,thyroid gland,0.2,1.0,True,1.0,True,1.0,True,False
CATSPER1,ENSG00000175294,HPA v23,True,no data,0.97,bone marrow,0.5,bone marrow,0.5,1.0,True,1.0,True,1.0,True,False
CCNE2,ENSG00000175305,HPA v23,True,Enhanced,0.8,bone marrow,36.5,bone marrow,36.5,0.0999,False,0.1118,False,0.1184,False,False
CHRNA7,ENSG00000175344,HPA v23,True,Enhanced,0.8,small intestine,9.4,small intestine,9.4,0.0482,False,0.053,False,0.053,False,False
RFESD,ENSG00000175449,HPA v23,True,Uncertain,0.97,bone marrow,17.6,bone marrow,17.6,0.1461,False,0.2488,False,0.256,False,False
TSGA10IP,ENSG00000175513,HPA v23,True,no data,0.97,cerebellum,0.7,cerebellum,0.7,1.0,True,1.0,True,1.0,True,False
UBQLNL,ENSG00000175518,HPA v23,True,no data,0.97,cervix,1.5,spleen,1.4,0.9426,False,0.9789,True,0.9789,True,True
UBQLN3,ENSG00000175520,HPA v23,True,Enhanced,0.8,epididymis,0.2,adipose tissue,0.0,1.0,True,1.0,True,1.0,True,False
LIPT2,ENSG00000175536,HPA v23,True,Approved,0.95,skeletal muscle,7.8,skeletal muscle,7.8,0.1959,False,0.302,False,0.3211,False,False
ALG10B,ENSG00000175548,HPA v23,True,Approved,0.95,retina,8.8,retina,8.8,0.0936,False,0.2352,False,0.2798,False,False
TEX26,ENSG00000175664,HPA v23,True,no data,0.97,choroid plexus,11.6,choroid plexus,11.6,0.5905,False,0.5905,False,0.5905,False,False
RBMXL3,ENSG00000175718,HPA v23,True,Supported,0.9,adipose tissue,0.0,adipose tissue,0.0,1.0,True,1.0,True,1.0,True,False
TTLL11,ENSG00000175764,HPA v23,True,Approved,0.95,skeletal muscle,26.5,skeletal muscle,26.5,0.07,False,0.1628,False,0.1734,False,False
ZNF169,ENSG00000175787,HPA v23,True,Uncertain,0.97,cerebellum,5.9,cerebellum,5.9,0.0499,False,0.2072,False,0.228,False,False
TMPRSS7,ENSG00000176040,HPA v23,True,no data,0.97,fallopian tube,0.3,choroid plexus,0.2,1.0,True,1.0,True,1.0,True,False
ZNF683,ENSG00000176083,HPA v23,True,Uncertain,0.97,salivary gland,9.8,salivary gland,9.8,0.7876,False,0.7936,False,0.7936,False,False
TCP11L1,ENSG00000176148,HPA v23,True,Approved,0.95,cerebral cortex,12.2,cerebral cortex,12.2,0.0628,False,0.1789,False,0.1942,False,False
HSF5,ENSG00000176160,HPA v23,True,Enhanced,0.8,lymph node,1.1,lymph node,1.1,0.9978,True,0.9978,True,0.9978,True,False
FOXG1,ENSG00000176165,HPA v23,True,no data,0.97,cerebral cortex,20.6,cerebral cortex,20.6,0.0381,False,0.0381,False,0.0381,False,False
ENTHD1,ENSG00000176177,HPA v23,True,no data,0.97,thymus,1.3,basal ganglia,0.9,0.97,True,0.97,True,0.97,True,False
OR11H4,ENSG00000176198,HPA v23,True,no data,0.97,adipose tissue,0.0,adipose tissue,0.0,1.0,True,1.0,True,1.0,True,False
ATAD5,ENSG00000176208,HPA v23,True,no data,0.97,bone marrow,12.2,bone marrow,12.2,0.043,False,0.043,False,0.0502,False,False
OR11H6,ENSG00000176219,HPA v23,True,no data,0.97,adipose tissue,0.0,adipose tissue,0.0,1.0,True,1.0,True,1.0,True,False
OR4N2,ENSG00000176294,HPA v23,True,no data,0.97,cerebral cortex,0.5,cerebral cortex,0.5,1.0,True,1.0,True,1.0,True,False
OR4M1,ENSG00000176299,HPA v23,True,no data,0.97,adipose tissue,0.0,adipose tissue,0.0,1.0,True,1.0,True,1.0,True,False
FOXR1,ENSG00000176302,HPA v23,True,no data,0.97,retina,0.1,retina,0.1,1.0,True,1.0,True,1.0,True,False
EID2B,ENSG00000176401,HPA v23,True,Approved,0.95,cerebellum,15.9,cerebellum,15.9,0.0526,False,0.1516,False,0.1585,False,False
CNTD1,ENSG00000176563,HPA v23,True,no data,0.97,stomach,3.2,stomach,3.2,0.8891,False,0.9024,False,0.9202,False,False
CNBD1,ENSG00000176571,HPA v23,True,no data,0.97,spleen,0.3,spleen,0.3,1.0,True,1.0,True,1.0,True,False
B3GNT5,ENSG00000176597,HPA v23,True,Uncertain,0.97,bone marrow,75.7,bone marrow,75.7,0.0474,False,0.1453,False,0.1545,False,False
TGIF2LY,ENSG00000176679,HPA v23,True,no data,0.97,adipose tissue,0.0,adipose tissue,0.0,1.0,True,1.0,True,1.0,True,False
PFN4,ENSG00000176732,HPA v23,True,no data,0.97,retina,2.9,retina,2.9,0.9387,False,0.9579,False,0.9603,False,False
NCKAP5,ENSG00000176771,HPA v23,True,no data,0.97,lung,11.1,lung,11.1,0.0515,False,0.0669,False,0.0995,False,False
DEFB104A,ENSG00000176782,HPA v23,True,Supported,0.9,epididymis,1270.3,esophagus,1.6,0.0,False,0.9995,True,0.9995,True,True
OR52E2,ENSG00000176787,HPA v23,True,no data,0.97,adipose tissue,0.0,adipose tissue,0.0,1.0,True,1.0,True,1.0,True,False
OR51A7,ENSG00000176895,HPA v23,True,no data,0.97,adipose tissue,0.0,adipose tissue,0.0,1.0,True,1.0,True,1.0,True,False
OR51S1,ENSG00000176922,HPA v23,True,no data,0.97,adipose tissue,0.0,adipose tissue,0.0,1.0,True,1.0,True,1.0,True,False
EFCAB5,ENSG00000176927,HPA v23,True,no data,0.97,bone marrow,1.2,bone marrow,1.2,0.9605,False,0.9605,False,0.9605,False,False
TRIM60,ENSG00000176979,HPA v23,True,Uncertain,0.97,skin,0.1,skin,0.1,1.0,True,1.0,True,1.0,True,False
DEFB104B,ENSG00000177023,HPA v23,True,Supported,0.9,esophagus,0.2,esophagus,0.2,1.0,True,1.0,True,1.0,True,False
C19orf18,ENSG00000177025,HPA v23,True,Approved,0.95,choroid plexus,15.6,choroid plexus,15.6,0.1863,False,0.2994,False,0.3248,False,False
FAM9B,ENSG00000177138,HPA v23,True,no data,0.97,liver,3.0,liver,3.0,0.6184,False,0.7368,False,0.7368,False,False
CETN1,ENSG00000177143,HPA v23,True,Enhanced,0.8,prostate,0.1,adipose tissue,0.0,1.0,True,1.0,True,1.0,True,False
SPACA4,ENSG00000177202,HPA v23,True,Enhanced,0.8,colon,3.5,colon,3.5,0.9058,True,0.9058,True,0.9058,True,False
KCNA3,ENSG00000177272,HPA v23,True,Approved,0.95,spleen,2.5,spleen,2.5,0.0,False,0.0,False,0.0,False,False
BEND2,ENSG00000177324,HPA v23,True,Enhanced,0.8,bone marrow,0.2,bone marrow,0.2,1.0,True,1.0,True,1.0,True,False
UMODL1,ENSG00000177398,HPA v23,True,no data,0.97,fallopian tube,1.0,choroid plexus,0.2,1.0,True,1.0,True,1.0,True,False
UBE2U,ENSG00000177414,HPA v23,True,no data,0.97,stomach,2.3,stomach,2.3,0.961,False,0.961,False,0.961,False,False
RBM44,ENSG00000177483,HPA v23,True,Enhanced,0.8,bone marrow,0.5,bone marrow,0.5,1.0,True,1.0,True,1.0,True,False
VCX2,ENSG00000177504,HPA v23,True,Enhanced,0.8,adipose tissue,0.0,adipose tissue,0.0,1.0,False,1.0,False,1.0,False,False
FAM187B,ENSG00000177558,HPA v23,True,Enhanced,0.8,spleen,0.2,spleen,0.2,1.0,True,1.0,True,1.0,True,False
C12orf54,ENSG00000177627,HPA v23,True,no data,0.97,tonsil,0.6,tonsil,0.6,1.0,True,1.0,True,1.0,True,False
DEFB114,ENSG00000177684,HPA v23,True,no data,0.97,epididymis,51.4,adipose tissue,0.0,0.0,False,1.0,True,1.0,True,True
DNAJC28,ENSG00000177692,HPA v23,True,Approved,0.95,heart muscle,2.8,heart muscle,2.8,0.2094,False,0.2166,False,0.2166,False,False
NAALADL2,ENSG00000177694,HPA v23,True,Approved,0.95,parathyroid gland,9.9,parathyroid gland,9.9,0.0447,False,0.3516,False,0.4193,False,False
PCDHB9,ENSG00000177839,HPA v23,True,Uncertain,0.97,cerebral cortex,4.2,cerebral cortex,4.2,0.0833,False,0.369,False,0.381,False,False
ZNF620,ENSG00000177842,HPA v23,True,no data,0.97,retina,4.1,retina,4.1,0.0362,False,0.124,False,0.1499,False,False
ZNF619,ENSG00000177873,HPA v23,True,Uncertain,0.97,retina,4.0,retina,4.0,0.0517,False,0.1869,False,0.2227,False,False
SPATA31C2,ENSG00000177910,HPA v23,True,no data,0.97,epididymis,22.5,adipose tissue,0.0,0.2349,False,1.0,True,1.0,True,True
CAPZA3,ENSG00000177938,HPA v23,True,Enhanced,0.8,skin,2.1,skin,2.1,0.9916,True,0.9916,True,0.9916,True,False
CIMIP6,ENSG00000177994,HPA v23,True,no data,0.97,fallopian tube,7.3,choroid plexus,3.8,0.8142,False,0.9257,False,0.9257,False,False
MLF1,ENSG00000178053,HPA v23,True,Enhanced,0.8,skeletal muscle,175.9,skeletal muscle,175.9,0.2807,False,0.3607,False,0.3719,False,False
TSSK6,ENSG00000178093,HPA v23,True,no data,0.97,skin,1.5,skin,1.5,0.9951,True,0.9951,True,0.9951,True,False
PPP1R42,ENSG00000178125,HPA v23,True,no data,0.97,fallopian tube,5.3,choroid plexus,1.1,0.6423,False,0.9919,True,0.9919,True,True
LCORL,ENSG00000178177,HPA v23,True,Uncertain,0.97,small intestine,6.8,small intestine,6.8,0.0961,False,0.1848,False,0.2006,False,False
ZNF543,ENSG00000178229,HPA v23,True,no data,0.97,thymus,3.1,parathyroid gland,2.9,0.1723,False,0.3133,False,0.3551,False,False
GEN1,ENSG00000178295,HPA v23,True,Enhanced,0.8,bone marrow,15.0,bone marrow,15.0,0.0761,False,0.1973,False,0.2131,False,False
TMPRSS9,ENSG00000178297,HPA v23,True,no data,0.97,liver,4.0,liver,4.0,0.3768,False,0.3768,False,0.3768,False,False
PLEKHM3,ENSG00000178385,HPA v23,True,Uncertain,0.97,retina,8.1,retina,8.1,0.0404,False,0.1343,False,0.1512,False,False
ZNF223,ENSG00000178386,HPA v23,True,Approved,0.95,prostate,6.3,thyroid gland,6.2,0.0658,False,0.2309,False,0.2616,False,False
CCDC185,ENSG00000178395,HPA v23,True,no data,0.97,adipose tissue,0.0,adipose tissue,0.0,1.0,True,1.0,True,1.0,True,False
NEUROG2,ENSG00000178403,HPA v23,True,no data,0.97,basal ganglia,2.1,basal ganglia,2.1,0.1463,False,0.1463,False,0.1463,False,False
CEP295NL,ENSG00000178404,HPA v23,True,no data,0.97,bone marrow,2.0,bone marrow,2.0,0.9638,False,0.9638,False,0.9638,False,False
BEND3,ENSG00000178409,HPA v23,True,Uncertain,0.97,stomach,1.9,stomach,1.9,0.186,False,0.186,False,0.186,False,False
MCMDC2,ENSG00000178460,HPA v23,True,no data,0.97,skeletal muscle,5.8,skeletal muscle,5.8,0.3354,False,0.3415,False,0.3415,False,False
KLHL11,ENSG00000178502,HPA v23,True,Uncertain,0.97,bone marrow,8.9,bone marrow,8.9,0.1399,False,0.2676,False,0.2981,False,False
MAF,ENSG00000178573,HPA v23,True,Approved,0.95,small intestine,80.7,small intestine,80.7,0.079,False,0.2157,False,0.2313,False,False
DEFB125,ENSG00000178591,HPA v23,True,no data,0.97,epididymis,1.5,adipose tissue,0.0,0.0,False,1.0,True,1.0,True,True
C10orf53,ENSG00000178645,HPA v23,True,Enhanced,0.8,bone marrow,0.3,bone marrow,0.3,1.0,True,1.0,True,1.0,True,False
ZNF713,ENSG00000178665,HPA v23,True,no data,0.97,spinal cord,2.7,spinal cord,2.7,0.2092,False,0.3072,False,0.3137,False,False
NSUN3,ENSG00000178694,HPA v23,True,no data,0.97,rectum,3.8,rectum,3.8,0.0653,False,0.2036,False,0.2266,False,False
GDPD4,ENSG00000178795,HPA v23,True,no data,0.97,retina,1.4,retina,1.4,0.8667,False,0.8667,False,0.8667,False,False
RIIAD1,ENSG00000178796,HPA v23,True,Enhanced,0.8,pituitary gland,33.8,pituitary gland,33.8,0.1373,False,0.3446,False,0.3446,False,False
H1-8,ENSG00000178804,HPA v23,True,Enhanced,0.8,adipose tissue,0.0,adipose tissue,0.0,1.0,False,1.0,False,1.0,False,False
EFCAB13,ENSG00000178852,HPA v23,True,no data,0.97,thyroid gland,13.6,thyroid gland,13.6,0.2121,False,0.3617,False,0.3889,False,False
TPRX1,ENSG00000178928,HPA v23,True,no data,0.97,retina,1.1,retina,1.1,0.5,False,0.5,False,0.5,False,False
C14orf39,ENSG00000179008,HPA v23,True,no data,0.97,pituitary gland,4.7,pituitary gland,4.7,0.4025,False,0.4068,False,0.4068,False,False
OR13D1,ENSG00000179055,HPA v23,True,no data,0.97,adipose tissue,0.0,adipose tissue,0.0,1.0,True,1.0,True,1.0,True,False
CCDC89,ENSG00000179071,HPA v23,True,Enhanced,0.8,fallopian tube,7.6,retina,1.6,0.795,False,0.9519,False,0.9572,False,False
FAM133A,ENSG00000179083,HPA v23,True,no data,0.97,basal ganglia,4.7,basal ganglia,4.7,0.2664,False,0.2664,False,0.2664,False,False
C10orf67,ENSG00000179133,HPA v23,True,Approved,0.95,choroid plexus,5.5,choroid plexus,5.5,0.4564,False,0.6224,False,0.6224,False,False
CYP11B2,ENSG00000179142,HPA v23,True,Supported,0.9,adrenal gland,173.3,adrenal gland,173.3,0.0,False,0.0,False,0.0,False,False
PXT1,ENSG00000179165,HPA v23,True,no data,0.97,cerebellum,0.3,cerebellum,0.3,1.0,True,1.0,True,1.0,True,False
GGN,ENSG00000179168,HPA v23,True,no data,0.97,small intestine,2.8,small intestine,2.8,0.9344,False,0.9344,False,0.9344,False,False
SIGLECL1,ENSG00000179213,HPA v23,True,Enhanced,0.8,cervix,0.2,spleen,0.1,1.0,True,1.0,True,1.0,True,False
PTPN11,ENSG00000179295,HPA v23,True,Approved,0.95,midbrain,94.8,midbrain,94.8,0.0369,False,0.1404,False,0.1562,False,False
NSUN7,ENSG00000179299,HPA v23,True,Uncertain,0.97,choroid plexus,9.7,choroid plexus,9.7,0.2133,False,0.394,False,0.4291,False,False
TMEM31,ENSG00000179363,HPA v23,True,no data,0.97,hypothalamus,2.2,hypothalamus,2.2,0.9518,False,0.9545,False,0.9545,False,False
CATSPERE,ENSG00000179397,HPA v23,True,no data,0.97,epididymis,2.6,pituitary gland,1.0,0.9171,False,1.0,True,1.0,True,True
HNRNPCL4,ENSG00000179412,HPA v23,True,no data,0.97,adipose tissue,0.0,adipose tissue,0.0,1.0,True,1.0,True,1.0,True,False
RNF151,ENSG00000179580,HPA v23,True,no data,0.97,prostate,0.2,cerebellum,0.1,1.0,True,1.0,True,1.0,True,False
PLD6,ENSG00000179598,HPA v23,True,Approved,0.95,cerebellum,21.6,cerebellum,21.6,0.1331,False,0.2722,False,0.2855,False,False
GPHB5,ENSG00000179600,HPA v23,True,no data,0.97,retina,0.1,retina,0.1,1.0,True,1.0,True,1.0,True,False
GRM8,ENSG00000179603,HPA v23,True,no data,0.97,choroid plexus,21.0,choroid plexus,21.0,0.0233,False,0.0233,False,0.0233,False,False
TPPP2,ENSG00000179636,HPA v23,True,Enhanced,0.8,liver,12.8,liver,12.8,0.9216,False,0.9305,False,0.9305,False,False
OR6C2,ENSG00000179695,HPA v23,True,no data,0.97,epididymis,0.1,adipose tissue,0.0,1.0,True,1.0,True,1.0,True,False
NLRP8,ENSG00000179709,HPA v23,True,no data,0.97,breast,0.2,salivary gland,0.1,1.0,True,1.0,True,1.0,True,False
SYCN,ENSG00000179751,HPA v23,True,Enhanced,0.8,pancreas,27446.4,pancreas,27446.4,0.0011,False,0.0012,False,0.0012,False,False
LRRC3B,ENSG00000179796,HPA v23,True,Approved,0.95,amygdala,24.5,amygdala,24.5,0.0435,False,0.0435,False,0.0435,False,False
MRGPRX4,ENSG00000179817,HPA v23,True,no data,0.97,adipose tissue,0.0,adipose tissue,0.0,1.0,True,1.0,True,1.0,True,False
ABCA13,ENSG00000179869,HPA v23,True,no data,0.97,bone marrow,44.1,bone marrow,44.1,0.0107,False,0.0128,False,0.0128,False,False
NLRP11,ENSG00000179873,HPA v23,True,no data,0.97,epididymis,1.1,liver,1.0,0.0,False,1.0,True,1.0,True,True
OR10A7,ENSG00000179919,HPA v23,True,no data,0.97,adipose tissue,0.0,adipose tissue,0.0,1.0,True,1.0,True,1.0,True,False
PSTK,ENSG00000179988,HPA v23,True,Approved,0.95,bone marrow,6.1,bone marrow,6.1,0.0645,False,0.1957,False,0.2344,False,False
OR1E1,ENSG00000180016,HPA v23,True,no data,0.97,skeletal muscle,0.1,skeletal muscle,0.1,1.0,True,1.0,True,1.0,True,False
GARIN5B,ENSG00000180043,HPA v23,True,no data,0.97,fallopian tube,0.1,hypothalamus,0.1,1.0,True,1.0,True,1.0,True,False
OR3A1,ENSG00000180090,HPA v23,True,no data,0.97,cervix,0.1,choroid plexus,0.1,1.0,True,1.0,True,1.0,True,False
TDRD6,ENSG00000180113,HPA v23,True,Enhanced,0.8,cerebellum,10.6,cerebellum,10.6,0.376,False,0.4186,False,0.4186,False,False
REDIC1,ENSG00000180116,HPA v23,True,no data,0.97,tonsil,0.2,tonsil,0.2,1.0,True,1.0,True,1.0,True,False
FAHD1,ENSG00000180185,HPA v23,True,Enhanced,0.8,kidney,71.2,kidney,71.2,0.034,False,0.1167,False,0.1275,False,False
WFDC9,ENSG00000180205,HPA v23,True,no data,0.97,epididymis,964.7,adipose tissue,0.0,0.0,False,1.0,True,1.0,True,True
GARIN6,ENSG00000180219,HPA v23,True,no data,0.97,cerebellum,0.1,cerebellum,0.1,1.0,True,1.0,True,1.0,True,False
GPR139,ENSG00000180269,HPA v23,True,no data,0.97,basal ganglia,0.4,basal ganglia,0.4,1.0,True,1.0,True,1.0,True,False
WFDC10A,ENSG00000180305,HPA v23,True,no data,0.97,epididymis,280.5,cerebral cortex,0.1,0.0,False,1.0,True,1.0,True,True
HARBI1,ENSG00000180423,HPA v23,True,Approved,0.95,bone marrow,5.4,bone marrow,5.4,0.1521,False,0.2407,False,0.2563,False,False
DEFB123,ENSG00000180424,HPA v23,True,no data,0.97,epididymis,155.0,small intestine,0.4,0.4801,False,1.0,True,1.0,True,True
C11orf71,ENSG00000180425,HPA v23,True,no data,0.97,epididymis,22.1,liver,21.6,0.2764,False,0.3733,False,0.3855,False,False
ZNF571,ENSG00000180479,HPA v23,True,no data,0.97,thyroid gland,75.2,thyroid gland,75.2,0.0633,False,0.1809,False,0.222,False,False
GLIPR1L2,ENSG00000180481,HPA v23,True,Enhanced,0.8,spinal cord,6.4,spinal cord,6.4,0.4939,False,0.5822,False,0.5953,False,False
DEFB119,ENSG00000180483,HPA v23,True,Supported,0.9,epididymis,1870.7,retina,150.8,0.1373,False,0.936,True,0.936,True,True
SKIDA1,ENSG00000180592,HPA v23,True,no data,0.97,retina,1.5,retina,1.5,0.4,False,0.4,False,0.4,False,False
PCGF5,ENSG00000180628,HPA v23,True,Approved,0.95,heart muscle,27.3,heart muscle,27.3,0.0521,False,0.161,False,0.1765,False,False
OR2A4,ENSG00000180658,HPA v23,True,no data,0.97,endometrium,0.3,choroid plexus,0.1,1.0,True,1.0,True,1.0,True,False
C3orf22,ENSG00000180697,HPA v23,True,Enhanced,0.8,adipose tissue,0.0,adipose tissue,0.0,1.0,True,1.0,True,1.0,True,False
ZDHHC20,ENSG00000180776,HPA v23,True,Approved,0.95,stomach,38.0,stomach,38.0,0.0823,False,0.2002,False,0.2155,False,False
DEFB112,ENSG00000180872,HPA v23,True,no data,0.97,epididymis,24.0,adipose tissue,0.0,0.0,False,1.0,True,1.0,True,True
C11orf42,ENSG00000180878,HPA v23,True,Enhanced,0.8,skin,1.5,skin,1.5,0.9634,True,0.9634,True,0.9634,True,False
OR56A1,ENSG00000180934,HPA v23,True,no data,0.97,bone marrow,0.2,bone marrow,0.2,1.0,True,1.0,True,1.0,True,False
ZNF572,ENSG00000180938,HPA v23,True,Approved,0.95,epididymis,2.2,tonsil,1.9,0.2774,False,0.4964,False,0.5547,False,False
OR52E4,ENSG00000180974,HPA v23,True,no data,0.97,retina,0.6,retina,0.6,1.0,True,1.0,True,1.0,True,False
C1orf105,ENSG00000180999,HPA v23,True,no data,0.97,heart muscle,16.8,heart muscle,16.8,0.5062,False,0.5992,False,0.5992,False,False
TRAPPC5,ENSG00000181029,HPA v23,True,Uncertain,0.97,skeletal muscle,108.4,skeletal muscle,108.4,0.0857,False,0.1885,False,0.2083,False,False
PENK,ENSG00000181195,HPA v23,True,Enhanced,0.8,basal ganglia,738.6,basal ganglia,738.6,0.0959,False,0.1385,False,0.1409,False,False
NME9,ENSG00000181322,HPA v23,True,Enhanced,0.8,choroid plexus,20.1,choroid plexus,20.1,0.0392,False,0.2362,False,0.2362,False,False
OR5M8,ENSG00000181371,HPA v23,True,no data,0.97,adipose tissue,0.0,adipose tissue,0.0,1.0,True,1.0,True,1.0,True,False
ZNF678,ENSG00000181450,HPA v23,True,no data,0.97,retina,5.7,retina,5.7,0.0983,False,0.2547,False,0.2838,False,False
EDDM3B,ENSG00000181552,HPA v23,True,Enhanced,0.8,epididymis,2502.0,adipose tissue,0.0,0.0,False,1.0,True,1.0,True,True
EDDM3A,ENSG00000181562,HPA v23,True,Approved,0.95,epididymis,620.9,kidney,0.7,0.0002,False,1.0,True,1.0,True,True
OR52D1,ENSG00000181609,HPA v23,True,no data,0.97,adipose tissue,0.0,adipose tissue,0.0,1.0,True,1.0,True,1.0,True,False
OR52H1,ENSG00000181616,HPA v23,True,no data,0.97,adipose tissue,0.0,adipose tissue,0.0,1.0,True,1.0,True,1.0,True,False
ANKRD62,ENSG00000181626,HPA v23,True,Enhanced,0.8,pancreas,0.9,pancreas,0.9,1.0,True,1.0,True,1.0,True,False
ZBTB20,ENSG00000181722,HPA v23,True,Approved,0.95,epididymis,9.5,retina,8.6,0.1646,False,0.3664,False,0.3876,False,False
CIMAP1D,ENSG00000181781,HPA v23,True,no data,0.97,skeletal muscle,8.0,skeletal muscle,8.0,0.7569,False,0.7569,False,0.7569,False,False
ACTL9,ENSG00000181786,HPA v23,True,no data,0.97,adipose tissue,0.0,adipose tissue,0.0,1.0,True,1.0,True,1.0,True,False
RFX7,ENSG00000181827,HPA v23,True,Approved,0.95,thymus,11.2,retina,8.8,0.0799,False,0.2104,False,0.2272,False,False
FTMT,ENSG00000181867,HPA v23,True,no data,0.97,adipose tissue,0.0,adipose tissue,0.0,1.0,True,1.0,True,1.0,True,False
IBA57,ENSG00000181873,HPA v23,True,Approved,0.95,skeletal muscle,5.8,skeletal muscle,5.8,0.0339,False,0.0679,False,0.0783,False,False
ZNF101,ENSG00000181896,HPA v23,True,no data,0.97,lymph node,26.8,lymph node,26.8,0.0599,False,0.1095,False,0.1339,False,False
C5orf24,ENSG00000181904,HPA v23,True,Approved,0.95,liver,41.9,liver,41.9,0.057,False,0.1849,False,0.2036,False,False
OR4A16,ENSG00000181961,HPA v23,True,no data,0.97,adipose tissue,0.0,adipose tissue,0.0,1.0,True,1.0,True,1.0,True,False
NEUROG1,ENSG00000181965,HPA v23,True,no data,0.97,retina,0.7,retina,0.7,1.0,True,1.0,True,1.0,True,False
ADIG,ENSG00000182035,HPA v23,True,no data,0.97,epididymis,2.4,thyroid gland,1.0,0.9733,True,1.0,True,1.0,True,False
MGAT4C,ENSG00000182050,HPA v23,True,Approved,0.95,thyroid gland,5.8,thyroid gland,5.8,0.1429,False,0.2817,False,0.2817,False,False
TRIM49B,ENSG00000182053,HPA v23,True,no data,0.97,adipose tissue,0.0,adipose tissue,0.0,1.0,True,1.0,True,1.0,True,False
OR6B2,ENSG00000182083,HPA v23,True,no data,0.97,retina,0.3,retina,0.3,1.0,True,1.0,True,1.0,True,False
ZNF716,ENSG00000182111,HPA v23,True,no data,0.97,bone marrow,0.1,bone marrow,0.1,1.0,True,1.0,True,1.0,True,False
TDRKH,ENSG00000182134,HPA v23,True,Approved,0.95,parathyroid gland,29.1,parathyroid gland,29.1,0.1098,False,0.1908,False,0.2063,False,False
MRGPRG,ENSG00000182170,HPA v23,True,no data,0.97,adipose tissue,0.0,adipose tissue,0.0,1.0,True,1.0,True,1.0,True,False
RAD51B,ENSG00000182185,HPA v23,True,Enhanced,0.8,salivary gland,12.7,salivary gland,12.7,0.0681,False,0.274,False,0.3106,False,False
ZAR1,ENSG00000182223,HPA v23,True,no data,0.97,midbrain,0.7,midbrain,0.7,1.0,True,1.0,True,1.0,True,False
GABRG3,ENSG00000182256,HPA v23,True,Approved,0.95,retina,26.3,retina,26.3,0.1728,False,0.3089,False,0.3089,False,False
IZUMO1,ENSG00000182264,HPA v23,True,Enhanced,0.8,pancreas,1.5,pancreas,1.5,0.9721,True,0.9721,True,0.9721,True,False
MBD3L3,ENSG00000182315,HPA v23,True,no data,0.97,bone marrow,0.1,bone marrow,0.1,1.0,True,1.0,True,1.0,True,False
KCNJ14,ENSG00000182324,HPA v23,True,no data,0.97,retina,56.9,retina,56.9,0.0031,False,0.0077,False,0.0077,False,False
PGBD4,ENSG00000182405,HPA v23,True,no data,0.97,skeletal muscle,5.1,skeletal muscle,5.1,0.0473,False,0.0743,False,0.0811,False,False
KPNA2,ENSG00000182481,HPA v23,True,Enhanced,0.8,tonsil,102.0,tonsil,102.0,0.1777,False,0.2467,False,0.2563,False,False
OR2V2,ENSG00000182613,HPA v23,True,no data,0.97,bone marrow,0.4,bone marrow,0.4,1.0,True,1.0,True,1.0,True,False
CCDC172,ENSG00000182645,HPA v23,True,no data,0.97,retina,3.0,retina,3.0,0.845,False,0.845,False,0.845,False,False
OR4Q3,ENSG00000182652,HPA v23,True,no data,0.97,adipose tissue,0.0,adipose tissue,0.0,1.0,True,1.0,True,1.0,True,False
CCDC87,ENSG00000182791,HPA v23,True,no data,0.97,epididymis,1.7,retina,1.4,0.9118,False,0.9632,False,0.9632,False,False
GSTA5,ENSG00000182793,HPA v23,True,no data,0.97,adipose tissue,0.0,adipose tissue,0.0,1.0,True,1.0,True,1.0,True,False
MAGEB17,ENSG00000182798,HPA v23,True,no data,0.97,pancreas,1.9,pancreas,1.9,0.4,False,0.4,False,0.4,False,False
GLUD2,ENSG00000182890,HPA v23,True,Uncertain,0.97,liver,3.8,liver,3.8,0.6114,False,0.6419,False,0.6507,False,False
TMEM95,ENSG00000182896,HPA v23,True,no data,0.97,adipose tissue,0.0,adipose tissue,0.0,1.0,True,1.0,True,1.0,True,False
TCHHL1,ENSG00000182898,HPA v23,True,Enhanced,0.8,skin,0.7,skin,0.7,1.0,False,1.0,False,1.0,False,False
RGS7,ENSG00000182901,HPA v23,True,Enhanced,0.8,cerebral cortex,43.6,cerebral cortex,43.6,0.0147,False,0.0147,False,0.0147,False,False
CIMAP1C,ENSG00000182950,HPA v23,True,no data,0.97,choroid plexus,2.9,choroid plexus,2.9,0.7491,False,0.7563,False,0.7599,False,False
SOX1,ENSG00000182968,HPA v23,True,no data,0.97,hypothalamus,5.4,hypothalamus,5.4,0.0,False,0.0,False,0.0,False,False
C12orf60,ENSG00000182993,HPA v23,True,no data,0.97,retina,6.2,retina,6.2,0.3694,False,0.3861,False,0.3861,False,False
OR1G1,ENSG00000183024,HPA v23,True,no data,0.97,adipose tissue,0.0,adipose tissue,0.0,1.0,True,1.0,True,1.0,True,False
OTOP2,ENSG00000183034,HPA v23,True,no data,0.97,colon,19.4,colon,19.4,0.0997,False,0.0997,False,0.0997,False,False
CYLC1,ENSG00000183035,HPA v23,True,Enhanced,0.8,adipose tissue,0.0,adipose tissue,0.0,1.0,True,1.0,True,1.0,True,False
WBP2NL,ENSG00000183066,HPA v23,True,Enhanced,0.8,epididymis,1.2,basal ganglia,0.7,0.9879,True,1.0,True,1.0,True,False
CEP57L1,ENSG00000183137,HPA v23,True,Approved,0.95,parathyroid gland,16.3,parathyroid gland,16.3,0.1098,False,0.2338,False,0.2584,False,False
CALN1,ENSG00000183166,HPA v23,True,Approved,0.95,cerebellum,56.6,cerebellum,56.6,0.011,False,0.0247,False,0.0247,False,False
GABRR3,ENSG00000183185,HPA v23,True,no data,0.97,retina,8.5,retina,8.5,0.0,False,0.0,False,0.0,False,False
RIMBP3C,ENSG00000183246,HPA v23,True,Supported,0.9,thymus,0.2,spleen,0.1,1.0,True,1.0,True,1.0,True,False
FAM9A,ENSG00000183304,HPA v23,True,no data,0.97,retina,0.8,retina,0.8,1.0,True,1.0,True,1.0,True,False
OR52L1,ENSG00000183313,HPA v23,True,no data,0.97,adipose tissue,0.0,adipose tissue,0.0,1.0,True,1.0,True,1.0,True,False
SPDYE4,ENSG00000183318,HPA v23,True,Enhanced,0.8,bone marrow,0.8,bone marrow,0.8,1.0,True,1.0,True,1.0,True,False
REC114,ENSG00000183324,HPA v23,True,no data,0.97,heart muscle,4.5,heart muscle,4.5,0.9169,False,0.9169,False,0.9169,False,False
TMEM89,ENSG00000183396,HPA v23,True,no data,0.97,bone marrow,1.7,bone marrow,1.7,0.9706,True,0.9706,True,0.9706,True,False
SH2D7,ENSG00000183476,HPA v23,True,Enhanced,0.8,duodenum,2.3,duodenum,2.3,0.4167,False,0.4167,False,0.4167,False,False
MEX3B,ENSG00000183496,HPA v23,True,Enhanced,0.8,cervix,13.6,cerebellum,4.0,0.5024,False,0.7396,False,0.7444,False,False
C10orf120,ENSG00000183559,HPA v23,True,no data,0.97,epididymis,0.1,pancreas,0.1,1.0,True,1.0,True,1.0,True,False
GOLGA8G,ENSG00000183629,HPA v23,True,no data,0.97,adipose tissue,0.0,adipose tissue,0.0,1.0,True,1.0,True,1.0,True,False
TP53TG3,ENSG00000183632,HPA v23,True,no data,0.97,epididymis,6.7,adrenal gland,0.3,0.3133,False,1.0,True,1.0,True,True
KRTAP8-1,ENSG00000183640,HPA v23,True,no data,0.97,skin,59.4,skin,59.4,0.0,False,0.0,False,0.0,False,False
MARCHF11,ENSG00000183654,HPA v23,True,no data,0.97,pituitary gland,9.7,pituitary gland,9.7,0.6709,False,0.6709,False,0.6709,False,False
OR4N4,ENSG00000183706,HPA v23,True,no data,0.97,adipose tissue,0.0,adipose tissue,0.0,1.0,True,1.0,True,1.0,True,False
BPY2,ENSG00000183753,HPA v23,True,no data,0.97,kidney,0.2,kidney,0.2,1.0,True,1.0,True,1.0,True,False
BPY2B,ENSG00000183795,HPA v23,True,no data,0.97,kidney,0.2,kidney,0.2,1.0,True,1.0,True,1.0,True,False
RBM12B,ENSG00000183808,HPA v23,True,Uncertain,0.97,retina,10.2,retina,10.2,0.0997,False,0.2688,False,0.295,False,False
ANKRD45,ENSG00000183831,HPA v23,True,Enhanced,0.8,fallopian tube,12.3,parathyroid gland,9.0,0.1992,False,0.4427,False,0.4427,False,False
CFAP91,ENSG00000183833,HPA v23,True,Supported,0.9,choroid plexus,15.8,choroid plexus,15.8,0.1228,False,0.4524,False,0.4612,False,False
GPR39,ENSG00000183840,HPA v23,True,Approved,0.95,colon,6.5,colon,6.5,0.0,False,0.1287,False,0.1512,False,False
ZNF730,ENSG00000183850,HPA v23,True,no data,0.97,thymus,2.5,tonsil,2.0,0.5043,False,0.6,False,0.6,False,False
CNGA2,ENSG00000183862,HPA v23,True,no data,0.97,adipose tissue,0.0,adipose tissue,0.0,1.0,True,1.0,True,1.0,True,False
DNAH2,ENSG00000183914,HPA v23,True,Enhanced,0.8,retina,20.1,retina,20.1,0.1345,False,0.3582,False,0.3582,False,False
PP2D1,ENSG00000183977,HPA v23,True,Enhanced,0.8,bone marrow,1.9,bone marrow,1.9,0.8732,True,0.8732,True,0.8732,True,False
KRTAP20-2,ENSG00000184032,HPA v23,True,no data,0.97,skin,1.4,skin,1.4,0.0,False,0.0,False,0.0,False,False
TRIML1,ENSG00000184108,HPA v23,True,no data,0.97,adipose tissue,0.0,adipose tissue,0.0,1.0,True,1.0,True,1.0,True,False
SPRR4,ENSG00000184148,HPA v23,True,Enhanced,0.8,skin,140.9,skin,140.9,0.0406,False,0.0517,False,0.0838,False,False
OR1D2,ENSG00000184166,HPA v23,True,no data,0.97,retina,2.3,retina,2.3,0.0,False,0.0,False,0.0,False,False
CCSER1,ENSG00000184305,HPA v23,True,Uncertain,0.97,retina,3.3,retina,3.3,0.3846,False,0.3846,False,0.3846,False,False
S100A7A,ENSG00000184330,HPA v23,True,Supported,0.9,tonsil,5.7,tonsil,5.7,0.0,False,0.1404,False,0.1404,False,False
IQCF2,ENSG00000184345,HPA v23,True,no data,0.97,adipose tissue,0.0,adipose tissue,0.0,1.0,True,1.0,True,1.0,True,False
MAP7D2,ENSG00000184368,HPA v23,True,Enhanced,0.8,epididymis,35.5,cerebral cortex,31.3,0.0673,False,0.2358,False,0.2358,False,False
ACTRT3,ENSG00000184378,HPA v23,True,Approved,0.95,liver,2.7,liver,2.7,0.8092,False,0.8516,False,0.8534,False,False
BPIFC,ENSG00000184459,HPA v23,True,no data,0.97,skin,44.2,skin,44.2,0.0199,False,0.0199,False,0.0464,False,False
OR56A3,ENSG00000184478,HPA v23,True,no data,0.97,adipose tissue,0.0,adipose tissue,0.0,1.0,True,1.0,True,1.0,True,False
GAST,ENSG00000184502,HPA v23,True,Enhanced,0.8,stomach,9294.1,stomach,9294.1,0.0003,False,0.0003,False,0.0003,False,False
SPEM2,ENSG00000184560,HPA v23,True,no data,0.97,retina,0.2,retina,0.2,1.0,True,1.0,True,1.0,True,False
PIWIL3,ENSG00000184571,HPA v23,True,no data,0.97,lymph node,0.2,lymph node,0.2,1.0,True,1.0,True,1.0,True,False
TAFA3,ENSG00000184599,HPA v23,True,Approved,0.95,retina,44.5,retina,44.5,0.1015,False,0.1015,False,0.1015,False,False
SNN,ENSG00000184602,HPA v23,True,Approved,0.95,basal ganglia,168.2,basal ganglia,168.2,0.0142,False,0.0772,False,0.0907,False,False
ZNF93,ENSG00000184635,HPA v23,True,no data,0.97,thyroid gland,6.7,thyroid gland,6.7,0.138,False,0.2842,False,0.3139,False,False
PRSS55,ENSG00000184647,HPA v23,True,no data,0.97,cerebellum,0.4,cerebellum,0.4,1.0,True,1.0,True,1.0,True,False
CDCA2,ENSG00000184661,HPA v23,True,Enhanced,0.8,thymus,11.1,tonsil,6.5,0.374,False,0.374,False,0.374,False,False
AMER1,ENSG00000184675,HPA v23,True,Approved,0.95,tongue,14.7,tongue,14.7,0.0905,False,0.2647,False,0.2715,False,False
SERINC4,ENSG00000184716,HPA v23,True,no data,0.97,retina,14.9,retina,14.9,0.012,False,0.012,False,0.012,False,False
KRTAP6-1,ENSG00000184724,HPA v23,True,no data,0.97,skin,2.0,skin,2.0,0.0,False,0.0,False,0.0,False,False
DYNLT2,ENSG00000184786,HPA v23,True,no data,0.97,bone marrow,0.1,bone marrow,0.1,1.0,True,1.0,True,1.0,True,False
PRR23B,ENSG00000184814,HPA v23,True,no data,0.97,adipose tissue,0.0,adipose tissue,0.0,1.0,True,1.0,True,1.0,True,False
DMRTC1B,ENSG00000184911,HPA v23,True,no data,0.97,basal ganglia,28.2,basal ganglia,28.2,0.0594,False,0.0924,False,0.0924,False,False
OR6A2,ENSG00000184933,HPA v23,True,no data,0.97,adipose tissue,0.0,adipose tissue,0.0,1.0,True,1.0,True,1.0,True,False
RFX6,ENSG00000185002,HPA v23,True,Approved,0.95,stomach,6.3,stomach,6.3,0.0,False,0.0,False,0.0,False,False
NT5C1B,ENSG00000185013,HPA v23,True,no data,0.97,skin,1.0,skin,1.0,1.0,True,1.0,True,1.0,True,False
ANKS1B,ENSG00000185046,HPA v23,True,Enhanced,0.8,basal ganglia,68.2,basal ganglia,68.2,0.0218,False,0.0411,False,0.0441,False,False
EFCAB10,ENSG00000185055,HPA v23,True,no data,0.97,fallopian tube,28.7,choroid plexus,12.4,0.2899,False,0.6662,False,0.6662,False,False
C5orf47,ENSG00000185056,HPA v23,True,no data,0.97,basal ganglia,0.2,basal ganglia,0.2,1.0,True,1.0,True,1.0,True,False
FAF1,ENSG00000185104,HPA v23,True,Approved,0.95,skeletal muscle,11.8,skeletal muscle,11.8,0.0649,False,0.1814,False,0.2032,False,False
MFSD6L,ENSG00000185156,HPA v23,True,no data,0.97,pancreas,9.1,pancreas,9.1,0.4082,False,0.458,False,0.458,False,False
ZNF479,ENSG00000185177,HPA v23,True,no data,0.97,bone marrow,0.1,bone marrow,0.1,1.0,True,1.0,True,1.0,True,False
RAB11B,ENSG00000185236,HPA v23,True,no data,0.97,thyroid gland,203.6,thyroid gland,203.6,0.0467,False,0.167,False,0.1906,False,False
GP1BA,ENSG00000185245,HPA v23,True,Supported,0.9,lymph node,14.3,lymph node,14.3,0.0,False,0.0,False,0.0,False,False
KIAA0825,ENSG00000185261,HPA v23,True,Uncertain,0.97,retina,3.2,retina,3.2,0.1961,False,0.3922,False,0.402,False,False
NOTUM,ENSG00000185269,HPA v23,True,no data,0.97,liver,9.7,liver,9.7,0.8642,False,0.8707,False,0.8707,False,False
ZBTB37,ENSG00000185278,HPA v23,True,Approved,0.95,retina,10.2,retina,10.2,0.1416,False,0.2422,False,0.262,False,False
NUPR2,ENSG00000185290,HPA v23,True,no data,0.97,kidney,17.7,kidney,17.7,0.7573,False,0.7858,False,0.7891,False,False
SPPL2C,ENSG00000185294,HPA v23,True,Supported,0.9,cerebellum,1.7,cerebellum,1.7,0.9803,True,0.9803,True,0.9803,True,False
C12orf56,ENSG00000185306,HPA v23,True,Enhanced,0.8,choroid plexus,2.4,choroid plexus,2.4,0.6702,False,0.7234,False,0.7234,False,False
SCN10A,ENSG00000185313,HPA v23,True,no data,0.97,heart muscle,0.1,heart muscle,0.1,1.0,True,1.0,True,1.0,True,False
HS6ST3,ENSG00000185352,HPA v23,True,no data,0.97,cerebral cortex,16.7,cerebral cortex,16.7,0.0,False,0.0473,False,0.0473,False,False
MRPL30,ENSG00000185414,HPA v23,True,Approved,0.95,skeletal muscle,28.5,skeletal muscle,28.5,0.0375,False,0.1552,False,0.1751,False,False
FAM47A,ENSG00000185448,HPA v23,True,no data,0.97,adipose tissue,0.0,adipose tissue,0.0,1.0,True,1.0,True,1.0,True,False
PARPBP,ENSG00000185480,HPA v23,True,Approved,0.95,bone marrow,9.2,bone marrow,9.2,0.109,False,0.1183,False,0.1369,False,False
SPATA45,ENSG00000185523,HPA v23,True,no data,0.97,pancreas,2.9,pancreas,2.9,0.8468,False,0.8468,False,0.8468,False,False
SHC4,ENSG00000185634,HPA v23,True,no data,0.97,spinal cord,15.4,spinal cord,15.4,0.1144,False,0.1182,False,0.1256,False,False
BRWD1,ENSG00000185658,HPA v23,True,Approved,0.95,cerebral cortex,52.8,cerebral cortex,52.8,0.0574,False,0.1624,False,0.1808,False,False
SMIM23,ENSG00000185662,HPA v23,True,no data,0.97,spleen,0.1,spleen,0.1,1.0,True,1.0,True,1.0,True,False
SYN3,ENSG00000185666,HPA v23,True,Uncertain,0.97,cerebral cortex,5.1,cerebral cortex,5.1,0.2247,False,0.2247,False,0.2247,False,False
ZBTB3,ENSG00000185670,HPA v23,True,Approved,0.95,skin,5.6,skin,5.6,0.0668,False,0.1933,False,0.2091,False,False
MYBL1,ENSG00000185697,HPA v23,True,Uncertain,0.97,lymph node,19.7,lymph node,19.7,0.1356,False,0.1434,False,0.1525,False,False
ZNF696,ENSG00000185730,HPA v23,True,no data,0.97,skin,6.3,skin,6.3,0.0545,False,0.1676,False,0.1842,False,False
WDR53,ENSG00000185798,HPA v23,True,Approved,0.95,bone marrow,14.5,bone marrow,14.5,0.1987,False,0.3094,False,0.3279,False,False
NPAP1,ENSG00000185823,HPA v23,True,no data,0.97,kidney,0.8,kidney,0.8,1.0,True,1.0,True,1.0,True,False
ARL17A,ENSG00000185829,HPA v23,True,Uncertain,0.97,epididymis,39.0,retina,33.6,0.0556,False,0.24,False,0.2659,False,False
DNAH14,ENSG00000185842,HPA v23,True,Uncertain,0.97,pituitary gland,6.4,pituitary gland,6.4,0.3092,False,0.3987,False,0.425,False,False
ATP6V0C,ENSG00000185883,HPA v23,True,no data,0.97,cerebral cortex,589.8,cerebral cortex,589.8,0.036,False,0.1274,False,0.1439,False,False
PRSS38,ENSG00000185888,HPA v23,True,no data,0.97,choroid plexus,0.1,choroid plexus,0.1,1.0,True,1.0,True,1.0,True,False
BPY2C,ENSG00000185894,HPA v23,True,no data,0.97,kidney,0.2,kidney,0.2,1.0,True,1.0,True,1.0,True,False
PTCH1,ENSG00000185920,HPA v23,True,Uncertain,0.97,cervix,35.5,stomach,16.2,0.0988,False,0.3845,False,0.3938,False,False
SPACDR,ENSG00000185955,HPA v23,True,Enhanced,0.8,midbrain,9.1,midbrain,9.1,0.5431,False,0.5576,False,0.5576,False,False
FAM186A,ENSG00000185958,HPA v23,True,no data,0.97,skeletal muscle,1.1,skeletal muscle,1.1,0.9922,True,0.9922,True,0.9922,True,False
CCIN,ENSG00000185972,HPA v23,True,no data,0.97,smooth muscle,1.8,smooth muscle,1.8,0.9835,True,0.9849,True,0.9849,True,False
DEFB128,ENSG00000185982,HPA v23,True,no data,0.97,epididymis,1163.1,adipose tissue,0.0,0.0,False,1.0,True,1.0,True,True
ZNF284,ENSG00000186026,HPA v23,True,no data,0.97,skin,2.8,skin,2.8,0.0233,False,0.1318,False,0.1473,False,False
NBPF6,ENSG00000186086,HPA v23,True,no data,0.97,liver,2.7,liver,2.7,0.4848,False,0.4848,False,0.4848,False,False
ARGFX,ENSG00000186103,HPA v23,True,no data,0.97,bone marrow,1.0,bone marrow,1.0,1.0,True,1.0,True,1.0,True,False
PRR30,ENSG00000186143,HPA v23,True,no data,0.97,prostate,0.1,adipose tissue,0.0,1.0,True,1.0,True,1.0,True,False
UBL4B,ENSG00000186150,HPA v23,True,Enhanced,0.8,choroid plexus,3.2,choroid plexus,3.2,0.9777,True,0.9777,True,0.9777,True,False
BPIFB3,ENSG00000186190,HPA v23,True,no data,0.97,pituitary gland,0.5,pituitary gland,0.5,1.0,True,1.0,True,1.0,True,False
ZNF749,ENSG00000186230,HPA v23,True,no data,0.97,retina,3.9,retina,3.9,0.0545,False,0.1273,False,0.1636,False,False
KDM4D,ENSG00000186280,HPA v23,True,Approved,0.95,retina,2.0,retina,2.0,0.969,False,0.969,False,0.969,False,False
ZNF555,ENSG00000186300,HPA v23,True,no data,0.97,retina,5.4,retina,5.4,0.1489,False,0.3257,False,0.3626,False,False
SLC36A3,ENSG00000186334,HPA v23,True,no data,0.97,pancreas,0.2,pancreas,0.2,1.0,True,1.0,True,1.0,True,False
KRT26,ENSG00000186393,HPA v23,True,Enhanced,0.8,skin,5.7,skin,5.7,0.0,False,0.0,False,0.0,False,False
ZNF501,ENSG00000186446,HPA v23,True,no data,0.97,cerebellum,1.9,cerebellum,1.9,0.1282,False,0.3141,False,0.359,False,False
TMPRSS12,ENSG00000186452,HPA v23,True,no data,0.97,epididymis,0.4,kidney,0.2,1.0,True,1.0,True,1.0,True,False
FAM228A,ENSG00000186453,HPA v23,True,no data,0.97,adipose tissue,1.9,adipose tissue,1.9,0.8856,False,0.8856,False,0.9016,False,False
GNG2,ENSG00000186469,HPA v23,True,Uncertain,0.97,cerebral cortex,83.4,cerebral cortex,83.4,0.1327,False,0.1716,False,0.1887,False,False
AKAP14,ENSG00000186471,HPA v23,True,Enhanced,0.8,choroid plexus,75.1,choroid plexus,75.1,0.388,False,0.5889,False,0.5889,False,False
MYT1L,ENSG00000186487,HPA v23,True,no data,0.97,cerebral cortex,39.4,cerebral cortex,39.4,0.0235,False,0.0235,False,0.0235,False,False
OR9Q2,ENSG00000186513,HPA v23,True,no data,0.97,adipose tissue,0.0,adipose tissue,0.0,1.0,True,1.0,True,1.0,True,False
DEFB105A,ENSG00000186562,HPA v23,True,no data,0.97,epididymis,1205.6,bone marrow,0.6,0.0,False,1.0,True,1.0,True,True
DEFB107A,ENSG00000186572,HPA v23,True,Approved,0.95,epididymis,136.3,adipose tissue,0.0,0.0,False,1.0,True,1.0,True,True
DEFB106A,ENSG00000186579,HPA v23,True,Supported,0.9,epididymis,2968.1,esophagus,0.1,0.0,False,1.0,True,1.0,True,True
SPATC1,ENSG00000186583,HPA v23,True,no data,0.97,bone marrow,8.4,bone marrow,8.4,0.796,False,0.796,False,0.796,False,False
DEFB105B,ENSG00000186599,HPA v23,True,no data,0.97,epididymis,489.2,adipose tissue,0.0,0.0,False,1.0,True,1.0,True,True
SPDYE17,ENSG00000186645,HPA v23,True,Supported,0.9,skin,0.5,skin,0.5,1.0,False,1.0,False,1.0,False,False
CCDC73,ENSG00000186714,HPA v23,True,no data,0.97,liver,0.4,liver,0.4,1.0,True,1.0,True,1.0,True,False
FOXE3,ENSG00000186790,HPA v23,True,no data,0.97,basal ganglia,0.7,basal ganglia,0.7,1.0,True,1.0,True,1.0,True,False
ZNF397,ENSG00000186812,HPA v23,True,Uncertain,0.97,retina,24.1,retina,24.1,0.0579,False,0.1997,False,0.2253,False,False
ERCC6L,ENSG00000186871,HPA v23,True,Approved,0.95,thymus,3.5,bone marrow,3.2,0.0,False,0.0,False,0.0,False,False
C1QL4,ENSG00000186897,HPA v23,True,no data,0.97,hypothalamus,1.1,hypothalamus,1.1,0.9394,False,0.9697,False,0.9697,False,False
ZNF395,ENSG00000186918,HPA v23,True,Uncertain,0.97,esophagus,46.3,esophagus,46.3,0.0862,False,0.2181,False,0.2449,False,False
TMEM232,ENSG00000186952,HPA v23,True,no data,0.97,fallopian tube,13.9,thyroid gland,3.6,0.3484,False,0.6584,False,0.6584,False,False
EFCAB6,ENSG00000186976,HPA v23,True,no data,0.97,fallopian tube,7.4,choroid plexus,3.1,0.5772,False,0.7747,False,0.7747,False,False
KRTAP21-1,ENSG00000187005,HPA v23,True,no data,0.97,skin,0.2,skin,0.2,1.0,True,1.0,True,1.0,True,False
ESPN,ENSG00000187017,HPA v23,True,Enhanced,0.8,liver,125.7,liver,125.7,0.1368,False,0.2533,False,0.261,False,False
PTRH1,ENSG00000187024,HPA v23,True,Uncertain,0.97,kidney,26.0,kidney,26.0,0.0457,False,0.1727,False,0.1992,False,False
KRTAP21-2,ENSG00000187026,HPA v23,True,no data,0.97,skin,1.3,skin,1.3,0.6667,False,0.6667,False,0.6667,False,False
SAMD7,ENSG00000187033,HPA v23,True,no data,0.97,retina,130.0,retina,130.0,0.0,False,0.0,False,0.0,False,False
TMEM262,ENSG00000187066,HPA v23,True,no data,0.97,cervix,0.1,skin,0.1,1.0,True,1.0,True,1.0,True,False
OR2AK2,ENSG00000187080,HPA v23,True,no data,0.97,bone marrow,0.2,bone marrow,0.2,1.0,True,1.0,True,1.0,True,False
DEFB106B,ENSG00000187082,HPA v23,True,Supported,0.9,epididymis,38.9,adipose tissue,0.0,0.0,False,1.0,True,1.0,True,True
HEATR4,ENSG00000187105,HPA v23,True,Enhanced,0.8,skin,3.4,skin,3.4,0.5805,False,0.5805,False,0.5805,False,False
SLIT1,ENSG00000187122,HPA v23,True,no data,0.97,cerebral cortex,33.9,cerebral cortex,33.9,0.0056,False,0.0056,False,0.0056,False,False
SPATA21,ENSG00000187144,HPA v23,True,no data,0.97,retina,0.8,retina,0.8,1.0,True,1.0,True,1.0,True,False
H1-7,ENSG00000187166,HPA v23,True,Approved,0.95,cerebellum,0.7,cerebellum,0.7,1.0,False,1.0,False,1.0,False,False
ENSG00000187186,ENSG00000187186,HPA v23,True,Enhanced,0.8,basal ganglia,95.6,basal ganglia,95.6,0.2775,False,0.3319,False,0.338,False,False
ZNF546,ENSG00000187187,HPA v23,True,no data,0.97,liver,3.6,liver,3.6,0.2883,False,0.3804,False,0.3967,False,False
LCE2D,ENSG00000187223,HPA v23,True,no data,0.97,skin,147.2,skin,147.2,0.0,False,0.0,False,0.0379,False,False
FAM9C,ENSG00000187268,HPA v23,True,no data,0.97,spleen,37.2,spleen,37.2,0.0859,False,0.0859,False,0.0859,False,False
PCDHB13,ENSG00000187372,HPA v23,True,no data,0.97,pancreas,1.9,pancreas,1.9,0.082,False,0.2787,False,0.2951,False,False
C11orf96,ENSG00000187479,HPA v23,True,Uncertain,0.97,fallopian tube,725.1,adipose tissue,462.7,0.1274,False,0.3913,False,0.4234,False,False
H2AP,ENSG00000187516,HPA v23,True,Enhanced,0.8,skin,0.2,skin,0.2,1.0,True,1.0,True,1.0,True,False
PRR27,ENSG00000187533,HPA v23,True,Enhanced,0.8,salivary gland,1071.7,salivary gland,1071.7,0.0,False,0.0,False,0.0,False,False
COX8C,ENSG00000187581,HPA v23,True,Approved,0.95,heart muscle,0.4,heart muscle,0.4,1.0,False,1.0,False,1.0,False,False
ZNF286A,ENSG00000187607,HPA v23,True,no data,0.97,heart muscle,15.0,heart muscle,15.0,0.084,False,0.2526,False,0.2739,False,False
LIAT1,ENSG00000187624,HPA v23,True,Approved,0.95,basal ganglia,9.8,basal ganglia,9.8,0.3261,False,0.4302,False,0.4396,False,False
C5orf52,ENSG00000187658,HPA v23,True,no data,0.97,colon,1.7,colon,1.7,0.9769,True,0.9769,True,0.9769,True,False
EZHIP,ENSG00000187690,HPA v23,True,Enhanced,0.8,cerebellum,1.6,cerebellum,1.6,0.8868,True,0.8868,True,0.8868,True,False
DNAJB13,ENSG00000187726,HPA v23,True,Enhanced,0.8,fallopian tube,51.5,choroid plexus,26.1,0.1461,False,0.6664,False,0.6664,False,False
NHEJ1,ENSG00000187736,HPA v23,True,Approved,0.95,skeletal muscle,16.5,skeletal muscle,16.5,0.0926,False,0.2416,False,0.2677,False,False
C9orf153,ENSG00000187753,HPA v23,True,no data,0.97,bone marrow,2.4,bone marrow,2.4,0.9314,False,0.9314,False,0.9314,False,False
DNAH17,ENSG00000187775,HPA v23,True,Enhanced,0.8,retina,2.4,retina,2.4,0.7586,False,0.7586,False,0.7586,False,False
FANCM,ENSG00000187790,HPA v23,True,no data,0.97,bone marrow,3.3,bone marrow,3.3,0.2845,False,0.4095,False,0.431,False,False
SPATA31F3,ENSG00000187791,HPA v23,True,no data,0.97,kidney,0.7,kidney,0.7,1.0,True,1.0,True,1.0,True,False
ZNF70,ENSG00000187792,HPA v23,True,no data,0.97,retina,2.9,retina,2.9,0.1022,False,0.32,False,0.3333,False,False
TMEM202,ENSG00000187806,HPA v23,True,no data,0.97,adipose tissue,0.0,adipose tissue,0.0,1.0,True,1.0,True,1.0,True,False
ZFP69,ENSG00000187815,HPA v23,True,no data,0.97,spinal cord,3.9,spinal cord,3.9,0.0803,False,0.2157,False,0.2315,False,False
C2orf78,ENSG00000187833,HPA v23,True,no data,0.97,adipose tissue,0.0,adipose tissue,0.0,1.0,True,1.0,True,1.0,True,False
CCDC157,ENSG00000187860,HPA v23,True,no data,0.97,fallopian tube,7.5,choroid plexus,6.2,0.3368,False,0.4469,False,0.4482,False,False
OR51I2,ENSG00000187918,HPA v23,True,no data,0.97,adipose tissue,0.0,adipose tissue,0.0,1.0,True,1.0,True,1.0,True,False
ZCCHC13,ENSG00000187969,HPA v23,True,Enhanced,0.8,adipose tissue,0.0,adipose tissue,0.0,1.0,True,1.0,True,1.0,True,False
ZSCAN23,ENSG00000187987,HPA v23,True,Uncertain,0.97,retina,1.2,retina,1.2,0.0,False,0.3333,False,0.3333,False,False
C19orf67,ENSG00000188032,HPA v23,True,no data,0.97,stomach,0.2,stomach,0.2,1.0,True,1.0,True,1.0,True,False
ZNF490,ENSG00000188033,HPA v23,True,no data,0.97,tonsil,2.4,tonsil,2.4,0.0552,False,0.1902,False,0.2147,False,False
RNF133,ENSG00000188050,HPA v23,True,no data,0.97,endometrium,0.7,cerebellum,0.4,1.0,True,1.0,True,1.0,True,False
GPR89B,ENSG00000188092,HPA v23,True,no data,0.97,kidney,12.0,kidney,12.0,0.077,False,0.2237,False,0.2489,False,False
KRTAP10-6,ENSG00000188155,HPA v23,True,no data,0.97,skin,2.5,skin,2.5,0.0,False,0.0,False,0.0,False,False
OTOG,ENSG00000188162,HPA v23,True,no data,0.97,pituitary gland,1.3,pituitary gland,1.3,0.0,False,0.0,False,0.0,False,False
CIMIP2A,ENSG00000188163,HPA v23,True,Enhanced,0.8,liver,1.8,liver,1.8,0.9864,True,0.9864,True,0.9864,True,False
TMPPE,ENSG00000188167,HPA v23,True,Approved,0.95,bone marrow,5.4,bone marrow,5.4,0.0215,False,0.0215,False,0.0215,False,False
ZNF626,ENSG00000188171,HPA v23,True,Uncertain,0.97,thyroid gland,21.7,thyroid gland,21.7,0.0905,False,0.2562,False,0.3004,False,False
ZNF669,ENSG00000188295,HPA v23,True,no data,0.97,bone marrow,11.5,bone marrow,11.5,0.0796,False,0.2156,False,0.2524,False,False
LRRIQ4,ENSG00000188306,HPA v23,True,no data,0.97,small intestine,0.4,small intestine,0.4,1.0,True,1.0,True,1.0,True,False
CENPP,ENSG00000188312,HPA v23,True,Uncertain,0.97,skin,20.9,skin,20.9,0.0573,False,0.1383,False,0.1538,False,False
ZNF559,ENSG00000188321,HPA v23,True,Approved,0.95,pituitary gland,25.2,pituitary gland,25.2,0.0823,False,0.2698,False,0.2921,False,False
PRR19,ENSG00000188368,HPA v23,True,no data,0.97,basal ganglia,4.1,basal ganglia,4.1,0.6873,False,0.6873,False,0.6873,False,False
PPP3R2,ENSG00000188386,HPA v23,True,no data,0.97,prostate,0.1,skeletal muscle,0.1,1.0,True,1.0,True,1.0,True,False
SLC24A5,ENSG00000188467,HPA v23,True,no data,0.97,skin,8.0,skin,8.0,0.0789,False,0.0789,False,0.0789,False,False
OR2G6,ENSG00000188558,HPA v23,True,no data,0.97,retina,0.5,retina,0.5,1.0,True,1.0,True,1.0,True,False
CLEC20A,ENSG00000188585,HPA v23,True,no data,0.97,lymph node,1.1,lymph node,1.1,0.9167,False,0.9167,False,0.9167,False,False
SLC4A5,ENSG00000188687,HPA v23,True,Uncertain,0.97,choroid plexus,42.7,choroid plexus,42.7,0.0978,False,0.1176,False,0.1202,False,False
OR56A5,ENSG00000188691,HPA v23,True,no data,0.97,adipose tissue,0.0,adipose tissue,0.0,1.0,True,1.0,True,1.0,True,False
FSIP2,ENSG00000188738,HPA v23,True,no data,0.97,stomach,2.5,stomach,2.5,0.6885,False,0.6885,False,0.6885,False,False
RBM34,ENSG00000188739,HPA v23,True,Approved,0.95,bone marrow,35.0,bone marrow,35.0,0.0672,False,0.1734,False,0.1978,False,False
PLA2G2E,ENSG00000188784,HPA v23,True,no data,0.97,tonsil,2.4,tonsil,2.4,0.0,False,0.0,False,0.0,False,False
ZNF548,ENSG00000188785,HPA v23,True,Uncertain,0.97,bone marrow,25.9,bone marrow,25.9,0.0514,False,0.1699,False,0.1958,False,False
TMCO2,ENSG00000188800,HPA v23,True,no data,0.97,breast,0.1,urinary bladder,0.1,1.0,True,1.0,True,1.0,True,False
BEND4,ENSG00000188848,HPA v23,True,no data,0.97,prostate,3.0,lymph node,1.7,0.7168,False,0.8938,False,0.8938,False,False
FAM78B,ENSG00000188859,HPA v23,True,no data,0.97,cervix,1.1,retina,0.8,0.0,False,1.0,True,1.0,True,True
POTEA,ENSG00000188877,HPA v23,True,no data,0.97,adipose tissue,0.0,adipose tissue,0.0,1.0,True,1.0,True,1.0,True,False
BSX,ENSG00000188909,HPA v23,True,no data,0.97,hypothalamus,0.9,hypothalamus,0.9,1.0,True,1.0,True,1.0,True,False
CFAP126,ENSG00000188931,HPA v23,True,Enhanced,0.8,choroid plexus,207.8,choroid plexus,207.8,0.0351,False,0.2324,False,0.2324,False,False
DUSP21,ENSG00000189037,HPA v23,True,no data,0.97,bone marrow,0.2,bone marrow,0.2,1.0,True,1.0,True,1.0,True,False
BLOC1S3,ENSG00000189114,HPA v23,True,Approved,0.95,skin,12.8,skin,12.8,0.053,False,0.1767,False,0.1955,False,False
FAM47B,ENSG00000189132,HPA v23,True,no data,0.97,adipose tissue,0.0,adipose tissue,0.0,1.0,True,1.0,True,1.0,True,False
NKAPL,ENSG00000189134,HPA v23,True,no data,0.97,retina,12.2,retina,12.2,0.4047,False,0.4295,False,0.436,False,False
FSCB,ENSG00000189139,HPA v23,True,Supported,0.9,adipose tissue,0.0,adipose tissue,0.0,1.0,True,1.0,True,1.0,True,False
ZNF573,ENSG00000189144,HPA v23,True,Uncertain,0.97,epididymis,2.8,retina,2.5,0.0658,False,0.2632,False,0.3224,False,False
ZNF527,ENSG00000189164,HPA v23,True,no data,0.97,retina,3.1,retina,3.1,0.0815,False,0.2467,False,0.2687,False,False
ZAR1L,ENSG00000189167,HPA v23,True,no data,0.97,bone marrow,0.1,bone marrow,0.1,1.0,True,1.0,True,1.0,True,False
KRTAP10-12,ENSG00000189169,HPA v23,True,no data,0.97,skin,9.5,skin,9.5,0.0,False,0.0,False,0.0,False,False
DRICH1,ENSG00000189269,HPA v23,True,no data,0.97,epididymis,16.5,parathyroid gland,8.9,0.4902,False,0.7037,False,0.7157,False,False
ZKSCAN3,ENSG00000189298,HPA v23,True,Approved,0.95,parathyroid gland,4.6,parathyroid gland,4.6,0.0899,False,0.2923,False,0.3223,False,False
FOXR2,ENSG00000189299,HPA v23,True,no data,0.97,epididymis,0.1,adipose tissue,0.0,1.0,True,1.0,True,1.0,True,False
NEMP2,ENSG00000189362,HPA v23,True,no data,0.97,thymus,4.5,lymph node,3.6,0.0731,False,0.1346,False,0.1538,False,False
TBC1D28,ENSG00000189375,HPA v23,True,no data,0.97,tonsil,0.3,tonsil,0.3,1.0,True,1.0,True,1.0,True,False
OTUD6A,ENSG00000189401,HPA v23,True,Enhanced,0.8,bone marrow,0.7,bone marrow,0.7,1.0,True,1.0,True,1.0,True,False
SYCP2,ENSG00000196074,HPA v23,True,no data,0.97,breast,13.5,pancreas,6.4,0.4125,False,0.4626,False,0.5809,False,False
ZNF676,ENSG00000196109,HPA v23,True,no data,0.97,parathyroid gland,3.6,parathyroid gland,3.6,0.2727,False,0.3737,False,0.4141,False,False
OR8A1,ENSG00000196119,HPA v23,True,no data,0.97,bone marrow,0.9,bone marrow,0.9,1.0,True,1.0,True,1.0,True,False
ZNF681,ENSG00000196172,HPA v23,True,no data,0.97,thymus,3.8,lymph node,2.7,0.1361,False,0.199,False,0.2461,False,False
OR10J1,ENSG00000196184,HPA v23,True,no data,0.97,adipose tissue,0.0,adipose tissue,0.0,1.0,True,1.0,True,1.0,True,False
LCOR,ENSG00000196233,HPA v23,True,Approved,0.95,bone marrow,25.2,bone marrow,25.2,0.0482,False,0.1405,False,0.1569,False,False
OR2C3,ENSG00000196242,HPA v23,True,no data,0.97,retina,0.4,retina,0.4,1.0,True,1.0,True,1.0,True,False
OR8D1,ENSG00000196341,HPA v23,True,no data,0.97,bone marrow,0.1,bone marrow,0.1,1.0,True,1.0,True,1.0,True,False
ZNF565,ENSG00000196357,HPA v23,True,no data,0.97,tongue,4.4,tongue,4.4,0.1014,False,0.2329,False,0.2567,False,False
INCA1,ENSG00000196388,HPA v23,True,no data,0.97,duodenum,10.4,duodenum,10.4,0.2555,False,0.324,False,0.329,False,False
ZNF774,ENSG00000196391,HPA v23,True,no data,0.97,tongue,6.9,tongue,6.9,0.0169,False,0.1898,False,0.2164,False,False
ZNF765,ENSG00000196417,HPA v23,True,no data,0.97,parathyroid gland,8.5,parathyroid gland,8.5,0.1353,False,0.2674,False,0.2939,False,False
ZNF124,ENSG00000196418,HPA v23,True,no data,0.97,colon,6.0,colon,6.0,0.0689,False,0.1729,False,0.1947,False,False
NBPF4,ENSG00000196427,HPA v23,True,Uncertain,0.97,small intestine,1.1,small intestine,1.1,0.9706,True,0.9706,True,0.9706,True,False
CRYBA4,ENSG00000196431,HPA v23,True,Supported,0.9,epididymis,1.4,duodenum,0.2,0.2,False,1.0,False,1.0,False,False
ZNF569,ENSG00000196437,HPA v23,True,no data,0.97,retina,13.3,retina,13.3,0.1192,False,0.2315,False,0.2496,False,False
RFX8,ENSG00000196460,HPA v23,True,no data,0.97,bone marrow,3.7,bone marrow,3.7,0.0357,False,0.0357,False,0.0357,False,False
ZNF799,ENSG00000196466,HPA v23,True,Approved,0.95,fallopian tube,3.8,liver,3.7,0.1167,False,0.2969,False,0.3368,False,False
SIAH1,ENSG00000196470,HPA v23,True,Enhanced,0.8,bone marrow,27.8,bone marrow,27.8,0.1133,False,0.2536,False,0.2807,False,False
GK2,ENSG00000196475,HPA v23,True,no data,0.97,adipose tissue,0.0,adipose tissue,0.0,1.0,True,1.0,True,1.0,True,False
GDAP2,ENSG00000196505,HPA v23,True,Approved,0.95,bone marrow,7.9,bone marrow,7.9,0.0731,False,0.2093,False,0.2296,False,False
TPK1,ENSG00000196511,HPA v23,True,Approved,0.95,duodenum,13.6,duodenum,13.6,0.0691,False,0.1258,False,0.1497,False,False
FAM72A,ENSG00000196550,HPA v23,True,no data,0.97,lymph node,10.7,lymph node,10.7,0.0958,False,0.1121,False,0.1393,False,False
PFN3,ENSG00000196570,HPA v23,True,no data,0.97,kidney,0.9,kidney,0.9,1.0,True,1.0,True,1.0,True,False
OR5AC2,ENSG00000196578,HPA v23,True,no data,0.97,adipose tissue,0.0,adipose tissue,0.0,1.0,True,1.0,True,1.0,True,False
XRCC2,ENSG00000196584,HPA v23,True,no data,0.97,bone marrow,5.7,bone marrow,5.7,0.1609,False,0.187,False,0.213,False,False
ZNF782,ENSG00000196597,HPA v23,True,Approved,0.95,retina,9.0,retina,9.0,0.1102,False,0.2728,False,0.3011,False,False
ZNF846,ENSG00000196605,HPA v23,True,Approved,0.95,seminal vesicle,18.0,urinary bladder,12.7,0.0877,False,0.295,False,0.3132,False,False
WNK3,ENSG00000196632,HPA v23,True,Approved,0.95,epididymis,11.5,liver,3.5,0.3535,False,0.7071,False,0.7071,False,False
IFT70B,ENSG00000196659,HPA v23,True,Supported,0.9,fallopian tube,10.0,thyroid gland,7.9,0.0963,False,0.3442,False,0.3896,False,False
TRPV1,ENSG00000196689,HPA v23,True,no data,0.97,liver,24.0,liver,24.0,0.0613,False,0.1946,False,0.2161,False,False
NF1,ENSG00000196712,HPA v23,True,Uncertain,0.97,retina,26.1,retina,26.1,0.0671,False,0.2036,False,0.2296,False,False
CLPSL2,ENSG00000196748,HPA v23,True,Approved,0.95,epididymis,518.4,pancreas,5.0,0.0,False,0.9912,False,0.9912,False,False
OR14A16,ENSG00000196772,HPA v23,True,no data,0.97,retina,0.1,retina,0.1,1.0,True,1.0,True,1.0,True,False
OR11G2,ENSG00000196832,HPA v23,True,no data,0.97,choroid plexus,0.2,choroid plexus,0.2,1.0,True,1.0,True,1.0,True,False
POTEI,ENSG00000196834,HPA v23,True,no data,0.97,prostate,2.4,heart muscle,0.4,0.6111,False,1.0,True,1.0,True,True
PATE2,ENSG00000196844,HPA v23,True,no data,0.97,epididymis,439.7,retina,0.4,0.0,False,1.0,True,1.0,True,True
TOMM20L,ENSG00000196860,HPA v23,True,Enhanced,0.8,epididymis,1.0,parathyroid gland,0.5,1.0,False,1.0,False,1.0,False,False
SPMIP10,ENSG00000196900,HPA v23,True,no data,0.97,colon,0.6,colon,0.6,1.0,True,1.0,True,1.0,True,False
KPNA5,ENSG00000196911,HPA v23,True,Enhanced,0.8,retina,19.5,retina,19.5,0.2041,False,0.3354,False,0.3564,False,False
ANKRD36B,ENSG00000196912,HPA v23,True,no data,0.97,cerebellum,8.9,cerebellum,8.9,0.078,False,0.2255,False,0.2582,False,False
ZNF705A,ENSG00000196946,HPA v23,True,no data,0.97,epididymis,2.3,cerebral cortex,1.4,0.2593,False,0.7778,False,0.7778,False,False
ZNF763,ENSG00000197054,HPA v23,True,Approved,0.95,retina,6.7,retina,6.7,0.0968,False,0.2272,False,0.257,False,False
KRT35,ENSG00000197079,HPA v23,True,Enhanced,0.8,skin,56.3,skin,56.3,0.0,False,0.0,False,0.0,False,False
ZNF679,ENSG00000197123,HPA v23,True,no data,0.97,adipose tissue,0.0,adipose tissue,0.0,1.0,True,1.0,True,1.0,True,False
ZNF257,ENSG00000197134,HPA v23,True,no data,0.97,bone marrow,4.1,bone marrow,4.1,0.2671,False,0.3836,False,0.3904,False,False
ADAM32,ENSG00000197140,HPA v23,True,Enhanced,0.8,pancreas,1.7,pancreas,1.7,0.9734,True,0.9734,True,0.9734,True,False
H3C12,ENSG00000197153,HPA v23,True,Approved,0.95,bone marrow,1.2,bone marrow,1.2,0.0,False,0.0,False,0.0,False,False
PIWIL2,ENSG00000197181,HPA v23,True,no data,0.97,duodenum,5.8,duodenum,5.8,0.7358,False,0.7466,False,0.7493,False,False
NOL4L,ENSG00000197183,HPA v23,True,Enhanced,0.8,retina,48.0,retina,48.0,0.1002,False,0.1912,False,0.2072,False,False
ZSCAN5B,ENSG00000197213,HPA v23,True,Uncertain,0.97,basal ganglia,0.3,basal ganglia,0.3,1.0,False,1.0,False,1.0,False,False
ENTPD4,ENSG00000197217,HPA v23,True,Supported,0.9,retina,31.7,retina,31.7,0.0573,False,0.1832,False,0.1998,False,False
OR1J2,ENSG00000197233,HPA v23,True,no data,0.97,epididymis,0.1,adipose tissue,0.0,1.0,True,1.0,True,1.0,True,False
RAD54B,ENSG00000197275,HPA v23,True,Enhanced,0.8,retina,6.8,retina,6.8,0.0949,False,0.3418,False,0.3671,False,False
ZNF165,ENSG00000197279,HPA v23,True,no data,0.97,epididymis,6.6,parathyroid gland,6.2,0.2773,False,0.3942,False,0.4166,False,False
ZNF655,ENSG00000197343,HPA v23,True,Uncertain,0.97,esophagus,26.2,esophagus,26.2,0.0491,False,0.1742,False,0.1935,False,False
ZNF98,ENSG00000197360,HPA v23,True,no data,0.97,pancreas,35.9,pancreas,35.9,0.1954,False,0.3039,False,0.3392,False,False
ZNF675,ENSG00000197372,HPA v23,True,no data,0.97,lymph node,12.6,lymph node,12.6,0.0764,False,0.2062,False,0.2323,False,False
DCHS2,ENSG00000197410,HPA v23,True,no data,0.97,basal ganglia,2.2,basal ganglia,2.2,0.0,False,0.0968,False,0.0968,False,False
OR13G1,ENSG00000197437,HPA v23,True,no data,0.97,adipose tissue,0.0,adipose tissue,0.0,1.0,True,1.0,True,1.0,True,False
IFT70A,ENSG00000197557,HPA v23,True,Supported,0.9,retina,8.0,retina,8.0,0.1168,False,0.3456,False,0.3826,False,False
ZNF624,ENSG00000197566,HPA v23,True,Uncertain,0.97,spleen,3.4,spleen,3.4,0.2405,False,0.3636,False,0.3842,False,False
KCNMB2,ENSG00000197584,HPA v23,True,Uncertain,0.97,epididymis,34.5,heart muscle,5.6,0.108,False,0.6448,False,0.6448,False,False
DMBX1,ENSG00000197587,HPA v23,True,no data,0.97,retina,0.7,retina,0.7,1.0,True,1.0,True,1.0,True,False
VN1R5,ENSG00000197617,HPA v23,True,no data,0.97,retina,0.1,retina,0.1,1.0,True,1.0,True,1.0,True,False
CCER1,ENSG00000197651,HPA v23,True,no data,0.97,adipose tissue,0.0,adipose tissue,0.0,1.0,True,1.0,True,1.0,True,False
DNAH10,ENSG00000197653,HPA v23,True,Enhanced,0.8,fallopian tube,4.0,bone marrow,1.2,0.3654,False,0.9423,False,0.9423,False,False
KRTAP26-1,ENSG00000197683,HPA v23,True,no data,0.97,skin,18.7,skin,18.7,0.0167,False,0.0167,False,0.0167,False,False
ZNF460,ENSG00000197714,HPA v23,True,no data,0.97,bone marrow,5.9,bone marrow,5.9,0.115,False,0.155,False,0.18,False,False
CFAP43,ENSG00000197748,HPA v23,True,no data,0.97,choroid plexus,96.9,choroid plexus,96.9,0.1931,False,0.4029,False,0.4078,False,False
STPG3,ENSG00000197768,HPA v23,True,no data,0.97,duodenum,3.8,duodenum,3.8,0.8611,False,0.8611,False,0.8611,False,False
ZNF81,ENSG00000197779,HPA v23,True,Approved,0.95,retina,4.2,retina,4.2,0.0357,False,0.1635,False,0.1786,False,False
FAM118B,ENSG00000197798,HPA v23,True,Approved,0.95,choroid plexus,29.8,choroid plexus,29.8,0.0666,False,0.1628,False,0.1742,False,False
CFAP299,ENSG00000197826,HPA v23,True,Approved,0.95,fallopian tube,19.2,choroid plexus,5.1,0.4732,False,0.8096,False,0.8096,False,False
OR8G1,ENSG00000197849,HPA v23,True,no data,0.97,bone marrow,0.1,bone marrow,0.1,1.0,True,1.0,True,1.0,True,False
ZNF790,ENSG00000197863,HPA v23,True,Uncertain,0.97,skin,9.2,skin,9.2,0.0942,False,0.1921,False,0.2107,False,False
MEIG1,ENSG00000197889,HPA v23,True,no data,0.97,fallopian tube,3.5,basal ganglia,1.1,0.7739,False,0.9913,True,0.9913,True,True
ZNF677,ENSG00000197928,HPA v23,True,Approved,0.95,thyroid gland,11.5,thyroid gland,11.5,0.1972,False,0.3416,False,0.3714,False,False
ZNF311,ENSG00000197935,HPA v23,True,Approved,0.95,thyroid gland,1.1,thyroid gland,1.1,0.9333,False,0.9333,False,0.9333,False,False
ELOVL2,ENSG00000197977,HPA v23,True,no data,0.97,liver,50.9,liver,50.9,0.1974,False,0.2215,False,0.2384,False,False
POTEH,ENSG00000198062,HPA v23,True,no data,0.97,prostate,1.6,adipose tissue,0.0,0.0,False,1.0,True,1.0,True,True
NUP62CL,ENSG00000198088,HPA v23,True,Approved,0.95,epididymis,16.9,adrenal gland,13.4,0.0993,False,0.4208,False,0.4396,False,False
TMPRSS11F,ENSG00000198092,HPA v23,True,no data,0.97,esophagus,14.7,esophagus,14.7,0.0,False,0.165,False,0.1684,False,False
DEFB107B,ENSG00000198129,HPA v23,True,Approved,0.95,epididymis,518.4,adipose tissue,0.0,0.0,False,1.0,True,1.0,True,True
FAM47C,ENSG00000198173,HPA v23,True,no data,0.97,pituitary gland,0.1,pituitary gland,0.1,1.0,True,1.0,True,1.0,True,False
CLEC4C,ENSG00000198178,HPA v23,True,Approved,0.95,lymph node,5.3,lymph node,5.3,0.0,False,0.0,False,0.0224,False,False
ZNF607,ENSG00000198182,HPA v23,True,no data,0.97,cerebellum,5.7,cerebellum,5.7,0.1239,False,0.2741,False,0.2946,False,False
BPIFA1,ENSG00000198183,HPA v23,True,Supported,0.9,lung,17.7,lung,17.7,0.0,False,0.1425,False,0.1425,False,False
ZXDA,ENSG00000198205,HPA v23,True,Approved,0.95,spleen,3.1,spleen,3.1,0.0539,False,0.2565,False,0.2866,False,False
OR5B21,ENSG00000198283,HPA v23,True,no data,0.97,adipose tissue,0.0,adipose tissue,0.0,1.0,True,1.0,True,1.0,True,False
ZNF485,ENSG00000198298,HPA v23,True,no data,0.97,pancreas,4.0,pancreas,4.0,0.1129,False,0.2588,False,0.3106,False,False
TMEM239,ENSG00000198326,HPA v23,True,no data,0.97,retina,0.8,retina,0.8,1.0,True,1.0,True,1.0,True,False
ZNF813,ENSG00000198346,HPA v23,True,no data,0.97,prostate,4.7,parathyroid gland,2.3,0.1603,False,0.3966,False,0.4473,False,False
ZNF583,ENSG00000198440,HPA v23,True,no data,0.97,cerebellum,4.0,cerebellum,4.0,0.1417,False,0.2439,False,0.2561,False,False
CCT8L2,ENSG00000198445,HPA v23,True,no data,0.97,adipose tissue,0.0,adipose tissue,0.0,1.0,True,1.0,True,1.0,True,False
ZNF568,ENSG00000198453,HPA v23,True,no data,0.97,retina,8.4,retina,8.4,0.0687,False,0.2047,False,0.2241,False,False
ZNF587,ENSG00000198466,HPA v23,True,Uncertain,0.97,rectum,12.7,rectum,12.7,0.0588,False,0.2028,False,0.235,False,False
RTP2,ENSG00000198471,HPA v23,True,no data,0.97,skeletal muscle,1.9,skeletal muscle,1.9,0.1818,False,0.1818,False,0.1818,False,False
ZNF43,ENSG00000198521,HPA v23,True,no data,0.97,bone marrow,10.7,bone marrow,10.7,0.0997,False,0.2486,False,0.2817,False,False
WDHD1,ENSG00000198554,HPA v23,True,Enhanced,0.8,thymus,7.8,bone marrow,7.1,0.1332,False,0.168,False,0.1926,False,False
TLK1,ENSG00000198586,HPA v23,True,Approved,0.95,parathyroid gland,17.5,parathyroid gland,17.5,0.0815,False,0.2075,False,0.2291,False,False
ABCA4,ENSG00000198691,HPA v23,True,Enhanced,0.8,retina,343.6,retina,343.6,0.0,False,0.0093,False,0.0093,False,False
GPX6,ENSG00000198704,HPA v23,True,no data,0.97,epididymis,3.2,adipose tissue,0.0,0.0,False,1.0,True,1.0,True,True
SAXO5,ENSG00000198723,HPA v23,True,no data,0.97,bone marrow,1.6,bone marrow,1.6,0.9406,False,0.9406,False,0.9406,False,False
OXCT2,ENSG00000198754,HPA v23,True,Enhanced,0.8,heart muscle,6.3,heart muscle,6.3,0.8426,False,0.8485,False,0.8485,False,False
GRIN3A,ENSG00000198785,HPA v23,True,no data,0.97,cerebral cortex,7.4,cerebral cortex,7.4,0.0,False,0.0513,False,0.0513,False,False
FOXJ3,ENSG00000198815,HPA v23,True,no data,0.97,skeletal muscle,40.6,skeletal muscle,40.6,0.0594,False,0.1932,False,0.2169,False,False
ZNF358,ENSG00000198816,HPA v23,True,Approved,0.95,skeletal muscle,169.4,skeletal muscle,169.4,0.0393,False,0.1756,False,0.195,False,False
ARHGAP11A,ENSG00000198826,HPA v23,True,Enhanced,0.8,thymus,25.3,bone marrow,23.5,0.0728,False,0.084,False,0.0882,False,False
CCDC152,ENSG00000198865,HPA v23,True,Approved,0.95,liver,173.9,liver,173.9,0.0336,False,0.0804,False,0.0951,False,False
PNMA5,ENSG00000198883,HPA v23,True,Enhanced,0.8,hypothalamus,21.7,hypothalamus,21.7,0.1216,False,0.1216,False,0.1216,False,False
ITPRIPL1,ENSG00000198885,HPA v23,True,no data,0.97,salivary gland,7.3,salivary gland,7.3,0.4433,False,0.4704,False,0.5144,False,False
DCAF12L1,ENSG00000198889,HPA v23,True,Approved,0.95,epididymis,4.8,kidney,1.5,0.4237,False,0.9492,False,0.9492,False,False
DZIP3,ENSG00000198919,HPA v23,True,Approved,0.95,retina,28.9,retina,28.9,0.0985,False,0.2189,False,0.2282,False,False
CSAG1,ENSG00000198930,HPA v23,True,no data,0.97,basal ganglia,1.9,basal ganglia,1.9,0.0811,False,0.0811,False,0.0811,False,False
MFAP3L,ENSG00000198948,HPA v23,True,Enhanced,0.8,choroid plexus,41.1,choroid plexus,41.1,0.0991,False,0.2488,False,0.2719,False,False
ZNF525,ENSG00000203326,HPA v23,True,no data,0.97,parathyroid gland,13.6,parathyroid gland,13.6,0.1091,False,0.2604,False,0.2848,False,False
EFCAB2,ENSG00000203666,HPA v23,True,Approved,0.95,fallopian tube,22.5,thyroid gland,21.4,0.0888,False,0.261,False,0.2893,False,False
SPRN,ENSG00000203772,HPA v23,True,no data,0.97,cerebral cortex,25.1,cerebral cortex,25.1,0.0219,False,0.0649,False,0.0686,False,False
FAM229B,ENSG00000203778,HPA v23,True,no data,0.97,choroid plexus,101.6,choroid plexus,101.6,0.2602,False,0.3575,False,0.366,False,False
FANK1,ENSG00000203780,HPA v23,True,no data,0.97,choroid plexus,66.4,choroid plexus,66.4,0.208,False,0.3917,False,0.4039,False,False
LELP1,ENSG00000203784,HPA v23,True,Enhanced,0.8,prostate,0.9,skeletal muscle,0.4,1.0,True,1.0,True,1.0,True,False
FAM24A,ENSG00000203795,HPA v23,True,Supported,0.9,adipose tissue,0.0,adipose tissue,0.0,1.0,True,1.0,True,1.0,True,False
C1orf146,ENSG00000203910,HPA v23,True,no data,0.97,retina,2.0,retina,2.0,0.863,False,0.863,False,0.863,False,False
CXorf66,ENSG00000203933,HPA v23,True,no data,0.97,liver,0.6,liver,0.6,1.0,True,1.0,True,1.0,True,False
C10orf62,ENSG00000203942,HPA v23,True,Enhanced,0.8,cerebellum,0.8,cerebellum,0.8,1.0,True,1.0,True,1.0,True,False
C1orf141,ENSG00000203963,HPA v23,True,no data,0.97,fallopian tube,8.9,retina,3.1,0.543,False,0.8516,False,0.8516,False,False
DEFB110,ENSG00000203970,HPA v23,True,no data,0.97,epididymis,848.5,adipose tissue,0.0,0.0,False,1.0,True,1.0,True,True
RHOXF2B,ENSG00000203989,HPA v23,True,Supported,0.9,liver,0.1,liver,0.1,1.0,True,1.0,True,1.0,True,False
ZYG11A,ENSG00000203995,HPA v23,True,no data,0.97,kidney,2.8,kidney,2.8,0.4576,False,0.4576,False,0.4576,False,False
C1orf185,ENSG00000204006,HPA v23,True,no data,0.97,adipose tissue,0.1,adipose tissue,0.1,1.0,True,1.0,True,1.0,True,False
GLT6D1,ENSG00000204007,HPA v23,True,no data,0.97,epididymis,0.1,adipose tissue,0.0,1.0,True,1.0,True,1.0,True,False
LIPJ,ENSG00000204022,HPA v23,True,no data,0.97,epididymis,0.9,cerebellum,0.5,1.0,True,1.0,True,1.0,True,False
TRPC5OS,ENSG00000204025,HPA v23,True,no data,0.97,epididymis,0.6,kidney,0.2,1.0,True,1.0,True,1.0,True,False
LRRC73,ENSG00000204052,HPA v23,True,Enhanced,0.8,cerebral cortex,12.5,cerebral cortex,12.5,0.3911,False,0.4385,False,0.4385,False,False
RPA4,ENSG00000204086,HPA v23,True,Approved,0.95,adipose tissue,0.4,adipose tissue,0.4,1.0,False,1.0,False,1.0,False,False
CLPSL1,ENSG00000204140,HPA v23,True,Enhanced,0.8,epididymis,592.0,pancreas,173.3,0.0,False,0.7684,False,0.7725,False,False
CXorf65,ENSG00000204165,HPA v23,True,no data,0.97,spleen,2.2,spleen,2.2,0.9412,False,0.9412,False,0.9412,False,False
TXNDC8,ENSG00000204193,HPA v23,True,no data,0.97,thymus,0.1,adipose tissue,0.0,1.0,True,1.0,True,1.0,True,False
OR13C3,ENSG00000204246,HPA v23,True,no data,0.97,adipose tissue,0.0,adipose tissue,0.0,1.0,True,1.0,True,1.0,True,False
TSBP1,ENSG00000204296,HPA v23,True,Approved,0.95,lymph node,0.2,lymph node,0.2,1.0,True,1.0,True,1.0,True,False
TMEM225,ENSG00000204300,HPA v23,True,no data,0.97,adipose tissue,0.0,adipose tissue,0.0,1.0,True,1.0,True,1.0,True,False
PJVK,ENSG00000204311,HPA v23,True,no data,0.97,epididymis,7.1,retina,6.2,0.2531,False,0.4124,False,0.4432,False,False
ERICH2,ENSG00000204334,HPA v23,True,no data,0.97,choroid plexus,46.7,choroid plexus,46.7,0.5635,False,0.6146,False,0.6185,False,False
HSPA1L,ENSG00000204390,HPA v23,True,Enhanced,0.8,skeletal muscle,3.8,skeletal muscle,3.8,0.6997,False,0.7304,False,0.7304,False,False
TRIM49C,ENSG00000204449,HPA v23,True,no data,0.97,adipose tissue,0.0,adipose tissue,0.0,1.0,True,1.0,True,1.0,True,False
PRAMEF19,ENSG00000204480,HPA v23,True,no data,0.97,bone marrow,0.4,bone marrow,0.4,1.0,True,1.0,True,1.0,True,False
PRAMEF14,ENSG00000204481,HPA v23,True,no data,0.97,adipose tissue,0.0,adipose tissue,0.0,1.0,True,1.0,True,1.0,True,False
PRAMEF15,ENSG00000204501,HPA v23,True,no data,0.97,liver,0.1,liver,0.1,1.0,True,1.0,True,1.0,True,False
PRAMEF9,ENSG00000204505,HPA v23,True,no data,0.97,skeletal muscle,32.1,skeletal muscle,32.1,0.0,False,0.0,False,0.0,False,False
ZNF805,ENSG00000204524,HPA v23,True,Uncertain,0.97,bone marrow,6.6,bone marrow,6.6,0.0928,False,0.1821,False,0.2131,False,False
CCHCR1,ENSG00000204536,HPA v23,True,no data,0.97,prostate,19.3,kidney,19.1,0.2703,False,0.4208,False,0.4393,False,False
PSORS1C1,ENSG00000204540,HPA v23,True,no data,0.97,skin,3.2,skin,3.2,0.9413,False,0.9573,False,0.9573,False,False
DEFB121,ENSG00000204548,HPA v23,True,Enhanced,0.8,epididymis,2536.7,adipose tissue,0.0,0.0,False,1.0,True,1.0,True,True
NMS,ENSG00000204640,HPA v23,True,no data,0.97,hypothalamus,0.8,hypothalamus,0.8,1.0,True,1.0,True,1.0,True,False
CBY3,ENSG00000204659,HPA v23,True,no data,0.97,spinal cord,3.0,spinal cord,3.0,0.6897,False,0.6897,False,0.6897,False,False
SPATA31J1,ENSG00000204661,HPA v23,False,no data,0.97,,,,,,False,,False,,False,False
C9orf57,ENSG00000204669,HPA v23,True,no data,0.97,heart muscle,0.1,heart muscle,0.1,1.0,True,1.0,True,1.0,True,False
IL31,ENSG00000204671,HPA v23,True,no data,0.97,adipose tissue,0.0,adipose tissue,0.0,1.0,True,1.0,True,1.0,True,False
OR2H1,ENSG00000204688,HPA v23,True,no data,0.97,adipose tissue,0.0,adipose tissue,0.0,1.0,True,1.0,True,1.0,True,False
OR11A1,ENSG00000204694,HPA v23,True,no data,0.97,adipose tissue,0.0,adipose tissue,0.0,1.0,True,1.0,True,1.0,True,False
OR14J1,ENSG00000204695,HPA v23,True,no data,0.97,retina,1.8,retina,1.8,0.0,False,0.0,False,0.0,False,False
OR2J2,ENSG00000204700,HPA v23,True,no data,0.97,bone marrow,0.2,bone marrow,0.2,1.0,True,1.0,True,1.0,True,False
OR2J3,ENSG00000204701,HPA v23,True,no data,0.97,bone marrow,0.1,bone marrow,0.1,1.0,True,1.0,True,1.0,True,False
OR2W1,ENSG00000204704,HPA v23,True,no data,0.97,adipose tissue,0.0,adipose tissue,0.0,1.0,True,1.0,True,1.0,True,False
RANBP17,ENSG00000204764,HPA v23,True,no data,0.97,pancreas,1.3,pancreas,1.3,0.5,False,0.5,False,0.5,False,False
KRT25,ENSG00000204897,HPA v23,True,Enhanced,0.8,skin,108.8,skin,108.8,0.0,False,0.0,False,0.0144,False,False
PRR20B,ENSG00000204918,HPA v23,True,no data,0.97,adipose tissue,0.0,adipose tissue,0.0,1.0,True,1.0,True,1.0,True,False
PRR20A,ENSG00000204919,HPA v23,True,no data,0.97,adipose tissue,0.0,adipose tissue,0.0,1.0,True,1.0,True,1.0,True,False
FAM221B,ENSG00000204930,HPA v23,True,Enhanced,0.8,bone marrow,2.8,bone marrow,2.8,0.8252,False,0.8252,False,0.8252,False,False
ZNF425,ENSG00000204947,HPA v23,True,no data,0.97,skeletal muscle,3.6,skeletal muscle,3.6,0.0658,False,0.25,False,0.2658,False,False
FBXO47,ENSG00000204952,HPA v23,True,no data,0.97,adipose tissue,0.0,adipose tissue,0.0,1.0,True,1.0,True,1.0,True,False
PCDHGA1,ENSG00000204956,HPA v23,True,no data,0.97,cerebral cortex,1.8,cerebral cortex,1.8,0.0,False,0.0,False,0.0,False,False
PCDHA7,ENSG00000204963,HPA v23,True,no data,0.97,cerebellum,1.7,cerebellum,1.7,0.0,False,0.0,False,0.0,False,False
PCDHA2,ENSG00000204969,HPA v23,True,no data,0.97,cerebellum,2.4,cerebellum,2.4,0.0,False,0.0,False,0.0,False,False
PCDHA1,ENSG00000204970,HPA v23,True,Enhanced,0.8,spinal cord,2.8,spinal cord,2.8,0.0,False,0.0,False,0.0,False,False
MS4A13,ENSG00000204979,HPA v23,True,no data,0.97,adipose tissue,0.0,adipose tissue,0.0,1.0,True,1.0,True,1.0,True,False
GARIN1A,ENSG00000205085,HPA v23,True,Enhanced,0.8,pituitary gland,4.3,pituitary gland,4.3,0.5333,False,0.5773,False,0.5894,False,False
SPATA31F1,ENSG00000205108,HPA v23,True,Enhanced,0.8,skin,0.1,skin,0.1,1.0,True,1.0,True,1.0,True,False
CDKL4,ENSG00000205111,HPA v23,True,no data,0.97,choroid plexus,0.7,choroid plexus,0.7,1.0,True,1.0,True,1.0,True,False
CFAP96,ENSG00000205129,HPA v23,True,Enhanced,0.8,choroid plexus,30.8,choroid plexus,30.8,0.128,False,0.2814,False,0.2911,False,False
TRIQK,ENSG00000205133,HPA v23,True,no data,0.97,liver,30.4,liver,30.4,0.063,False,0.1949,False,0.2157,False,False
C11orf91,ENSG00000205177,HPA v23,True,no data,0.97,adipose tissue,4.6,adipose tissue,4.6,0.4129,False,0.4129,False,0.4378,False,False
C4orf46,ENSG00000205208,HPA v23,True,Uncertain,0.97,bone marrow,14.3,bone marrow,14.3,0.1497,False,0.2408,False,0.2563,False,False
MGAT4D,ENSG00000205301,HPA v23,True,Enhanced,0.8,epididymis,0.5,liver,0.1,1.0,True,1.0,True,1.0,True,False
IZUMO3,ENSG00000205442,HPA v23,True,no data,0.97,adipose tissue,0.0,adipose tissue,0.0,1.0,True,1.0,True,1.0,True,False
KRTAP10-2,ENSG00000205445,HPA v23,True,no data,0.97,skin,14.6,skin,14.6,0.0,False,0.0,False,0.0,False,False
TP53TG3D,ENSG00000205456,HPA v23,True,no data,0.97,epididymis,4.1,cerebellum,2.0,0.4533,False,0.8667,False,0.8667,False,False
TP53TG3C,ENSG00000205457,HPA v23,True,no data,0.97,pancreas,0.2,pancreas,0.2,1.0,True,1.0,True,1.0,True,False
MFSD2B,ENSG00000205639,HPA v23,True,Enhanced,0.8,bone marrow,11.7,bone marrow,11.7,0.0,False,0.0,False,0.0,False,False
HTN3,ENSG00000205649,HPA v23,True,Enhanced,0.8,salivary gland,131918.2,salivary gland,131918.2,0.0002,False,0.0002,False,0.0002,False,False
ETFRF1,ENSG00000205707,HPA v23,True,Approved,0.95,liver,117.6,liver,117.6,0.0601,False,0.1573,False,0.1792,False,False
MBD3L4,ENSG00000205718,HPA v23,True,no data,0.97,adipose tissue,0.0,adipose tissue,0.0,1.0,True,1.0,True,1.0,True,False
ARRDC5,ENSG00000205784,HPA v23,True,no data,0.97,spleen,2.1,spleen,2.1,0.8378,False,0.8378,False,0.8378,False,False
C16orf96,ENSG00000205832,HPA v23,True,no data,0.97,spinal cord,0.6,spinal cord,0.6,1.0,True,1.0,True,1.0,True,False
GMNC,ENSG00000205835,HPA v23,True,no data,0.97,fallopian tube,7.8,liver,4.0,0.0,False,0.544,False,0.544,False,False
TTC23L,ENSG00000205838,HPA v23,True,Enhanced,0.8,fallopian tube,3.3,retina,1.4,0.8707,True,0.9698,True,0.9698,True,False
C22orf42,ENSG00000205856,HPA v23,True,Enhanced,0.8,hypothalamus,9.3,hypothalamus,9.3,0.5284,False,0.5284,False,0.5284,False,False
LRRC72,ENSG00000205858,HPA v23,True,no data,0.97,adipose tissue,0.0,adipose tissue,0.0,1.0,True,1.0,True,1.0,True,False
DEFB134,ENSG00000205882,HPA v23,True,no data,0.97,epididymis,24.5,pancreas,0.5,0.0408,False,1.0,True,1.0,True,True
DEFB135,ENSG00000205883,HPA v23,True,no data,0.97,epididymis,55.3,retina,0.1,0.0,False,1.0,True,1.0,True,True
DAZ4,ENSG00000205916,HPA v23,True,Approved,0.95,stomach,25.2,stomach,25.2,0.2965,False,0.2965,False,0.2965,False,False
DAZ2,ENSG00000205944,HPA v23,True,Approved,0.95,stomach,5.2,stomach,5.2,0.3115,False,0.3115,False,0.3115,False,False
SMIM21,ENSG00000206026,HPA v23,True,Enhanced,0.8,adipose tissue,0.0,adipose tissue,0.0,1.0,True,1.0,True,1.0,True,False
C18orf63,ENSG00000206043,HPA v23,True,no data,0.97,breast,0.2,adipose tissue,0.0,1.0,True,1.0,True,1.0,True,False
DOK6,ENSG00000206052,HPA v23,True,Approved,0.95,retina,21.6,retina,21.6,0.0543,False,0.0738,False,0.0738,False,False
KRTAP19-8,ENSG00000206102,HPA v23,True,no data,0.97,bone marrow,0.2,bone marrow,0.2,1.0,True,1.0,True,1.0,True,False
CFAP99,ENSG00000206113,HPA v23,True,no data,0.97,fallopian tube,3.8,choroid plexus,2.5,0.4659,False,0.7841,False,0.7841,False,False
RNASE13,ENSG00000206150,HPA v23,True,no data,0.97,epididymis,299.6,salivary gland,2.9,0.0,False,0.9937,True,0.9937,True,True
ELOA2,ENSG00000206181,HPA v23,True,Approved,0.95,adipose tissue,0.0,adipose tissue,0.0,1.0,False,1.0,False,1.0,False,False
TSSK2,ENSG00000206203,HPA v23,True,no data,0.97,pancreas,0.5,pancreas,0.5,1.0,True,1.0,True,1.0,True,False
PRR23A,ENSG00000206260,HPA v23,True,no data,0.97,bone marrow,0.1,bone marrow,0.1,1.0,True,1.0,True,1.0,True,False
CFAP44,ENSG00000206530,HPA v23,True,Uncertain,0.97,retina,8.4,retina,8.4,0.1019,False,0.33,False,0.3515,False,False
CD200R1L,ENSG00000206531,HPA v23,True,no data,0.97,adipose tissue,0.0,adipose tissue,0.0,1.0,True,1.0,True,1.0,True,False
TRIM71,ENSG00000206557,HPA v23,True,no data,0.97,kidney,0.8,kidney,0.8,1.0,True,1.0,True,1.0,True,False
TSSK1B,ENSG00000212122,HPA v23,True,Enhanced,0.8,skin,0.2,skin,0.2,1.0,True,1.0,True,1.0,True,False
PRR22,ENSG00000212123,HPA v23,True,Enhanced,0.8,liver,11.6,liver,11.6,0.3289,False,0.4311,False,0.4436,False,False
MAP10,ENSG00000212916,HPA v23,True,Approved,0.95,thymus,3.1,retina,2.8,0.1341,False,0.2123,False,0.2402,False,False
KRTAP12-4,ENSG00000212933,HPA v23,True,no data,0.97,skin,0.5,skin,0.5,1.0,True,1.0,True,1.0,True,False
ZNF611,ENSG00000213020,HPA v23,True,no data,0.97,fallopian tube,6.7,pancreas,4.1,0.0819,False,0.2879,False,0.3167,False,False
NUP62,ENSG00000213024,HPA v23,True,Supported,0.9,thymus,39.7,lymph node,37.3,0.0866,False,0.2111,False,0.2275,False,False
CRIP1,ENSG00000213145,HPA v23,True,Approved,0.95,small intestine,303.5,small intestine,303.5,0.0198,False,0.1991,False,0.2388,False,False
TRIM59,ENSG00000213186,HPA v23,True,no data,0.97,bone marrow,17.0,bone marrow,17.0,0.0648,False,0.101,False,0.1078,False,False
CCDC183,ENSG00000213213,HPA v23,True,no data,0.97,prostate,1.8,retina,1.6,0.9111,False,0.9467,False,0.9467,False,False
OR2F1,ENSG00000213215,HPA v23,True,no data,0.97,adipose tissue,0.0,adipose tissue,0.0,1.0,True,1.0,True,1.0,True,False
TCL1B,ENSG00000213231,HPA v23,True,no data,0.97,tonsil,2.4,tonsil,2.4,0.3659,False,0.3659,False,0.3659,False,False
TSGA13,ENSG00000213265,HPA v23,True,no data,0.97,fallopian tube,0.1,adipose tissue,0.0,1.0,True,1.0,True,1.0,True,False
TTLL13,ENSG00000213471,HPA v23,True,Enhanced,0.8,duodenum,0.1,duodenum,0.1,1.0,True,1.0,True,1.0,True,False
FAM209B,ENSG00000213714,HPA v23,True,Enhanced,0.8,bone marrow,11.6,bone marrow,11.6,0.8974,True,0.8974,True,0.8974,True,False
DDX47,ENSG00000213782,HPA v23,True,Approved,0.95,urinary bladder,45.9,urinary bladder,45.9,0.0631,False,0.1991,False,0.222,False,False
ZNF845,ENSG00000213799,HPA v23,True,no data,0.97,bone marrow,4.9,bone marrow,4.9,0.0861,False,0.2365,False,0.2788,False,False
CCL27,ENSG00000213927,HPA v23,True,Enhanced,0.8,skin,470.5,skin,470.5,0.0006,False,0.0046,False,0.0556,False,False
IQCJ,ENSG00000214216,HPA v23,True,no data,0.97,pituitary gland,0.5,pituitary gland,0.5,1.0,True,1.0,True,1.0,True,False
C17orf67,ENSG00000214226,HPA v23,True,Approved,0.95,thymus,5.3,spleen,2.6,0.0824,False,0.3022,False,0.3022,False,False
ANG,ENSG00000214274,HPA v23,True,no data,0.97,liver,2920.4,liver,2920.4,0.018,False,0.0649,False,0.0745,False,False
SPDYE3,ENSG00000214300,HPA v23,True,Supported,0.9,bone marrow,0.1,bone marrow,0.1,1.0,True,1.0,True,1.0,True,False
PRR23E,ENSG00000214324,HPA v23,True,no data,0.97,adipose tissue,0.0,adipose tissue,0.0,1.0,True,1.0,True,1.0,True,False
MTCL3,ENSG00000214338,HPA v23,True,no data,0.97,cerebral cortex,8.0,cerebral cortex,8.0,0.0,False,0.0058,False,0.0058,False,False
EFCAB9,ENSG00000214360,HPA v23,True,no data,0.97,cerebellum,0.2,cerebellum,0.2,1.0,True,1.0,True,1.0,True,False
GNAT3,ENSG00000214415,HPA v23,True,Enhanced,0.8,duodenum,1.7,duodenum,1.7,0.0,False,0.0,False,0.0,False,False
HIGD1C,ENSG00000214511,HPA v23,True,no data,0.97,pancreas,0.8,pancreas,0.8,1.0,True,1.0,True,1.0,True,False
IQCF5,ENSG00000214681,HPA v23,True,no data,0.97,adipose tissue,0.0,adipose tissue,0.0,1.0,True,1.0,True,1.0,True,False
IQCF6,ENSG00000214686,HPA v23,True,no data,0.97,pancreas,0.3,pancreas,0.3,1.0,True,1.0,True,1.0,True,False
MS4A18,ENSG00000214782,HPA v23,True,Approved,0.95,duodenum,18.1,duodenum,18.1,0.0,False,0.0,False,0.2008,False,False
FER1L6,ENSG00000214814,HPA v23,True,Enhanced,0.8,stomach,42.0,stomach,42.0,0.0218,False,0.0218,False,0.0218,False,False
CDRT15L2,ENSG00000214819,HPA v23,True,no data,0.97,hippocampal formation,2.2,hippocampal formation,2.2,0.9216,False,0.9216,False,0.9216,False,False
RAD51AP2,ENSG00000214842,HPA v23,True,no data,0.97,cerebral cortex,0.3,cerebral cortex,0.3,1.0,True,1.0,True,1.0,True,False
DCDC2C,ENSG00000214866,HPA v23,True,no data,0.97,choroid plexus,1.2,choroid plexus,1.2,0.9375,False,0.9375,False,0.9375,False,False
SPATA31D1,ENSG00000214929,HPA v23,True,no data,0.97,adipose tissue,0.0,adipose tissue,0.0,1.0,True,1.0,True,1.0,True,False
TBC1D26,ENSG00000214946,HPA v23,True,no data,0.97,basal ganglia,4.2,basal ganglia,4.2,0.6957,False,0.6957,False,0.6957,False,False
ACSM4,ENSG00000215009,HPA v23,True,no data,0.97,spleen,0.5,spleen,0.5,1.0,True,1.0,True,1.0,True,False
ZNG1F,ENSG00000215126,HPA v23,True,Approved,0.95,liver,7.1,liver,7.1,0.033,False,0.0947,False,0.1256,False,False
C16orf90,ENSG00000215131,HPA v23,True,no data,0.97,skeletal muscle,0.1,skeletal muscle,0.1,1.0,True,1.0,True,1.0,True,False
PRSS41,ENSG00000215148,HPA v23,True,no data,0.97,salivary gland,0.4,salivary gland,0.4,1.0,True,1.0,True,1.0,True,False
GRXCR1,ENSG00000215203,HPA v23,True,no data,0.97,seminal vesicle,2.4,adipose tissue,0.0,0.0,False,1.0,True,1.0,True,True
KCNU1,ENSG00000215262,HPA v23,True,no data,0.97,epididymis,0.3,choroid plexus,0.1,1.0,True,1.0,True,1.0,True,False
RNF212B,ENSG00000215277,HPA v23,True,no data,0.97,kidney,25.0,kidney,25.0,0.1489,False,0.1489,False,0.1489,False,False
ZNF705D,ENSG00000215343,HPA v23,True,no data,0.97,epididymis,3.2,adipose tissue,0.0,0.0,False,1.0,True,1.0,True,True
ZNF705B,ENSG00000215356,HPA v23,True,no data,0.97,adipose tissue,0.0,adipose tissue,0.0,1.0,True,1.0,True,1.0,True,False
ZNF705G,ENSG00000215372,HPA v23,True,no data,0.97,epididymis,0.2,retina,0.1,1.0,True,1.0,True,1.0,True,False
ZNF407,ENSG00000215421,HPA v23,True,Uncertain,0.97,bone marrow,5.1,bone marrow,5.1,0.095,False,0.2355,False,0.259,False,False
KRTAP10-1,ENSG00000215455,HPA v23,True,no data,0.97,skin,10.1,skin,10.1,0.0,False,0.0,False,0.0,False,False
SKOR2,ENSG00000215474,HPA v23,True,no data,0.97,cerebellum,0.3,cerebellum,0.3,1.0,True,1.0,True,1.0,True,False
GAB4,ENSG00000215568,HPA v23,True,no data,0.97,spinal cord,0.1,spinal cord,0.1,1.0,True,1.0,True,1.0,True,False
CYB5RL,ENSG00000215883,HPA v23,True,Approved,0.95,adrenal gland,4.3,adrenal gland,4.3,0.0398,False,0.1577,False,0.1761,False,False
LACTBL1,ENSG00000215906,HPA v23,True,no data,0.97,retina,3.8,retina,3.8,0.0,False,0.0,False,0.0,False,False
C1orf167,ENSG00000215910,HPA v23,True,Enhanced,0.8,lung,0.5,lung,0.5,1.0,False,1.0,False,1.0,False,False
CCDC7,ENSG00000216937,HPA v23,True,no data,0.97,retina,2.6,retina,2.6,0.9464,False,0.9501,False,0.9501,False,False
SYCE3,ENSG00000217442,HPA v23,True,no data,0.97,kidney,2.7,kidney,2.7,0.9239,False,0.9279,False,0.9279,False,False
TDRD15,ENSG00000218819,HPA v23,True,no data,0.97,liver,0.9,liver,0.9,1.0,True,1.0,True,1.0,True,False
PAPOLB,ENSG00000218823,HPA v23,True,no data,0.97,retina,0.2,retina,0.2,1.0,True,1.0,True,1.0,True,False
CELA3B,ENSG00000219073,HPA v23,True,Supported,0.9,pancreas,48049.2,pancreas,48049.2,0.0003,False,0.0004,False,0.0005,False,False
CATSPERZ,ENSG00000219435,HPA v23,True,no data,0.97,hippocampal formation,3.3,hippocampal formation,3.3,0.9849,True,0.9849,True,0.9849,True,False
VAMP2,ENSG00000220205,HPA v23,True,no data,0.97,cerebral cortex,470.8,cerebral cortex,470.8,0.0406,False,0.1381,False,0.1509,False,False
OR6B1,ENSG00000221813,HPA v23,True,no data,0.97,pancreas,0.5,pancreas,0.5,1.0,True,1.0,True,1.0,True,False
SPATA31H1,ENSG00000221843,HPA v23,True,no data,0.97,retina,1.5,retina,1.5,0.9,False,0.9,False,0.9,False,False
OR3A2,ENSG00000221882,HPA v23,True,no data,0.97,retina,0.9,retina,0.9,1.0,True,1.0,True,1.0,True,False
OR1C1,ENSG00000221888,HPA v23,True,no data,0.97,retina,0.2,retina,0.2,1.0,True,1.0,True,1.0,True,False
POM121L12,ENSG00000221900,HPA v23,True,Enhanced,0.8,adipose tissue,0.0,adipose tissue,0.0,1.0,True,1.0,True,1.0,True,False
OR2F2,ENSG00000221910,HPA v23,True,no data,0.97,adipose tissue,0.0,adipose tissue,0.0,1.0,True,1.0,True,1.0,True,False
TRIM16,ENSG00000221926,HPA v23,True,Uncertain,0.97,esophagus,141.8,esophagus,141.8,0.0556,False,0.2151,False,0.2282,False,False
XKR9,ENSG00000221947,HPA v23,True,Enhanced,0.8,small intestine,5.2,small intestine,5.2,0.3567,False,0.3684,False,0.3684,False,False
OR4E2,ENSG00000221977,HPA v23,True,no data,0.97,adipose tissue,0.0,adipose tissue,0.0,1.0,True,1.0,True,1.0,True,False
PSMB11,ENSG00000222028,HPA v23,True,Enhanced,0.8,thymus,29.8,adipose tissue,0.0,0.0,False,0.0,False,0.0,False,False
POTEM,ENSG00000222036,HPA v23,True,no data,0.97,prostate,18.1,retina,0.8,0.145,False,1.0,True,1.0,True,True
EBLN1,ENSG00000223601,HPA v23,True,no data,0.97,cerebellum,0.1,cerebellum,0.1,1.0,True,1.0,True,1.0,True,False
ZNF735,ENSG00000223614,HPA v23,True,no data,0.97,adipose tissue,0.0,adipose tissue,0.0,1.0,True,1.0,True,1.0,True,False
CERS1,ENSG00000223802,HPA v23,True,Enhanced,0.8,basal ganglia,166.6,basal ganglia,166.6,0.0255,False,0.0274,False,0.0274,False,False
CXorf51A,ENSG00000224440,HPA v23,True,no data,0.97,adipose tissue,0.0,adipose tissue,0.0,1.0,True,1.0,True,1.0,True,False
ZNF469,ENSG00000225614,HPA v23,True,no data,0.97,endometrium,1.5,hippocampal formation,1.4,0.3871,False,0.6452,False,0.6452,False,False
OR6V1,ENSG00000225781,HPA v23,True,no data,0.97,adipose tissue,0.0,adipose tissue,0.0,1.0,True,1.0,True,1.0,True,False
FAM229A,ENSG00000225828,HPA v23,True,no data,0.97,liver,9.7,liver,9.7,0.471,False,0.5564,False,0.5675,False,False
DCAF8L1,ENSG00000226372,HPA v23,True,Enhanced,0.8,adipose tissue,0.0,adipose tissue,0.0,1.0,False,1.0,False,1.0,False,False
RBMY1J,ENSG00000226941,HPA v23,True,Supported,0.9,adipose tissue,0.0,adipose tissue,0.0,1.0,True,1.0,True,1.0,True,False
ANHX,ENSG00000227059,HPA v23,True,no data,0.97,adipose tissue,0.0,adipose tissue,0.0,1.0,True,1.0,True,1.0,True,False
ZNF717,ENSG00000227124,HPA v23,True,no data,0.97,epididymis,15.0,skin,9.7,0.0678,False,0.236,False,0.26,False,False
PRR20D,ENSG00000227151,HPA v23,True,no data,0.97,adipose tissue,0.0,adipose tissue,0.0,1.0,True,1.0,True,1.0,True,False
TEX46,ENSG00000227868,HPA v23,True,no data,0.97,epididymis,0.7,choroid plexus,0.6,1.0,True,1.0,True,1.0,True,False
BOD1L2,ENSG00000228075,HPA v23,True,no data,0.97,breast,0.2,liver,0.1,1.0,True,1.0,True,1.0,True,False
VN1R4,ENSG00000228567,HPA v23,True,no data,0.97,adipose tissue,0.0,adipose tissue,0.0,1.0,True,1.0,True,1.0,True,False
RFPL4AL1,ENSG00000229292,HPA v23,True,no data,0.97,liver,0.6,liver,0.6,1.0,True,1.0,True,1.0,True,False
PRR20C,ENSG00000229665,HPA v23,True,no data,0.97,adipose tissue,0.0,adipose tissue,0.0,1.0,True,1.0,True,1.0,True,False
ZNF492,ENSG00000229676,HPA v23,True,no data,0.97,bone marrow,2.5,bone marrow,2.5,0.375,False,0.375,False,0.375,False,False
GK3,ENSG00000229894,HPA v23,True,no data,0.97,bone marrow,0.4,bone marrow,0.4,1.0,True,1.0,True,1.0,True,False
PRPS1L1,ENSG00000229937,HPA v23,True,no data,0.97,adipose tissue,0.0,adipose tissue,0.0,1.0,True,1.0,True,1.0,True,False
IQCF3,ENSG00000229972,HPA v23,True,no data,0.97,pancreas,0.4,pancreas,0.4,1.0,True,1.0,True,1.0,True,False
POTEB2,ENSG00000230031,HPA v23,True,no data,0.97,adipose tissue,0.0,adipose tissue,0.0,1.0,True,1.0,True,1.0,True,False
OR4F3,ENSG00000230178,HPA v23,True,no data,0.97,fallopian tube,0.1,adipose tissue,0.0,1.0,True,1.0,True,1.0,True,False
SPATA31C1,ENSG00000230246,HPA v23,True,no data,0.97,epididymis,1.5,bone marrow,0.6,0.9242,False,1.0,True,1.0,True,True
OR5H6,ENSG00000230301,HPA v23,True,no data,0.97,adipose tissue,0.0,adipose tissue,0.0,1.0,True,1.0,True,1.0,True,False
MBD3L2,ENSG00000230522,HPA v23,True,no data,0.97,adipose tissue,0.0,adipose tissue,0.0,1.0,True,1.0,True,1.0,True,False
CFAP97D1,ENSG00000231256,HPA v23,True,Approved,0.95,skeletal muscle,0.5,skeletal muscle,0.5,1.0,True,1.0,True,1.0,True,False
PPP1R2B,ENSG00000231989,HPA v23,True,no data,0.97,skeletal muscle,0.1,skeletal muscle,0.1,1.0,True,1.0,True,1.0,True,False
SCAND3,ENSG00000232040,HPA v23,True,no data,0.97,epididymis,3.0,cerebellum,1.9,0.5846,False,0.8385,False,0.8385,False,False
TEX50,ENSG00000232113,HPA v23,True,no data,0.97,adipose tissue,0.0,adipose tissue,0.0,1.0,True,1.0,True,1.0,True,False
PRAMEF6,ENSG00000232423,HPA v23,True,no data,0.97,adipose tissue,0.0,adipose tissue,0.0,1.0,True,1.0,True,1.0,True,False
DEFB130A,ENSG00000232948,HPA v23,True,no data,0.97,epididymis,2.5,adipose tissue,0.0,0.0,False,1.0,True,1.0,True,True
DEFB130B,ENSG00000233050,HPA v23,True,no data,0.97,epididymis,2.5,adipose tissue,0.0,0.0,False,1.0,True,1.0,True,True
OR5H15,ENSG00000233412,HPA v23,True,no data,0.97,adipose tissue,0.0,adipose tissue,0.0,1.0,True,1.0,True,1.0,True,False
BTBD18,ENSG00000233436,HPA v23,True,no data,0.97,cerebellum,0.2,cerebellum,0.2,1.0,True,1.0,True,1.0,True,False
PRR23C,ENSG00000233701,HPA v23,True,no data,0.97,retina,0.1,retina,0.1,1.0,True,1.0,True,1.0,True,False
TRIM49D2,ENSG00000233802,HPA v23,True,no data,0.97,adipose tissue,0.0,adipose tissue,0.0,1.0,True,1.0,True,1.0,True,False
POTEB,ENSG00000233917,HPA v23,True,no data,0.97,adipose tissue,0.0,adipose tissue,0.0,1.0,True,1.0,True,1.0,True,False
C16orf82,ENSG00000234186,HPA v23,True,no data,0.97,pituitary gland,0.3,pituitary gland,0.3,1.0,True,1.0,True,1.0,True,False
PRR20E,ENSG00000234278,HPA v23,True,no data,0.97,adipose tissue,0.0,adipose tissue,0.0,1.0,True,1.0,True,1.0,True,False
ZNF879,ENSG00000234284,HPA v23,True,Uncertain,0.97,retina,6.9,retina,6.9,0.1299,False,0.267,False,0.29,False,False
CCDC188,ENSG00000234409,HPA v23,True,no data,0.97,pituitary gland,9.3,pituitary gland,9.3,0.7384,False,0.7384,False,0.7442,False,False
CLDN34,ENSG00000234469,HPA v23,True,no data,0.97,retina,0.5,retina,0.5,1.0,True,1.0,True,1.0,True,False
C5orf58,ENSG00000234511,HPA v23,True,no data,0.97,spinal cord,7.5,spinal cord,7.5,0.8828,False,0.8845,False,0.8904,False,False
FREY1,ENSG00000234776,HPA v23,True,no data,0.97,esophagus,0.3,esophagus,0.3,1.0,True,1.0,True,1.0,True,False
NKX1-1,ENSG00000235608,HPA v23,True,no data,0.97,pituitary gland,0.1,pituitary gland,0.1,1.0,True,1.0,True,1.0,True,False
PATE3,ENSG00000236027,HPA v23,True,no data,0.97,epididymis,154.4,adipose tissue,0.0,0.0,False,1.0,True,1.0,True,True
OR5H14,ENSG00000236032,HPA v23,True,no data,0.97,bone marrow,0.2,bone marrow,0.2,1.0,True,1.0,True,1.0,True,False
SLC35G4,ENSG00000236396,HPA v23,True,no data,0.97,adipose tissue,0.0,adipose tissue,0.0,1.0,True,1.0,True,1.0,True,False
GAGE12B,ENSG00000236737,HPA v23,True,no data,0.97,cervix,3.1,basal ganglia,3.0,0.9382,False,0.9636,False,0.9636,False,False
CIMIP7,ENSG00000236980,HPA v23,True,no data,0.97,adipose tissue,0.0,adipose tissue,0.0,1.0,True,1.0,True,1.0,True,False
C4orf51,ENSG00000237136,HPA v23,True,no data,0.97,epididymis,0.4,adipose tissue,0.0,1.0,True,1.0,True,1.0,True,False
MBD3L5,ENSG00000237247,HPA v23,True,no data,0.97,adipose tissue,0.0,adipose tissue,0.0,1.0,True,1.0,True,1.0,True,False
MEIOSIN,ENSG00000237452,HPA v23,True,no data,0.97,heart muscle,0.3,heart muscle,0.3,1.0,True,1.0,True,1.0,True,False
OR7E24,ENSG00000237521,HPA v23,True,no data,0.97,adipose tissue,0.0,adipose tissue,0.0,1.0,True,1.0,True,1.0,True,False
TEX51,ENSG00000237524,HPA v23,True,no data,0.97,kidney,0.3,kidney,0.3,1.0,True,1.0,True,1.0,True,False
LRRC37A2,ENSG00000238083,HPA v23,True,Supported,0.9,pituitary gland,0.7,pituitary gland,0.7,1.0,True,1.0,True,1.0,True,False
MPC1L,ENSG00000238205,HPA v23,True,no data,0.97,adipose tissue,0.0,adipose tissue,0.0,1.0,True,1.0,True,1.0,True,False
RBM14,ENSG00000239306,HPA v23,True,Supported,0.9,kidney,49.1,kidney,49.1,0.076,False,0.2176,False,0.2342,False,False
ASB14,ENSG00000239388,HPA v23,True,no data,0.97,skeletal muscle,27.1,skeletal muscle,27.1,0.0,False,0.0,False,0.0,False,False
OR1J4,ENSG00000239590,HPA v23,True,no data,0.97,epididymis,0.1,adipose tissue,0.0,1.0,True,1.0,True,1.0,True,False
STPG4,ENSG00000239605,HPA v23,True,Approved,0.95,gallbladder,0.2,gallbladder,0.2,1.0,True,1.0,True,1.0,True,False
PRR20G,ENSG00000239620,HPA v23,True,no data,0.97,adipose tissue,0.0,adipose tissue,0.0,1.0,True,1.0,True,1.0,True,False
CDRT4,ENSG00000239704,HPA v23,True,Uncertain,0.97,pituitary gland,30.1,pituitary gland,30.1,0.0726,False,0.2627,False,0.2767,False,False
MRPS17,ENSG00000239789,HPA v23,True,Approved,0.95,skeletal muscle,31.7,skeletal muscle,31.7,0.0491,False,0.1591,False,0.1783,False,False
PRAMEF11,ENSG00000239810,HPA v23,True,no data,0.97,adipose tissue,0.0,adipose tissue,0.0,1.0,True,1.0,True,1.0,True,False
C1orf226,ENSG00000239887,HPA v23,True,Approved,0.95,liver,21.4,liver,21.4,0.0262,False,0.1377,False,0.1788,False,False
SMKR1,ENSG00000240204,HPA v23,True,no data,0.97,basal ganglia,10.0,basal ganglia,10.0,0.7205,False,0.755,False,0.7598,False,False
ACAD11,ENSG00000240303,HPA v23,True,Enhanced,0.8,liver,100.5,liver,100.5,0.0514,False,0.1415,False,0.1519,False,False
FOXO3B,ENSG00000240445,HPA v23,True,no data,0.97,endometrium,3.4,cerebral cortex,2.2,0.2575,False,0.4731,False,0.497,False,False
L1TD1,ENSG00000240563,HPA v23,True,no data,0.97,colon,5.2,colon,5.2,0.6379,False,0.6379,False,0.6379,False,False
ISY1,ENSG00000240682,HPA v23,True,Supported,0.9,bone marrow,50.4,bone marrow,50.4,0.0631,False,0.1947,False,0.2142,False,False
LRRD1,ENSG00000240720,HPA v23,True,Supported,0.9,retina,0.4,retina,0.4,1.0,True,1.0,True,1.0,True,False
KRBOX1,ENSG00000240747,HPA v23,True,no data,0.97,epididymis,8.2,kidney,5.3,0.6659,False,0.7597,False,0.7681,False,False
KRTAP5-8,ENSG00000241233,HPA v23,True,no data,0.97,skin,7.3,skin,7.3,0.0348,False,0.0348,False,0.0348,False,False
CRCP,ENSG00000241258,HPA v23,True,Approved,0.95,bone marrow,36.7,bone marrow,36.7,0.0468,False,0.1758,False,0.1976,False,False
TCP10L,ENSG00000242220,HPA v23,True,Approved,0.95,liver,18.4,liver,18.4,0.8432,False,0.8565,False,0.8565,False,False
GTF2A1L,ENSG00000242441,HPA v23,True,no data,0.97,colon,8.4,colon,8.4,0.7185,False,0.8222,False,0.8247,False,False
CCDC169,ENSG00000242715,HPA v23,True,no data,0.97,bone marrow,2.8,bone marrow,2.8,0.8954,False,0.9271,False,0.9271,False,False
ZNF709,ENSG00000242852,HPA v23,True,no data,0.97,retina,3.0,retina,3.0,0.4695,False,0.5732,False,0.5884,False,False
PRAMEF4,ENSG00000243073,HPA v23,True,no data,0.97,adipose tissue,0.0,adipose tissue,0.0,1.0,True,1.0,True,1.0,True,False
WFDC6,ENSG00000243543,HPA v23,True,no data,0.97,epididymis,217.3,lung,1.3,0.1364,False,0.9988,True,0.9988,True,True
DNAAF10,ENSG00000243667,HPA v23,True,Approved,0.95,epididymis,15.6,skeletal muscle,11.0,0.057,False,0.2357,False,0.2613,False,False
CFAP57,ENSG00000243710,HPA v23,True,Enhanced,0.8,fallopian tube,22.7,choroid plexus,13.6,0.2474,False,0.654,False,0.654,False,False
OR5V1,ENSG00000243729,HPA v23,True,no data,0.97,adipose tissue,0.0,adipose tissue,0.0,1.0,True,1.0,True,1.0,True,False
RTL9,ENSG00000243978,HPA v23,True,Enhanced,0.8,hypothalamus,1.2,hypothalamus,1.2,0.9571,True,0.9571,True,0.9571,True,False
LCE3C,ENSG00000244057,HPA v23,True,no data,0.97,tonsil,23.4,tonsil,23.4,0.0,False,0.0,False,0.0,False,False
TMEM225B,ENSG00000244219,HPA v23,True,no data,0.97,skin,3.8,skin,3.8,0.7769,False,0.8242,False,0.8359,False,False
GMCL2,ENSG00000244234,HPA v23,True,Uncertain,0.97,parathyroid gland,0.2,parathyroid gland,0.2,1.0,False,1.0,False,1.0,False,False
KRTAP20-1,ENSG00000244624,HPA v23,True,no data,0.97,skin,0.4,skin,0.4,1.0,True,1.0,True,1.0,True,False
UBE2V1,ENSG00000244687,HPA v23,True,no data,0.97,tonsil,86.7,tonsil,86.7,0.0522,False,0.1721,False,0.1895,False,False
PGAM5,ENSG00000247077,HPA v23,True,Enhanced,0.8,skeletal muscle,32.0,skeletal muscle,32.0,0.0478,False,0.1474,False,0.1606,False,False
USP51,ENSG00000247746,HPA v23,True,Uncertain,0.97,epididymis,48.3,parathyroid gland,5.4,0.0688,False,0.691,False,0.6976,False,False
BCKDHA,ENSG00000248098,HPA v23,True,Supported,0.9,tongue,117.2,tongue,117.2,0.041,False,0.133,False,0.1472,False,False
INSL3,ENSG00000248099,HPA v23,True,Enhanced,0.8,spleen,5.1,spleen,5.1,0.9763,True,0.9763,True,0.9763,True,False
PCDHAC1,ENSG00000248383,HPA v23,True,no data,0.97,parathyroid gland,28.8,parathyroid gland,28.8,0.0,False,0.0,False,0.0,False,False
POU5F2,ENSG00000248483,HPA v23,True,Enhanced,0.8,retina,1.0,retina,1.0,1.0,False,1.0,False,1.0,False,False
FMN1,ENSG00000248905,HPA v23,True,Supported,0.9,retina,29.1,retina,29.1,0.1235,False,0.2256,False,0.246,False,False
EPPIN-WFDC6,ENSG00000249139,HPA v23,True,Supported,0.9,epididymis,62.3,lung,0.1,0.4541,False,1.0,True,1.0,True,True
ZNF324B,ENSG00000249471,HPA v23,True,no data,0.97,skin,3.7,skin,3.7,0.0646,False,0.2267,False,0.2508,False,False
SPATS1,ENSG00000249481,HPA v23,True,Approved,0.95,fallopian tube,7.4,choroid plexus,1.0,0.6476,False,1.0,True,1.0,True,True
CLRN2,ENSG00000249581,HPA v23,True,no data,0.97,kidney,0.1,kidney,0.1,1.0,True,1.0,True,1.0,True,False
SPMAP2L,ENSG00000249693,HPA v23,True,no data,0.97,smooth muscle,0.5,smooth muscle,0.5,1.0,True,1.0,True,1.0,True,False
ZNF564,ENSG00000249709,HPA v23,True,no data,0.97,thyroid gland,7.7,thyroid gland,7.7,0.0543,False,0.2196,False,0.2505,False,False
RNF103-CHMP3,ENSG00000249884,HPA v23,True,no data,0.97,bone marrow,4.1,bone marrow,4.1,0.0217,False,0.0217,False,0.0326,False,False
TERB1,ENSG00000249961,HPA v23,True,no data,0.97,bone marrow,1.4,bone marrow,1.4,0.9655,False,0.9655,False,0.9655,False,False
PCDHA10,ENSG00000250120,HPA v23,True,no data,0.97,cerebral cortex,8.0,cerebral cortex,8.0,0.0144,False,0.0913,False,0.0913,False,False
ZNF718,ENSG00000250312,HPA v23,True,no data,0.97,thyroid gland,4.6,thyroid gland,4.6,0.0772,False,0.2441,False,0.2677,False,False
KIAA1210,ENSG00000250423,HPA v23,True,Enhanced,0.8,epididymis,40.8,adrenal gland,1.3,0.3117,False,0.997,True,0.997,True,True
ATP6V1E2,ENSG00000250565,HPA v23,True,Enhanced,0.8,epididymis,6.3,basal ganglia,4.2,0.3546,False,0.4759,False,0.4889,False,False
CCDC169-SOHLH2,ENSG00000250709,HPA v23,True,no data,0.97,heart muscle,0.4,heart muscle,0.4,1.0,True,1.0,True,1.0,True,False
ZNF475,ENSG00000250803,HPA v23,True,no data,0.97,fallopian tube,2.0,lung,0.2,0.9898,True,1.0,True,1.0,True,False
FOXD1,ENSG00000251493,HPA v23,True,no data,0.97,hypothalamus,2.7,hypothalamus,2.7,0.2087,False,0.2087,False,0.2087,False,False
CENPS-CORT,ENSG00000251503,HPA v23,True,no data,0.97,bone marrow,8.3,bone marrow,8.3,0.519,False,0.519,False,0.519,False,False
NACA2,ENSG00000253506,HPA v23,True,no data,0.97,skin,1.3,skin,1.3,0.9905,True,0.9921,True,0.9921,True,False
PCDHGB2,ENSG00000253910,HPA v23,True,no data,0.97,cerebral cortex,3.6,cerebral cortex,3.6,0.0547,False,0.2388,False,0.2438,False,False
PCDHGB1,ENSG00000254221,HPA v23,True,no data,0.97,cerebral cortex,12.4,cerebral cortex,12.4,0.0,False,0.0064,False,0.0064,False,False
PABPC4L,ENSG00000254535,HPA v23,True,no data,0.97,parathyroid gland,5.2,parathyroid gland,5.2,0.3721,False,0.7076,False,0.7076,False,False
MEX3A,ENSG00000254726,HPA v23,True,no data,0.97,endometrium,3.1,cerebral cortex,2.1,0.5109,False,0.8587,False,0.8696,False,False
EID3,ENSG00000255150,HPA v23,True,Uncertain,0.97,retina,6.4,retina,6.4,0.4565,False,0.5656,False,0.5752,False,False
CCDC166,ENSG00000255181,HPA v23,True,no data,0.97,cerebral cortex,0.1,cerebral cortex,0.1,1.0,True,1.0,True,1.0,True,False
OR5M11,ENSG00000255223,HPA v23,True,no data,0.97,urinary bladder,0.1,urinary bladder,0.1,1.0,True,1.0,True,1.0,True,False
PRR23D1,ENSG00000255251,HPA v23,True,no data,0.97,epididymis,181.8,amygdala,0.1,0.0044,False,1.0,True,1.0,True,True
OR8G5,ENSG00000255298,HPA v23,True,no data,0.97,adipose tissue,0.0,adipose tissue,0.0,1.0,True,1.0,True,1.0,True,False
NOX5,ENSG00000255346,HPA v23,True,no data,0.97,spleen,8.4,spleen,8.4,0.0,False,0.0,False,0.0,False,False
CCDC179,ENSG00000255359,HPA v23,True,no data,0.97,adipose tissue,0.0,adipose tissue,0.0,1.0,True,1.0,True,1.0,True,False
PRR23D2,ENSG00000255378,HPA v23,True,no data,0.97,basal ganglia,0.1,basal ganglia,0.1,1.0,True,1.0,True,1.0,True,False
PCDHA3,ENSG00000255408,HPA v23,True,no data,0.97,cerebellum,2.0,cerebellum,2.0,0.0357,False,0.1429,False,0.1429,False,False
POLR2M,ENSG00000255529,HPA v23,True,no data,0.97,tongue,37.4,tongue,37.4,0.0595,False,0.2249,False,0.2438,False,False
DNAAF4,ENSG00000256061,HPA v23,True,Uncertain,0.97,retina,28.7,retina,28.7,0.0871,False,0.3144,False,0.3358,False,False
ZNF10,ENSG00000256223,HPA v23,True,no data,0.97,pituitary gland,44.1,pituitary gland,44.1,0.085,False,0.2867,False,0.3107,False,False
ZNF225,ENSG00000256294,HPA v23,True,no data,0.97,breast,8.0,retina,6.7,0.1558,False,0.2853,False,0.3487,False,False
DND1,ENSG00000256453,HPA v23,True,no data,0.97,cerebellum,3.0,cerebellum,3.0,0.806,False,0.806,False,0.806,False,False
CLEC12B,ENSG00000256660,HPA v23,True,no data,0.97,bone marrow,5.4,bone marrow,5.4,0.5941,False,0.5941,False,0.5941,False,False
KHDC1L,ENSG00000256980,HPA v23,True,no data,0.97,basal ganglia,8.1,basal ganglia,8.1,0.3333,False,0.3333,False,0.3333,False,False
GATC,ENSG00000257218,HPA v23,True,no data,0.97,pancreas,36.7,pancreas,36.7,0.0442,False,0.1588,False,0.1814,False,False
SPMIP11,ENSG00000257987,HPA v23,True,no data,0.97,stomach,1.1,stomach,1.1,0.9948,True,0.9948,True,0.9948,True,False
PRSS58,ENSG00000258223,HPA v23,True,no data,0.97,pancreas,0.1,pancreas,0.1,1.0,True,1.0,True,1.0,True,False
CHURC1,ENSG00000258289,HPA v23,True,Approved,0.95,skeletal muscle,80.0,skeletal muscle,80.0,0.0596,False,0.1875,False,0.2067,False,False
RTEL1,ENSG00000258366,HPA v23,True,no data,0.97,cerebellum,14.5,cerebellum,14.5,0.0731,False,0.2434,False,0.2658,False,False
ZNF578,ENSG00000258405,HPA v23,True,no data,0.97,retina,2.9,retina,2.9,0.5472,False,0.6792,False,0.6792,False,False
SERPINA2,ENSG00000258597,HPA v23,True,no data,0.97,epididymis,104.5,adipose tissue,0.0,0.0,False,1.0,True,1.0,True,True
ENSG00000259060,ENSG00000259060,HPA v23,True,no data,0.97,epididymis,3.7,adipose tissue,0.0,0.0,False,1.0,True,1.0,True,True
SLC35G6,ENSG00000259224,HPA v23,True,no data,0.97,skeletal muscle,0.4,skeletal muscle,0.4,1.0,True,1.0,True,1.0,True,False
ENSG00000259316,ENSG00000259316,HPA v23,False,no data,0.97,,,,,,False,,False,,False,False
ARMH2,ENSG00000260286,HPA v23,True,no data,0.97,choroid plexus,1.0,choroid plexus,1.0,1.0,True,1.0,True,1.0,True,False
TBC1D3G,ENSG00000260287,HPA v23,True,Supported,0.9,kidney,2.7,kidney,2.7,0.8328,False,0.8635,False,0.8635,False,False
C16orf95,ENSG00000260456,HPA v23,True,Supported,0.9,liver,6.8,liver,6.8,0.659,False,0.6638,False,0.6711,False,False
DUX4,ENSG00000260596,HPA v23,True,no data,0.97,duodenum,0.3,duodenum,0.3,1.0,True,1.0,True,1.0,True,False
TP53TG3B,ENSG00000261509,HPA v23,True,no data,0.97,epididymis,4.3,cerebellum,0.1,0.0,False,1.0,True,1.0,True,True
CORO7,ENSG00000262246,HPA v23,True,Uncertain,0.97,bone marrow,68.7,bone marrow,68.7,0.0585,False,0.158,False,0.1752,False,False
PCDHGA4,ENSG00000262576,HPA v23,True,no data,0.97,cerebral cortex,3.3,cerebral cortex,3.3,0.0263,False,0.1053,False,0.1053,False,False
C19orf84,ENSG00000262874,HPA v23,True,Uncertain,0.97,bone marrow,0.6,bone marrow,0.6,1.0,False,1.0,False,1.0,False,False
NDUFA7,ENSG00000267855,HPA v23,True,Enhanced,0.8,skeletal muscle,237.0,skeletal muscle,237.0,0.0233,False,0.1021,False,0.1131,False,False
ARL14EPL,ENSG00000268223,HPA v23,True,no data,0.97,bone marrow,0.3,bone marrow,0.3,1.0,True,1.0,True,1.0,True,False
HSFX2,ENSG00000268738,HPA v23,True,Supported,0.9,tongue,2.0,tongue,2.0,0.7097,False,0.729,False,0.729,False,False
CSAG2,ENSG00000268902,HPA v23,True,no data,0.97,lymph node,1.0,lymph node,1.0,1.0,True,1.0,True,1.0,True,False
CSAG3,ENSG00000268916,HPA v23,True,no data,0.97,spleen,2.2,spleen,2.2,0.6512,False,0.6512,False,0.6512,False,False
FAM236B,ENSG00000268994,HPA v23,True,no data,0.97,retina,1.2,retina,1.2,0.9958,True,0.9958,True,0.9958,True,False
NXF2,ENSG00000269405,HPA v23,True,no data,0.97,epididymis,14.8,pituitary gland,3.2,0.36,False,0.912,False,0.912,False,False
NXF2B,ENSG00000269437,HPA v23,True,no data,0.97,epididymis,14.8,pituitary gland,2.4,0.2796,False,0.9336,False,0.9336,False,False
DMRTC1,ENSG00000269502,HPA v23,True,no data,0.97,cerebral cortex,3.2,cerebral cortex,3.2,0.1852,False,0.2346,False,0.2346,False,False
HEATR9,ENSG00000270379,HPA v23,True,no data,0.97,spleen,0.4,spleen,0.4,1.0,True,1.0,True,1.0,True,False
PRAMEF5,ENSG00000270601,HPA v23,True,no data,0.97,adipose tissue,0.0,adipose tissue,0.0,1.0,True,1.0,True,1.0,True,False
KRTAP10-7,ENSG00000272804,HPA v23,True,no data,0.97,skin,13.8,skin,13.8,0.0,False,0.0,False,0.0,False,False
RBAK-RBAKDN,ENSG00000272968,HPA v23,True,no data,0.97,retina,1.0,retina,1.0,1.0,True,1.0,True,1.0,True,False
LYPD4,ENSG00000273111,HPA v23,True,no data,0.97,bone marrow,0.3,bone marrow,0.3,1.0,True,1.0,True,1.0,True,False
GOLGA6L1,ENSG00000273976,HPA v23,True,no data,0.97,cerebral cortex,0.5,cerebral cortex,0.5,1.0,True,1.0,True,1.0,True,False
OR4M2,ENSG00000274102,HPA v23,True,no data,0.97,adipose tissue,0.0,adipose tissue,0.0,1.0,True,1.0,True,1.0,True,False
H2AB1,ENSG00000274183,HPA v23,True,no data,0.97,bone marrow,0.6,bone marrow,0.6,1.0,True,1.0,True,1.0,True,False
TBC1D3D,ENSG00000274419,HPA v23,True,Approved,0.95,cerebellum,7.0,cerebellum,7.0,0.1151,False,0.2317,False,0.2417,False,False
RIMBP3B,ENSG00000274600,HPA v23,True,Supported,0.9,thymus,0.5,appendix,0.4,1.0,True,1.0,True,1.0,True,False
PRAMEF27,ENSG00000274764,HPA v23,True,no data,0.97,adipose tissue,0.0,adipose tissue,0.0,1.0,True,1.0,True,1.0,True,False
TBC1D3I,ENSG00000274933,HPA v23,True,Approved,0.95,bone marrow,0.9,bone marrow,0.9,1.0,True,1.0,True,1.0,True,False
ZNF280B,ENSG00000275004,HPA v23,True,no data,0.97,retina,3.2,retina,3.2,0.5143,False,0.5143,False,0.5143,False,False
ZNF2,ENSG00000275111,HPA v23,True,no data,0.97,parathyroid gland,3.7,parathyroid gland,3.7,0.0908,False,0.2606,False,0.2826,False,False
SPMAP1,ENSG00000275489,HPA v23,True,no data,0.97,adipose tissue,0.2,adipose tissue,0.2,1.0,True,1.0,True,1.0,True,False
FAM236A,ENSG00000275520,HPA v23,True,no data,0.97,lymph node,1.9,lymph node,1.9,0.9894,True,0.9894,True,0.9894,True,False
LYZL6,ENSG00000275722,HPA v23,True,Enhanced,0.8,skin,1.1,skin,1.1,0.9978,True,0.9978,True,0.9978,True,False
TBC1D3F,ENSG00000275954,HPA v23,True,no data,0.97,cerebellum,0.6,cerebellum,0.6,1.0,True,1.0,True,1.0,True,False
TADA2A,ENSG00000276234,HPA v23,True,no data,0.97,cerebellum,10.2,cerebellum,10.2,0.0764,False,0.2021,False,0.2192,False,False
OR4E1,ENSG00000276240,HPA v23,True,no data,0.97,appendix,0.1,appendix,0.1,1.0,True,1.0,True,1.0,True,False
ZNF670,ENSG00000277462,HPA v23,True,Uncertain,0.97,breast,2.3,adipose tissue,2.2,0.1111,False,0.2444,False,0.3022,False,False
H2AB3,ENSG00000277745,HPA v23,True,no data,0.97,spleen,1.4,spleen,1.4,0.9866,True,0.9866,True,0.9866,True,False
GOLGA6L22,ENSG00000277865,HPA v23,True,no data,0.97,cerebral cortex,0.1,cerebral cortex,0.1,1.0,True,1.0,True,1.0,True,False
TEX28,ENSG00000278057,HPA v23,True,no data,0.97,bone marrow,0.1,bone marrow,0.1,1.0,True,1.0,True,1.0,True,False
CT45A6,ENSG00000278289,HPA v23,True,Supported,0.9,basal ganglia,3.9,basal ganglia,3.9,0.0,False,0.0,False,0.0,False,False
ZNF229,ENSG00000278318,HPA v23,True,no data,0.97,retina,4.3,retina,4.3,0.1028,False,0.1963,False,0.1963,False,False
POTEB3,ENSG00000278522,HPA v23,True,no data,0.97,skin,0.2,skin,0.2,1.0,True,1.0,True,1.0,True,False
IQCA1L,ENSG00000278685,HPA v23,True,no data,0.97,skeletal muscle,0.1,skeletal muscle,0.1,1.0,True,1.0,True,1.0,True,False
PRAMEF13,ENSG00000279169,HPA v23,True,no data,0.97,adipose tissue,0.0,adipose tissue,0.0,1.0,True,1.0,True,1.0,True,False
ENSG00000283599,ENSG00000283599,HPA v23,True,no data,0.97,cerebral cortex,0.2,cerebral cortex,0.2,1.0,True,1.0,True,1.0,True,False
OR8B3,ENSG00000284609,HPA v23,True,no data,0.97,adipose tissue,0.0,adipose tissue,0.0,1.0,True,1.0,True,1.0,True,False
OR8B2,ENSG00000284680,HPA v23,True,no data,0.97,adipose tissue,0.0,adipose tissue,0.0,1.0,True,1.0,True,1.0,True,False
TMEM247,ENSG00000284701,HPA v23,True,Enhanced,0.8,adipose tissue,0.0,adipose tissue,0.0,1.0,True,1.0,True,1.0,True,False
OR8S1,ENSG00000284723,HPA v23,True,no data,0.97,duodenum,0.1,duodenum,0.1,1.0,True,1.0,True,1.0,True,False
TBCE,ENSG00000284770,HPA v23,True,Approved,0.95,skeletal muscle,8.4,skeletal muscle,8.4,0.0584,False,0.139,False,0.1571,False,False
ARHGAP11B,ENSG00000285077,HPA v23,True,no data,0.97,bone marrow,5.0,bone marrow,5.0,0.0,False,0.0,False,0.0,False,False
MSL3B,ENSG00000293137,HPA v23,False,no data,0.97,,,,,,False,,False,,False,False
H2BW2,ENSG00000101812,HPA v23,True,no data,0.97,thymus,1.9,smooth muscle,1.0,0.7097,False,0.7097,False,0.7097,False,False
PPP1R2C,ENSG00000102055,HPA v23,True,no data,0.97,retina,0.3,retina,0.3,1.0,True,1.0,True,1.0,True,False
TBX22,ENSG00000122145,HPA v23,True,no data,0.97,thyroid gland,4.6,thyroid gland,4.6,0.7313,False,0.7313,False,0.7313,False,False
CIMIP1,ENSG00000124237,HPA v23,True,Enhanced,0.8,fallopian tube,440.1,lung,24.7,0.1337,False,0.9472,False,0.9472,False,False
CCNB3,ENSG00000147082,HPA v23,True,no data,0.97,epididymis,4.6,spinal cord,2.5,0.47,False,0.83,False,0.83,False,False
NXF3,ENSG00000147206,HPA v23,True,Approved,0.95,fallopian tube,24.9,gallbladder,7.2,0.5282,False,0.8574,False,0.8574,False,False
GOLGA8F,ENSG00000153684,HPA v23,True,no data,0.97,basal ganglia,0.1,basal ganglia,0.1,1.0,True,1.0,True,1.0,True,False
SLC35G3,ENSG00000164729,HPA v23,True,no data,0.97,skeletal muscle,0.1,skeletal muscle,0.1,1.0,True,1.0,True,1.0,True,False
VWA3B,ENSG00000168658,HPA v23,True,Approved,0.95,fallopian tube,21.5,choroid plexus,9.1,0.4804,False,0.8296,False,0.8296,False,False
WFIKKN2,ENSG00000173714,HPA v23,True,no data,0.97,choroid plexus,1135.6,choroid plexus,1135.6,0.1108,False,0.1109,False,0.1109,False,False
CCDC197,ENSG00000175699,HPA v23,True,no data,0.97,skeletal muscle,1.0,skeletal muscle,1.0,1.0,True,1.0,True,1.0,True,False
OR4M2B,ENSG00000182974,HPA v23,True,no data,0.97,adipose tissue,0.0,adipose tissue,0.0,1.0,True,1.0,True,1.0,True,False
OR10D3,ENSG00000197309,HPA v23,True,no data,0.97,adipose tissue,0.0,adipose tissue,0.0,1.0,True,1.0,True,1.0,True,False
PNMA6E,ENSG00000214897,HPA v23,True,no data,0.97,epididymis,3.1,pituitary gland,0.3,0.8478,False,1.0,True,1.0,True,True
CENPVL1,ENSG00000223591,HPA v23,True,no data,0.97,basal ganglia,3.9,basal ganglia,3.9,0.0169,False,0.0169,False,0.0169,False,False
ETDB,ENSG00000224107,HPA v23,True,no data,0.97,bone marrow,0.3,bone marrow,0.3,1.0,True,1.0,True,1.0,True,False
SMIM10L2B-AS1,ENSG00000228372,HPA v23,False,no data,0.97,,,,,,False,,False,,False,False
TEX53,ENSG00000230054,HPA v23,True,no data,0.97,skin,0.4,skin,0.4,1.0,True,1.0,True,1.0,True,False
SSU72L6,ENSG00000230268,HPA v23,True,no data,0.97,adipose tissue,0.0,adipose tissue,0.0,1.0,True,1.0,True,1.0,True,False
IQCM,ENSG00000234828,HPA v23,True,no data,0.97,colon,0.3,colon,0.3,1.0,True,1.0,True,1.0,True,False
OR14A2,ENSG00000241128,HPA v23,True,no data,0.97,adipose tissue,0.0,adipose tissue,0.0,1.0,True,1.0,True,1.0,True,False
FOXL3,ENSG00000248767,HPA v23,True,no data,0.97,adipose tissue,0.0,adipose tissue,0.0,1.0,True,1.0,True,1.0,True,False
P3R3URF,ENSG00000250719,HPA v23,True,no data,0.97,breast,0.1,adipose tissue,0.0,1.0,True,1.0,True,1.0,True,False
TLE7,ENSG00000260734,HPA v23,True,no data,0.97,adipose tissue,0.0,adipose tissue,0.0,1.0,True,1.0,True,1.0,True,False
SMIM47,ENSG00000261341,HPA v23,True,no data,0.97,skin,8.7,skin,8.7,0.9579,False,0.9647,False,0.9647,False,False
GOLGA8S,ENSG00000261739,HPA v23,True,no data,0.97,pancreas,0.7,pancreas,0.7,1.0,True,1.0,True,1.0,True,False
SMIM36,ENSG00000261873,HPA v23,True,no data,0.97,retina,10.5,retina,10.5,0.1518,False,0.1518,False,0.1518,False,False
IGBP1C,ENSG00000266826,HPA v23,True,no data,0.97,prostate,0.1,adipose tissue,0.0,1.0,True,1.0,True,1.0,True,False
NFILZ,ENSG00000268480,HPA v23,True,no data,0.97,bone marrow,0.8,bone marrow,0.8,1.0,True,1.0,True,1.0,True,False
RBAKDN,ENSG00000273313,HPA v23,False,no data,0.97,,,,,,False,,False,,False,False
ANTXRL,ENSG00000274209,HPA v23,True,no data,0.97,bone marrow,1.0,bone marrow,1.0,1.0,True,1.0,True,1.0,True,False
PADI6,ENSG00000276747,HPA v23,True,no data,0.97,adipose tissue,0.0,adipose tissue,0.0,1.0,True,1.0,True,1.0,True,False
GSTT4,ENSG00000276950,HPA v23,True,no data,0.97,adipose tissue,0.0,adipose tissue,0.0,1.0,True,1.0,True,1.0,True,False
CT47C1,ENSG00000277535,HPA v23,True,Supported,0.9,adipose tissue,0.0,adipose tissue,0.0,1.0,True,1.0,True,1.0,True,False
OR4N4C,ENSG00000279408,HPA v23,True,no data,0.97,adipose tissue,0.0,adipose tissue,0.0,1.0,True,1.0,True,1.0,True,False
TEX13D,ENSG00000282419,HPA v23,True,no data,0.97,adipose tissue,0.0,adipose tissue,0.0,1.0,True,1.0,True,1.0,True,False
CENPVL2,ENSG00000283093,HPA v23,True,no data,0.97,basal ganglia,4.7,basal ganglia,4.7,0.0,False,0.0,False,0.0,False,False
ENSG00000283205,ENSG00000283205,HPA v23,True,no data,0.97,cervix,0.1,salivary gland,0.1,1.0,True,1.0,True,1.0,True,False
TEX54,ENSG00000283268,HPA v23,True,no data,0.97,salivary gland,1.8,salivary gland,1.8,0.9879,True,0.9879,True,0.9879,True,False
CSNK2A2IP,ENSG00000283434,HPA v23,True,no data,0.97,adipose tissue,0.0,adipose tissue,0.0,1.0,True,1.0,True,1.0,True,False
SPEM3,ENSG00000283439,HPA v23,True,no data,0.97,adipose tissue,0.0,adipose tissue,0.0,1.0,True,1.0,True,1.0,True,False
HSFX4,ENSG00000283463,HPA v23,True,no data,0.97,adrenal gland,2.7,adrenal gland,2.7,0.8889,False,0.8889,False,0.8889,False,False
LITAFD,ENSG00000283516,HPA v23,True,no data,0.97,bone marrow,0.3,bone marrow,0.3,1.0,True,1.0,True,1.0,True,False
FAM236C,ENSG00000283594,HPA v23,True,no data,0.97,adipose tissue,0.0,adipose tissue,0.0,1.0,True,1.0,True,1.0,True,False
HSFX3,ENSG00000283697,HPA v23,True,no data,0.97,adrenal gland,1.2,adrenal gland,1.2,0.9848,True,0.9848,True,0.9848,True,False
PMIS2,ENSG00000283758,HPA v23,True,no data,0.97,adipose tissue,0.0,adipose tissue,0.0,1.0,True,1.0,True,1.0,True,False
C1orf202,ENSG00000284188,HPA v23,True,no data,0.97,basal ganglia,0.3,basal ganglia,0.3,1.0,True,1.0,True,1.0,True,False
