cancer_code,source_cohort,source_project,source_version,source_pmid,source_type,source_scale_class,linear_tpm_comparable,tumor_origin,metastasis_site,processing_pipeline,notes,n_reference_genes,n_reference_samples,selected
ACC,TREEHOUSE_POLYA_25_01_TCGA_SAMPLES,Treehouse (TCGA samples),"Treehouse Childhood Cancer Initiative, Tumor Compendium 25.01 PolyA samples selected by TCGA provenance (released Jan 2025; clinical 20250131v1, TPM matrix 2025-02-27). GSE294351.; unit=log2(TPM+1); canonicalized with oncoref expression_engine; clean_tpm=16/9/75; clean_tpm_profile=treehouse_polya_25_01_median_v1",,treehouse-compendium,linear_rnaseq_tpm,True,mixed,,treehouse_polya_25_01_tcga_samples_log2_tpm_1_to_tpm_oncoref_canonical_clean_tpm_16_9_75,"TCGA-only subset of the Treehouse 25.01 PolyA compendium. Samples are selected by matching the Treehouse clinical disease label and requiring `th_dataset_id` to start with `TCGA`. This deliberately excludes GBM/LGG, SARC, and subtype cohorts that require additional cBioPortal, GDC, or histology side tables; those remain source-specific follow-ups under oncoref#296. Uses its own source_cohort so a future authoritative GDC STAR-counts build can coexist without clobbering Treehouse-derived artifacts.",34571,77,True
ACINIC,GSE294016_BARTL_2025_SGC,GEO,Bartl 2025 Supplementary Dataset 1 Table 1 diagnosis mapping; unit=TPM; canonicalized with oncoref expression_engine; clean_tpm=16/9/75; clean_tpm_profile=treehouse_polya_25_01_median_v1,,geo-matrix,linear_rnaseq_tpm,True,mixed,,gse294016_bartl_2025_diagnosis_split_tpm_to_tpm_oncoref_canonical_clean_tpm_16_9_75,"Bartl 2025 salivary-gland cancer bulk RNA-seq panel: 95 matrix rows from 93 RNA-sequenced patients. Supplementary Dataset 1 Table 1 routes ACC to ADCC (n=57, including repeated P-58 and P-77 biopsies) and AciCC to ACINIC (n=3). The remaining 35 adenocarcinoma, BCC, CEPA, MEC, SDC, mesenchymal, and other samples are excluded from histology-specific artifacts. The matrix is transposed (rows = samples, cols = versioned Ensembl IDs).",58951,3,True
ADCC,GSE294016_BARTL_2025_SGC,GEO,Bartl 2025 Supplementary Dataset 1 Table 1 diagnosis mapping; unit=TPM; canonicalized with oncoref expression_engine; clean_tpm=16/9/75; clean_tpm_profile=treehouse_polya_25_01_median_v1,,geo-matrix,linear_rnaseq_tpm,True,mixed,,gse294016_bartl_2025_diagnosis_split_tpm_to_tpm_oncoref_canonical_clean_tpm_16_9_75,"Bartl 2025 salivary-gland cancer bulk RNA-seq panel: 95 matrix rows from 93 RNA-sequenced patients. Supplementary Dataset 1 Table 1 routes ACC to ADCC (n=57, including repeated P-58 and P-77 biopsies) and AciCC to ACINIC (n=3). The remaining 35 adenocarcinoma, BCC, CEPA, MEC, SDC, mesenchymal, and other samples are excluded from histology-specific artifacts. The matrix is transposed (rows = samples, cols = versioned Ensembl IDs).",58951,57,True
ATRT,TREEHOUSE_POLYA_25_01,Treehouse,"Treehouse Childhood Cancer Initiative, Tumor Compendium 25.01 PolyA (released Jan 2025; clinical 20250131v1, TPM matrix 2025-02-27). GSE294351.; unit=log2(TPM+1); canonicalized with oncoref expression_engine; clean_tpm=16/9/75; clean_tpm_profile=treehouse_polya_25_01_median_v1",,treehouse-compendium,linear_rnaseq_tpm,True,mixed,,treehouse_polya_25_01_log2_tpm_1_to_tpm_oncoref_canonical_clean_tpm_16_9_75,"13,359 samples × 58,581 genes; matrix is RSEM log2(TPM+1) keyed by HUGO symbol. Builder inverse-transforms to TPM, subsets by `clinical.disease == <label>`, harmonizes HUGO to Ensembl release 112, sums TPM across symbols that collapse to the same ENSG, then applies the canonical 16/9/75 clean-TPM transform. Every measured censored gene receives the same Treehouse PolyA reference composition before stat summarization. Same builder is parameterized for every Treehouse cancer code listed above. Samples with TCGA provenance (~9,500 samples) are extracted from this same file by `scripts/sweep_treehouse_tcga_cohorts.py` and tagged `source_cohort=TREEHOUSE_POLYA_25_01_TCGA_SAMPLES` so a future authoritative GDC build can land alongside without clobbering.",34571,4,True
BCC,GSE125285_BCC_CSCC,GEO,GSE125285; PMID:33997165; unit=nCPM proxy; canonicalized with oncoref expression_engine; clean_tpm=16/9/75; clean_tpm_profile=treehouse_polya_25_01_median_v1,PMID:33997165,geo-rnaseq-cpm-proxy,bulk_rnaseq_cpm_proxy,False,primary,,gse125285_log2_cpm_inverse_ncpm_proxy_ensembl112_clean_tpm_16_9_75,"Select the 25 diagnosis-confirmed BCC tumors and 10 diagnosis-confirmed cSCC tumors from the 70-sample paired study; retain all 35 matched adjacent normals as explicit exclusions. Invert author log2(CPM+1) and rescale each tumor to nCPM. The result preserves within-sample ranks but lacks gene-length normalization, so it is neither bulk-TPM comparable nor, by itself, classification-ready.",15263,25,True
BL,CGCI_BLGSP,CGCI Burkitt Lymphoma Genome Sequencing Project,"GDC STAR - Counts, GENCODE v36; Ensembl IDs harmonized to Ensembl release 112; queried 2026-05-19; unit=TPM; canonicalized with oncoref expression_engine; clean_tpm=16/9/75; clean_tpm_profile=treehouse_polya_25_01_median_v1",,gdc,linear_rnaseq_tpm,True,primary,,gdc_star_counts_tpm_ensembl112_clean_tpm_16_9_75,Open GDC CGCI-BLGSP STAR-counts TPMs; one deterministic primary Burkitt/Burkitt-like tumor sample per case; source matrix n=184 and released reference artifacts use 182 sample_expression_qc_v3 pass samples.,60279,184,True
BLCA,TREEHOUSE_POLYA_25_01_TCGA_SAMPLES,Treehouse (TCGA samples),"Treehouse Childhood Cancer Initiative, Tumor Compendium 25.01 PolyA samples selected by TCGA provenance (released Jan 2025; clinical 20250131v1, TPM matrix 2025-02-27). GSE294351.; unit=log2(TPM+1); canonicalized with oncoref expression_engine; clean_tpm=16/9/75; clean_tpm_profile=treehouse_polya_25_01_median_v1",,treehouse-compendium,linear_rnaseq_tpm,True,mixed,,treehouse_polya_25_01_tcga_samples_log2_tpm_1_to_tpm_oncoref_canonical_clean_tpm_16_9_75,"TCGA-only subset of the Treehouse 25.01 PolyA compendium. Samples are selected by matching the Treehouse clinical disease label and requiring `th_dataset_id` to start with `TCGA`. This deliberately excludes GBM/LGG, SARC, and subtype cohorts that require additional cBioPortal, GDC, or histology side tables; those remain source-specific follow-ups under oncoref#296. Uses its own source_cohort so a future authoritative GDC STAR-counts build can coexist without clobbering Treehouse-derived artifacts.",34571,407,True
BRCA,TREEHOUSE_POLYA_25_01_TCGA_SAMPLES,Treehouse (TCGA samples),"Treehouse Childhood Cancer Initiative, Tumor Compendium 25.01 PolyA samples selected by TCGA provenance (released Jan 2025; clinical 20250131v1, TPM matrix 2025-02-27). GSE294351.; unit=log2(TPM+1); canonicalized with oncoref expression_engine; clean_tpm=16/9/75; clean_tpm_profile=treehouse_polya_25_01_median_v1",,treehouse-compendium,linear_rnaseq_tpm,True,mixed,,treehouse_polya_25_01_tcga_samples_log2_tpm_1_to_tpm_oncoref_canonical_clean_tpm_16_9_75,"TCGA-only subset of the Treehouse 25.01 PolyA compendium. Samples are selected by matching the Treehouse clinical disease label and requiring `th_dataset_id` to start with `TCGA`. This deliberately excludes GBM/LGG, SARC, and subtype cohorts that require additional cBioPortal, GDC, or histology side tables; those remain source-specific follow-ups under oncoref#296. Uses its own source_cohort so a future authoritative GDC STAR-counts build can coexist without clobbering Treehouse-derived artifacts.",34571,1099,True
BRCA_Basal,TREEHOUSE_POLYA_25_01_TCGA_BRCA_PAM50,Treehouse (TCGA-BRCA) x cBioPortal PAM50,"Treehouse Childhood Cancer Initiative, Tumor Compendium 25.01 PolyA, TCGA-BRCA subset split by cBioPortal PAM50 subtype calls from brca_tcga_pan_can_atlas_2018. PMID 29625050.; unit=log2(TPM+1); canonicalized with oncoref expression_engine; clean_tpm=16/9/75; clean_tpm_profile=treehouse_polya_25_01_median_v1",,treehouse-compendium,linear_rnaseq_tpm,True,primary,,treehouse_polya_25_01_tcga_brca_pam50_log2_tpm_1_to_tpm_oncoref_canonical_clean_tpm_16_9_75,Treehouse carries TCGA-BRCA samples in the parent breast invasive carcinoma disease bucket. This source joins each TCGA sample barcode prefix to cBioPortal PanCancer Atlas patient SUBTYPE calls and routes the five PAM50 cohorts separately. It uses a distinct source_cohort from the unsplit BRCA cohort so subtype-derived references remain auditable.,34571,172,True
BRCA_HER2,TREEHOUSE_POLYA_25_01_TCGA_BRCA_PAM50,Treehouse (TCGA-BRCA) x cBioPortal PAM50,"Treehouse Childhood Cancer Initiative, Tumor Compendium 25.01 PolyA, TCGA-BRCA subset split by cBioPortal PAM50 subtype calls from brca_tcga_pan_can_atlas_2018. PMID 29625050.; unit=log2(TPM+1); canonicalized with oncoref expression_engine; clean_tpm=16/9/75; clean_tpm_profile=treehouse_polya_25_01_median_v1",,treehouse-compendium,linear_rnaseq_tpm,True,primary,,treehouse_polya_25_01_tcga_brca_pam50_log2_tpm_1_to_tpm_oncoref_canonical_clean_tpm_16_9_75,Treehouse carries TCGA-BRCA samples in the parent breast invasive carcinoma disease bucket. This source joins each TCGA sample barcode prefix to cBioPortal PanCancer Atlas patient SUBTYPE calls and routes the five PAM50 cohorts separately. It uses a distinct source_cohort from the unsplit BRCA cohort so subtype-derived references remain auditable.,34571,77,True
BRCA_LumA,TREEHOUSE_POLYA_25_01_TCGA_BRCA_PAM50,Treehouse (TCGA-BRCA) x cBioPortal PAM50,"Treehouse Childhood Cancer Initiative, Tumor Compendium 25.01 PolyA, TCGA-BRCA subset split by cBioPortal PAM50 subtype calls from brca_tcga_pan_can_atlas_2018. PMID 29625050.; unit=log2(TPM+1); canonicalized with oncoref expression_engine; clean_tpm=16/9/75; clean_tpm_profile=treehouse_polya_25_01_median_v1",,treehouse-compendium,linear_rnaseq_tpm,True,primary,,treehouse_polya_25_01_tcga_brca_pam50_log2_tpm_1_to_tpm_oncoref_canonical_clean_tpm_16_9_75,Treehouse carries TCGA-BRCA samples in the parent breast invasive carcinoma disease bucket. This source joins each TCGA sample barcode prefix to cBioPortal PanCancer Atlas patient SUBTYPE calls and routes the five PAM50 cohorts separately. It uses a distinct source_cohort from the unsplit BRCA cohort so subtype-derived references remain auditable.,34571,501,True
BRCA_LumB,TREEHOUSE_POLYA_25_01_TCGA_BRCA_PAM50,Treehouse (TCGA-BRCA) x cBioPortal PAM50,"Treehouse Childhood Cancer Initiative, Tumor Compendium 25.01 PolyA, TCGA-BRCA subset split by cBioPortal PAM50 subtype calls from brca_tcga_pan_can_atlas_2018. PMID 29625050.; unit=log2(TPM+1); canonicalized with oncoref expression_engine; clean_tpm=16/9/75; clean_tpm_profile=treehouse_polya_25_01_median_v1",,treehouse-compendium,linear_rnaseq_tpm,True,primary,,treehouse_polya_25_01_tcga_brca_pam50_log2_tpm_1_to_tpm_oncoref_canonical_clean_tpm_16_9_75,Treehouse carries TCGA-BRCA samples in the parent breast invasive carcinoma disease bucket. This source joins each TCGA sample barcode prefix to cBioPortal PanCancer Atlas patient SUBTYPE calls and routes the five PAM50 cohorts separately. It uses a distinct source_cohort from the unsplit BRCA cohort so subtype-derived references remain auditable.,34571,199,True
BRCA_Normal,TREEHOUSE_POLYA_25_01_TCGA_BRCA_PAM50,Treehouse (TCGA-BRCA) x cBioPortal PAM50,"Treehouse Childhood Cancer Initiative, Tumor Compendium 25.01 PolyA, TCGA-BRCA subset split by cBioPortal PAM50 subtype calls from brca_tcga_pan_can_atlas_2018. PMID 29625050.; unit=log2(TPM+1); canonicalized with oncoref expression_engine; clean_tpm=16/9/75; clean_tpm_profile=treehouse_polya_25_01_median_v1",,treehouse-compendium,linear_rnaseq_tpm,True,primary,,treehouse_polya_25_01_tcga_brca_pam50_log2_tpm_1_to_tpm_oncoref_canonical_clean_tpm_16_9_75,Treehouse carries TCGA-BRCA samples in the parent breast invasive carcinoma disease bucket. This source joins each TCGA sample barcode prefix to cBioPortal PanCancer Atlas patient SUBTYPE calls and routes the five PAM50 cohorts separately. It uses a distinct source_cohort from the unsplit BRCA cohort so subtype-derived references remain auditable.,34571,35,True
BRCA_TNBC,TREEHOUSE_POLYA_25_01_TCGA_BRCA_TNBC,Treehouse (TCGA-BRCA) x cBioPortal receptor status,Treehouse 25.01 PolyA; BRCA source-v5.22.10; cBioPortal datahub 0cc9138746c08b304f8dac92c31983e0ef44af1d; unit=TPM; canonicalized with oncoref expression_engine; clean_tpm=16/9/75; clean_tpm_profile=treehouse_polya_25_01_median_v1,PMID:23000897,source-matrix-subset,linear_rnaseq_tpm,True,primary,,treehouse_polya_25_01_tcga_brca_tnbc_tpm_to_tpm_oncoref_canonical_clean_tpm_16_9_75,Exact column subset of the checksum-pinned released BRCA raw TPM matrix. Select primary tumor barcodes only and require reported ER-negative and PR-negative IHC plus negative HER2 resolved from IHC/FISH categories. Definite FISH resolves missing/equivocal/indeterminate IHC; conflicting definite IHC/FISH calls remain indeterminate. Never impute from PAM50 or expression. Preserve all parent samples and exclusion reasons in the membership audit. 157 primary TNBC tumors; 77 primary cases indeterminate. Overlaps the BRCA umbrella and PAM50 cohorts; never sum their counts. See docs/audits/brca-tnbc.md for pinned inputs and reproduction commands.,34571,157,True
B_ALL,TARGET_ALL_2018,TARGET ALL,https://portal.gdc.cancer.gov/projects/TARGET-ALL-P2; unit=TPM; canonicalized with oncoref expression_engine; clean_tpm=16/9/75; clean_tpm_profile=treehouse_polya_25_01_median_v1,,gdc,linear_rnaseq_tpm,True,primary,,gdc_star_counts_tpm_ensembl112_clean_tpm_16_9_75,"Three TARGET ALL phases merged. GDC diagnoses do not encode B/T lineage; the builder routes cases from the public Phase 1/2 sample-matrix ""Cell of origin"" comments.",60279,154,True
CESC,TREEHOUSE_POLYA_25_01_TCGA_SAMPLES,Treehouse (TCGA samples),"Treehouse Childhood Cancer Initiative, Tumor Compendium 25.01 PolyA samples selected by TCGA provenance (released Jan 2025; clinical 20250131v1, TPM matrix 2025-02-27). GSE294351.; unit=log2(TPM+1); canonicalized with oncoref expression_engine; clean_tpm=16/9/75; clean_tpm_profile=treehouse_polya_25_01_median_v1",,treehouse-compendium,linear_rnaseq_tpm,True,mixed,,treehouse_polya_25_01_tcga_samples_log2_tpm_1_to_tpm_oncoref_canonical_clean_tpm_16_9_75,"TCGA-only subset of the Treehouse 25.01 PolyA compendium. Samples are selected by matching the Treehouse clinical disease label and requiring `th_dataset_id` to start with `TCGA`. This deliberately excludes GBM/LGG, SARC, and subtype cohorts that require additional cBioPortal, GDC, or histology side tables; those remain source-specific follow-ups under oncoref#296. Uses its own source_cohort so a future authoritative GDC STAR-counts build can coexist without clobbering Treehouse-derived artifacts.",34571,306,True
CHOL,TREEHOUSE_POLYA_25_01_TCGA_SAMPLES,Treehouse (TCGA samples),"Treehouse Childhood Cancer Initiative, Tumor Compendium 25.01 PolyA samples selected by TCGA provenance (released Jan 2025; clinical 20250131v1, TPM matrix 2025-02-27). GSE294351.; unit=log2(TPM+1); canonicalized with oncoref expression_engine; clean_tpm=16/9/75; clean_tpm_profile=treehouse_polya_25_01_median_v1",,treehouse-compendium,linear_rnaseq_tpm,True,mixed,,treehouse_polya_25_01_tcga_samples_log2_tpm_1_to_tpm_oncoref_canonical_clean_tpm_16_9_75,"TCGA-only subset of the Treehouse 25.01 PolyA compendium. Samples are selected by matching the Treehouse clinical disease label and requiring `th_dataset_id` to start with `TCGA`. This deliberately excludes GBM/LGG, SARC, and subtype cohorts that require additional cBioPortal, GDC, or histology side tables; those remain source-specific follow-ups under oncoref#296. Uses its own source_cohort so a future authoritative GDC STAR-counts build can coexist without clobbering Treehouse-derived artifacts.",34571,36,True
CLL,CLLMAP_2022,CLL-map,https://data.broadinstitute.org/cllmap/downloads.html; unit=TPM; canonicalized with oncoref expression_engine; clean_tpm=16/9/75; clean_tpm_profile=treehouse_polya_25_01_median_v1,,geo-matrix,linear_rnaseq_tpm,True,primary,,cllmap_raw_tpm_gencode19_ensembl112_clean_tpm_16_9_75,Single bundled TPM TSV; GENCODE v19 IDs harmonized to Ensembl 112.,52078,708,True
CML,GSE100026_DING_2017,GEO,GSE100026 (Ding 2017); unit=RPKM; canonicalized with oncoref expression_engine; clean_tpm=16/9/75; clean_tpm_profile=treehouse_polya_25_01_median_v1,,geo-matrix,linear_rnaseq_tpm,True,primary,,geo_heme_expression_ensembl112_clean_tpm_16_9_75,"Peripheral blood mononuclear cells; chronic-phase CML samples only (title prefix CML-CP); RPKM → TPM within retained, uniquely Ensembl-harmonized genes.",19297,5,True
CMN,GSE11482_GADD_2010_CMN,GEO,PMID 20212451 (Gadd 2010 pediatric renal tumors); unit=TPM proxy; canonicalized with oncoref expression_engine; clean_tpm=16/9/75; clean_tpm_profile=treehouse_polya_25_01_median_v1,,geo-microarray,microarray_tpm_proxy,False,primary,,GPL96 series-matrix log2 intensity to TPM proxy; Ensembl 112,Twelve pretreatment cellular CMNs with at least 80% viable tumor. Affymetrix HG-U133A intensity is converted to a within-sample TPM proxy for cross-platform marker and rank validation. It is not absolute RNA-seq TPM and must not be pooled into RNA-seq centroids.,13393,12,True
CMN,TREEHOUSE_RIBOD_25_01,Treehouse,"Treehouse Childhood Cancer Initiative, Tumor Compendium 25.01 RiboDeplete (released Jan 2025; TPM matrix 2025-03-19). GSE294353.; unit=log2(TPM+1); canonicalized with oncoref expression_engine; clean_tpm=16/9/75; clean_tpm_profile=treehouse_polya_25_01_median_v1",,treehouse-compendium,linear_rnaseq_tpm,True,mixed,,treehouse_ribod_25_01_log2_tpm_1_to_tpm_oncoref_canonical_clean_tpm_16_9_75,"RiboD (ribo-depleted) sibling of treehouse-polya-25-01; 2,079 samples. Same builder works after pointing `--cache-dir` / `--tpm-file` / `--clinical-file` at the RiboD files. For raw values for genes in the single global technical-RNA panel can differ from PolyA by more than 10x. Clean TPM replaces that 9% compartment with the Treehouse PolyA reference composition for every assay. The physical cohorts remain separate source_cohort tags because clean TPM does not make the assays physically equivalent.",34476,1,False
COAD,TREEHOUSE_POLYA_25_01_TCGA_SAMPLES,Treehouse (TCGA samples),"Treehouse Childhood Cancer Initiative, Tumor Compendium 25.01 PolyA samples selected by TCGA provenance (released Jan 2025; clinical 20250131v1, TPM matrix 2025-02-27). GSE294351.; unit=log2(TPM+1); canonicalized with oncoref expression_engine; clean_tpm=16/9/75; clean_tpm_profile=treehouse_polya_25_01_median_v1",,treehouse-compendium,linear_rnaseq_tpm,True,mixed,,treehouse_polya_25_01_tcga_samples_log2_tpm_1_to_tpm_oncoref_canonical_clean_tpm_16_9_75,"TCGA-only subset of the Treehouse 25.01 PolyA compendium. Samples are selected by matching the Treehouse clinical disease label and requiring `th_dataset_id` to start with `TCGA`. This deliberately excludes GBM/LGG, SARC, and subtype cohorts that require additional cBioPortal, GDC, or histology side tables; those remain source-specific follow-ups under oncoref#296. Uses its own source_cohort so a future authoritative GDC STAR-counts build can coexist without clobbering Treehouse-derived artifacts.",34571,290,True
COAD_MSI,TREEHOUSE_POLYA_25_01_TCGA_COADREAD_MSI,Treehouse (TCGA-COAD/READ) x cBioPortal MSIsensor,"Treehouse Childhood Cancer Initiative, Tumor Compendium 25.01 PolyA, TCGA-COAD/READ subset split by cBioPortal MSIsensor score from coadread_tcga_pan_can_atlas_2018. PMID 26028255.; unit=log2(TPM+1); canonicalized with oncoref expression_engine; clean_tpm=16/9/75; clean_tpm_profile=treehouse_polya_25_01_median_v1",,treehouse-compendium,linear_rnaseq_tpm,True,primary,,treehouse_polya_25_01_tcga_coadread_msi_log2_tpm_1_to_tpm_oncoref_canonical_clean_tpm_16_9_75,"Treehouse carries TCGA-COAD and TCGA-READ samples in separate colon and rectum disease buckets. This source joins each TCGA sample barcode prefix to cBioPortal PanCancer Atlas sample-level MSIsensor scores and routes MSI-H as MSI_SENSOR_SCORE >= 10, matching the existing oncoref TREEHOUSE_POLYA_25_01_TCGA_COADREAD_MSI source-cohort provenance. MSS rows use MSI_SENSOR_SCORE < 10.",34571,50,True
COAD_MSS,TREEHOUSE_POLYA_25_01_TCGA_COADREAD_MSI,Treehouse (TCGA-COAD/READ) x cBioPortal MSIsensor,"Treehouse Childhood Cancer Initiative, Tumor Compendium 25.01 PolyA, TCGA-COAD/READ subset split by cBioPortal MSIsensor score from coadread_tcga_pan_can_atlas_2018. PMID 26028255.; unit=log2(TPM+1); canonicalized with oncoref expression_engine; clean_tpm=16/9/75; clean_tpm_profile=treehouse_polya_25_01_median_v1",,treehouse-compendium,linear_rnaseq_tpm,True,primary,,treehouse_polya_25_01_tcga_coadread_msi_log2_tpm_1_to_tpm_oncoref_canonical_clean_tpm_16_9_75,"Treehouse carries TCGA-COAD and TCGA-READ samples in separate colon and rectum disease buckets. This source joins each TCGA sample barcode prefix to cBioPortal PanCancer Atlas sample-level MSIsensor scores and routes MSI-H as MSI_SENSOR_SCORE >= 10, matching the existing oncoref TREEHOUSE_POLYA_25_01_TCGA_COADREAD_MSI source-cohort provenance. MSS rows use MSI_SENSOR_SCORE < 10.",34571,226,True
CRANIO,OPENPBTA_V23_CBTN_CRANIO,OpenPBTA,release-v23-20230115; unit=RSEM TPM; canonicalized with oncoref expression_engine; clean_tpm=16/9/75; clean_tpm_profile=treehouse_polya_25_01_median_v1,PMID:37492101,openpbta-rnaseq-rsem,linear_rnaseq_tpm,True,primary,,openpbta_v23_primary_cranio_stranded_rsem_tpm_ensembl112_clean_tpm_16_9_75,"Select the 29 independent CBTN solid-tissue initial CNS tumors harmonized by OpenPBTA as craniopharyngioma, all from the stranded RSEM-TPM matrix. Retain three recurrent and four progressive craniopharyngiomas as explicit exclusions. Twenty selected tumors are adamantinomatous and nine are not molecularly classified; no papillary tumors are represented, so subtype status is never inferred. This direct pediatric cohort remains reference-only rather than independently classification-ready.",56697,29,True
CTCL,GSE171811_ECCITE_CTCL,GEO,GSE171811 (ECCITE-seq CTCL); unit=nTPM (pseudobulk); canonicalized with oncoref expression_engine; clean_tpm=16/9/75; clean_tpm_profile=treehouse_polya_25_01_median_v1,,geo,scrna_tcr_pseudobulk_ntpm,False,primary,,gse171811_ctcl_scrna_tcrb_pseudobulk_ntpm_ensembl112_clean_tpm_16_9_75,scRNA + TCR-β ECCITE-seq; pseudobulk per donor; output is nTPM.,17004,7,True
DIPG,OPENPBTA_V23_DIPG_H3K27,OpenPBTA,release-v23-20230115; unit=RSEM TPM; canonicalized with oncoref expression_engine; clean_tpm=16/9/75; clean_tpm_profile=treehouse_polya_25_01_median_v1,PMID:37492101,openpbta-rnaseq-rsem,linear_rnaseq_tpm,True,primary,,openpbta_v23_primary_dipg_h3k27_polya_stranded_rsem_tpm_ensembl112_clean_tpm_16_9_75,"Select one initial solid-tumor profile for each of 32 independent donors whose pathology diagnosis is diffuse intrinsic pontine glioma and whose OpenPBTA integrated and harmonized diagnoses are both H3 K28-mutant (the source label for the canonical H3 K27-altered entity). Prefer the original poly-A profile when the same donor also has a stranded library. Retain all 51 RNA-sequenced DIPG-pathology specimens in the audit manifest, explicitly excluding 13 without the canonical H3-altered diagnosis, four non-initial H3-altered tumors, and two duplicate-library profiles. The mixed-library direct cohort remains reference-only rather than independently classification-ready.",56697,32,True
DLBC,TREEHOUSE_POLYA_25_01_TCGA_SAMPLES,Treehouse (TCGA samples),"Treehouse Childhood Cancer Initiative, Tumor Compendium 25.01 PolyA samples selected by TCGA provenance (released Jan 2025; clinical 20250131v1, TPM matrix 2025-02-27). GSE294351.; unit=log2(TPM+1); canonicalized with oncoref expression_engine; clean_tpm=16/9/75; clean_tpm_profile=treehouse_polya_25_01_median_v1",,treehouse-compendium,linear_rnaseq_tpm,True,mixed,,treehouse_polya_25_01_tcga_samples_log2_tpm_1_to_tpm_oncoref_canonical_clean_tpm_16_9_75,"TCGA-only subset of the Treehouse 25.01 PolyA compendium. Samples are selected by matching the Treehouse clinical disease label and requiring `th_dataset_id` to start with `TCGA`. This deliberately excludes GBM/LGG, SARC, and subtype cohorts that require additional cBioPortal, GDC, or histology side tables; those remain source-specific follow-ups under oncoref#296. Uses its own source_cohort so a future authoritative GDC STAR-counts build can coexist without clobbering Treehouse-derived artifacts.",34571,47,True
EPN,GSE141460_GOJO_2020_EPN,GEO,GSE141460; Gojo et al. Cancer Cell 2020; PMID:32663469; PMC7479515; unit=nTPM (malignant-cell mean pseudobulk); canonicalized with oncoref expression_engine; clean_tpm=16/9/75; clean_tpm_profile=treehouse_polya_25_01_median_v1,PMID:32663469,geo-scrna-pseudobulk,scrna_malignant_cell_mean_tpm_pseudobulk,False,primary,,gse141460_diagnosis_malignant_cell_mean_tpm_pseudobulk_ensembl112_clean_tpm_16_9_75,"Join the 28 patient tissue matrices to checksum-pinned clinical Table S1. Retain only the 11 diagnosis-stage specimens containing author-labeled malignant cells; preserve 15 recurrent specimens and two diagnostic normal-only specimens as explicit exclusions. Average author per-cell TPM within each included patient and rescale to nTPM. Exclude cell lines and PDXs. The direct EPN pseudobulk is neither bulk-TPM comparable nor, by itself, classification-ready.",21864,11,True
ESCA,TREEHOUSE_POLYA_25_01_TCGA_SAMPLES,Treehouse (TCGA samples),"Treehouse Childhood Cancer Initiative, Tumor Compendium 25.01 PolyA samples selected by TCGA provenance (released Jan 2025; clinical 20250131v1, TPM matrix 2025-02-27). GSE294351.; unit=log2(TPM+1); canonicalized with oncoref expression_engine; clean_tpm=16/9/75; clean_tpm_profile=treehouse_polya_25_01_median_v1",,treehouse-compendium,linear_rnaseq_tpm,True,mixed,,treehouse_polya_25_01_tcga_samples_log2_tpm_1_to_tpm_oncoref_canonical_clean_tpm_16_9_75,"TCGA-only subset of the Treehouse 25.01 PolyA compendium. Samples are selected by matching the Treehouse clinical disease label and requiring `th_dataset_id` to start with `TCGA`. This deliberately excludes GBM/LGG, SARC, and subtype cohorts that require additional cBioPortal, GDC, or histology side tables; those remain source-specific follow-ups under oncoref#296. Uses its own source_cohort so a future authoritative GDC STAR-counts build can coexist without clobbering Treehouse-derived artifacts.",34571,182,True
FL,GSE142334_FL_TFL_2021,GEO,PMID 33569544 (FL/tFL paired bulk RNA-seq); unit=raw_counts; canonicalized with oncoref expression_engine; clean_tpm=16/9/75; clean_tpm_profile=treehouse_polya_25_01_median_v1,,geo-matrix,linear_rnaseq_tpm,True,primary,,gse142334_fl_tfl_2021_raw_counts_to_tpm_oncoref_canonical_clean_tpm_16_9_75,Paired biopsies; 6 FL (sample IDs end F) used; 6 transformed-FL (suffix T) excluded by sample_filter. HTSeq raw counts (Ensembl with version suffix) → length-normalized → per-sample TPM.,51382,6,True
GBC,GSE139682_GBC,GEO,GSE139682; PMID:31792210; unit=RPKM-derived TPM; canonicalized with oncoref expression_engine; clean_tpm=16/9/75; clean_tpm_profile=treehouse_polya_25_01_median_v1,PMID:31792210,geo-rnaseq-rpkm,linear_rnaseq_tpm,True,primary,,gse139682_rpkm_to_tpm_ensembl112_clean_tpm_16_9_75,Select all 10 primary gallbladder tumors and retain all 10 matched normal gallbladder samples as explicit exclusions. Renormalize author RPKM to TPM within each tumor sample. This direct n=10 reference is kept reference-only rather than treated as independently classification-ready.,30708,10,True
GBM,TREEHOUSE_POLYA_25_01_TCGA_SAMPLES,Treehouse (TCGA samples),"Treehouse Childhood Cancer Initiative, Tumor Compendium 25.01 PolyA, TCGA glioma subset split by GDC project assignment. GSE294351.; unit=log2(TPM+1); canonicalized with oncoref expression_engine; clean_tpm=16/9/75; clean_tpm_profile=treehouse_polya_25_01_median_v1",,treehouse-compendium,linear_rnaseq_tpm,True,mixed,,treehouse_polya_25_01_tcga_glioma_split_log2_tpm_1_to_tpm_oncoref_canonical_clean_tpm_16_9_75,"Treehouse labels TCGA-GBM and TCGA-LGG samples with the shared disease label `glioma`. This source splits that bucket by joining each Treehouse TCGA sample barcode prefix to a cached GDC case-to-project lookup, then routes TCGA-GBM and TCGA-LGG separately. It uses the same source_cohort as the direct Treehouse TCGA sample cohort so downstream source comparisons can treat it as part of the same Treehouse-reprocessed TCGA expression origin.",34571,166,True
HCL,ZENODO_14917813_BOHN_2026_HCL,Zenodo,Bohn et al. Blood Advances 2026; PMID:42200459; DOI:10.1182/bloodadvances.2025019057; unit=nTPM (pseudobulk); canonicalized with oncoref expression_engine; clean_tpm=16/9/75; clean_tpm_profile=treehouse_polya_25_01_median_v1,PMID:42200459,zenodo,scrna_malignant_cell_pseudobulk_ntpm,False,primary,,zenodo_14917813_hcl_t0_malignant_cell_pseudobulk_ntpm_ensembl112_clean_tpm_16_9_75,"Use the published T0 matrix only; rename artifact-local sample IDs to donor IDs P2-P6, retain P1 as excluded because it has no T0 pseudobulk, and do not infer per-donor BRAF V600E status. Author-annotated malignant HCL-cell UMIs are pseudobulked per donor and scaled to nTPM. The proxy scale is not bulk-TPM comparable or independently classification-ready.",14798,5,True
HEPB,TREEHOUSE_POLYA_25_01,Treehouse,"Treehouse Childhood Cancer Initiative, Tumor Compendium 25.01 PolyA (released Jan 2025; clinical 20250131v1, TPM matrix 2025-02-27). GSE294351.; unit=log2(TPM+1); canonicalized with oncoref expression_engine; clean_tpm=16/9/75; clean_tpm_profile=treehouse_polya_25_01_median_v1",,treehouse-compendium,linear_rnaseq_tpm,True,mixed,,treehouse_polya_25_01_log2_tpm_1_to_tpm_oncoref_canonical_clean_tpm_16_9_75,"13,359 samples × 58,581 genes; matrix is RSEM log2(TPM+1) keyed by HUGO symbol. Builder inverse-transforms to TPM, subsets by `clinical.disease == <label>`, harmonizes HUGO to Ensembl release 112, sums TPM across symbols that collapse to the same ENSG, then applies the canonical 16/9/75 clean-TPM transform. Every measured censored gene receives the same Treehouse PolyA reference composition before stat summarization. Same builder is parameterized for every Treehouse cancer code listed above. Samples with TCGA provenance (~9,500 samples) are extracted from this same file by `scripts/sweep_treehouse_tcga_cohorts.py` and tagged `source_cohort=TREEHOUSE_POLYA_25_01_TCGA_SAMPLES` so a future authoritative GDC build can land alongside without clobbering.",34571,20,True
HL,GSE120328_LAMPRECHT_2018,GEO,Lamprecht 2018 PMID 30546079 (cHL LCM bulk RNA-seq); unit=recount3 Gencode-v26 coverage gene-sums; canonicalized with oncoref expression_engine; clean_tpm=16/9/75; clean_tpm_profile=treehouse_polya_25_01_median_v1,,recount3,linear_rnaseq_tpm,True,primary,,gse120328_lamprecht_2018_recount3_gencode_v26_coverage_gene_sums_to_tpm_oncoref_canonical_clean_tpm_16_9_75,"Lamprecht 2018 (cHL): LCM-enriched HRS tumour cells (sample titles _TU; 5 paired non-tumour _NTC dropped → n=5). Rebuilt from recount3 (SRP162356, Gencode v26) for coverage-complete genes — see docs/recount3-integration.md. HRS-cell-specific not whole-tumour — flag for TME comparisons. Supersedes the FPKM author-matrix build (scripts/build_geo_matrix.py).",60464,5,True
HNSC,TREEHOUSE_POLYA_25_01_TCGA_SAMPLES,Treehouse (TCGA samples),"Treehouse Childhood Cancer Initiative, Tumor Compendium 25.01 PolyA samples selected by TCGA provenance (released Jan 2025; clinical 20250131v1, TPM matrix 2025-02-27). GSE294351.; unit=log2(TPM+1); canonicalized with oncoref expression_engine; clean_tpm=16/9/75; clean_tpm_profile=treehouse_polya_25_01_median_v1",,treehouse-compendium,linear_rnaseq_tpm,True,mixed,,treehouse_polya_25_01_tcga_samples_log2_tpm_1_to_tpm_oncoref_canonical_clean_tpm_16_9_75,"TCGA-only subset of the Treehouse 25.01 PolyA compendium. Samples are selected by matching the Treehouse clinical disease label and requiring `th_dataset_id` to start with `TCGA`. This deliberately excludes GBM/LGG, SARC, and subtype cohorts that require additional cBioPortal, GDC, or histology side tables; those remain source-specific follow-ups under oncoref#296. Uses its own source_cohort so a future authoritative GDC STAR-counts build can coexist without clobbering Treehouse-derived artifacts.",34571,520,True
HNSC_HPVneg,TREEHOUSE_POLYA_25_01_TCGA_HNSC_HPV,Treehouse (TCGA-HNSC) x cBioPortal HPV,"Treehouse Childhood Cancer Initiative, Tumor Compendium 25.01 PolyA, TCGA-HNSC subset split by cBioPortal HPV subtype calls from hnsc_tcga_pan_can_atlas_2018. PMID 27568064.; unit=log2(TPM+1); canonicalized with oncoref expression_engine; clean_tpm=16/9/75; clean_tpm_profile=treehouse_polya_25_01_median_v1",,treehouse-compendium,linear_rnaseq_tpm,True,primary,,treehouse_polya_25_01_tcga_hnsc_hpv_log2_tpm_1_to_tpm_oncoref_canonical_clean_tpm_16_9_75,Treehouse carries TCGA-HNSC samples in the parent head and neck squamous cell carcinoma disease bucket. This source joins each TCGA sample barcode prefix to cBioPortal PanCancer Atlas patient SUBTYPE calls and routes HPV-negative and HPV-positive cohorts separately. It uses a distinct source_cohort from the unsplit HNSC cohort so subtype-derived references remain auditable.,34571,415,True
HNSC_HPVpos,TREEHOUSE_POLYA_25_01_TCGA_HNSC_HPV,Treehouse (TCGA-HNSC) x cBioPortal HPV,"Treehouse Childhood Cancer Initiative, Tumor Compendium 25.01 PolyA, TCGA-HNSC subset split by cBioPortal HPV subtype calls from hnsc_tcga_pan_can_atlas_2018. PMID 27568064.; unit=log2(TPM+1); canonicalized with oncoref expression_engine; clean_tpm=16/9/75; clean_tpm_profile=treehouse_polya_25_01_median_v1",,treehouse-compendium,linear_rnaseq_tpm,True,primary,,treehouse_polya_25_01_tcga_hnsc_hpv_log2_tpm_1_to_tpm_oncoref_canonical_clean_tpm_16_9_75,Treehouse carries TCGA-HNSC samples in the parent head and neck squamous cell carcinoma disease bucket. This source joins each TCGA sample barcode prefix to cBioPortal PanCancer Atlas patient SUBTYPE calls and routes HPV-negative and HPV-positive cohorts separately. It uses a distinct source_cohort from the unsplit HNSC cohort so subtype-derived references remain auditable.,34571,72,True
KICH,TREEHOUSE_POLYA_25_01_TCGA_SAMPLES,Treehouse (TCGA samples),"Treehouse Childhood Cancer Initiative, Tumor Compendium 25.01 PolyA samples selected by TCGA provenance (released Jan 2025; clinical 20250131v1, TPM matrix 2025-02-27). GSE294351.; unit=log2(TPM+1); canonicalized with oncoref expression_engine; clean_tpm=16/9/75; clean_tpm_profile=treehouse_polya_25_01_median_v1",,treehouse-compendium,linear_rnaseq_tpm,True,mixed,,treehouse_polya_25_01_tcga_samples_log2_tpm_1_to_tpm_oncoref_canonical_clean_tpm_16_9_75,"TCGA-only subset of the Treehouse 25.01 PolyA compendium. Samples are selected by matching the Treehouse clinical disease label and requiring `th_dataset_id` to start with `TCGA`. This deliberately excludes GBM/LGG, SARC, and subtype cohorts that require additional cBioPortal, GDC, or histology side tables; those remain source-specific follow-ups under oncoref#296. Uses its own source_cohort so a future authoritative GDC STAR-counts build can coexist without clobbering Treehouse-derived artifacts.",34571,66,True
KIRC,TREEHOUSE_POLYA_25_01_TCGA_SAMPLES,Treehouse (TCGA samples),"Treehouse Childhood Cancer Initiative, Tumor Compendium 25.01 PolyA samples selected by TCGA provenance (released Jan 2025; clinical 20250131v1, TPM matrix 2025-02-27). GSE294351.; unit=log2(TPM+1); canonicalized with oncoref expression_engine; clean_tpm=16/9/75; clean_tpm_profile=treehouse_polya_25_01_median_v1",,treehouse-compendium,linear_rnaseq_tpm,True,mixed,,treehouse_polya_25_01_tcga_samples_log2_tpm_1_to_tpm_oncoref_canonical_clean_tpm_16_9_75,"TCGA-only subset of the Treehouse 25.01 PolyA compendium. Samples are selected by matching the Treehouse clinical disease label and requiring `th_dataset_id` to start with `TCGA`. This deliberately excludes GBM/LGG, SARC, and subtype cohorts that require additional cBioPortal, GDC, or histology side tables; those remain source-specific follow-ups under oncoref#296. Uses its own source_cohort so a future authoritative GDC STAR-counts build can coexist without clobbering Treehouse-derived artifacts.",34571,531,True
KIRP,TREEHOUSE_POLYA_25_01_TCGA_SAMPLES,Treehouse (TCGA samples),"Treehouse Childhood Cancer Initiative, Tumor Compendium 25.01 PolyA samples selected by TCGA provenance (released Jan 2025; clinical 20250131v1, TPM matrix 2025-02-27). GSE294351.; unit=log2(TPM+1); canonicalized with oncoref expression_engine; clean_tpm=16/9/75; clean_tpm_profile=treehouse_polya_25_01_median_v1",,treehouse-compendium,linear_rnaseq_tpm,True,mixed,,treehouse_polya_25_01_tcga_samples_log2_tpm_1_to_tpm_oncoref_canonical_clean_tpm_16_9_75,"TCGA-only subset of the Treehouse 25.01 PolyA compendium. Samples are selected by matching the Treehouse clinical disease label and requiring `th_dataset_id` to start with `TCGA`. This deliberately excludes GBM/LGG, SARC, and subtype cohorts that require additional cBioPortal, GDC, or histology side tables; those remain source-specific follow-ups under oncoref#296. Uses its own source_cohort so a future authoritative GDC STAR-counts build can coexist without clobbering Treehouse-derived artifacts.",34571,289,True
LAML,TREEHOUSE_POLYA_25_01_TCGA_SAMPLES,Treehouse (TCGA samples),"Treehouse Childhood Cancer Initiative, Tumor Compendium 25.01 PolyA samples selected by TCGA provenance (released Jan 2025; clinical 20250131v1, TPM matrix 2025-02-27). GSE294351.; unit=log2(TPM+1); canonicalized with oncoref expression_engine; clean_tpm=16/9/75; clean_tpm_profile=treehouse_polya_25_01_median_v1",,treehouse-compendium,linear_rnaseq_tpm,True,mixed,,treehouse_polya_25_01_tcga_samples_log2_tpm_1_to_tpm_oncoref_canonical_clean_tpm_16_9_75,"TCGA-only subset of the Treehouse 25.01 PolyA compendium. Samples are selected by matching the Treehouse clinical disease label and requiring `th_dataset_id` to start with `TCGA`. This deliberately excludes GBM/LGG, SARC, and subtype cohorts that require additional cBioPortal, GDC, or histology side tables; those remain source-specific follow-ups under oncoref#296. Uses its own source_cohort so a future authoritative GDC STAR-counts build can coexist without clobbering Treehouse-derived artifacts.",34571,173,True
LAML_APL,BEATAML_OHSU_2022,BeatAML 1.0,BeatAML 2.0 (Bottomly 2022); unit=TPM; canonicalized with oncoref expression_engine; clean_tpm=16/9/75; clean_tpm_profile=treehouse_polya_25_01_median_v1,,gdc,linear_rnaseq_tpm,True,primary,,gdc_beataml_star_counts_tpm_ensembl112_clean_tpm_16_9_75,Summary-only import; subgrouped by ELN risk and APL. Per-sample data is available from BeatAML2 — backfill candidate for the full rebuild.,60279,20,True
LAML_ELNadv,BEATAML_OHSU_2022,BeatAML 1.0,BeatAML 2.0 (Bottomly 2022); unit=TPM; canonicalized with oncoref expression_engine; clean_tpm=16/9/75; clean_tpm_profile=treehouse_polya_25_01_median_v1,,gdc,linear_rnaseq_tpm,True,primary,,gdc_beataml_star_counts_tpm_ensembl112_clean_tpm_16_9_75,Summary-only import; subgrouped by ELN risk and APL. Per-sample data is available from BeatAML2 — backfill candidate for the full rebuild.,60279,189,True
LAML_ELNfav,BEATAML_OHSU_2022,BeatAML 1.0,BeatAML 2.0 (Bottomly 2022); unit=TPM; canonicalized with oncoref expression_engine; clean_tpm=16/9/75; clean_tpm_profile=treehouse_polya_25_01_median_v1,,gdc,linear_rnaseq_tpm,True,primary,,gdc_beataml_star_counts_tpm_ensembl112_clean_tpm_16_9_75,Summary-only import; subgrouped by ELN risk and APL. Per-sample data is available from BeatAML2 — backfill candidate for the full rebuild.,60279,238,True
LAML_ELNint,BEATAML_OHSU_2022,BeatAML 1.0,BeatAML 2.0 (Bottomly 2022); unit=TPM; canonicalized with oncoref expression_engine; clean_tpm=16/9/75; clean_tpm_profile=treehouse_polya_25_01_median_v1,,gdc,linear_rnaseq_tpm,True,primary,,gdc_beataml_star_counts_tpm_ensembl112_clean_tpm_16_9_75,Summary-only import; subgrouped by ELN risk and APL. Per-sample data is available from BeatAML2 — backfill candidate for the full rebuild.,60279,154,True
LGG,TREEHOUSE_POLYA_25_01_TCGA_SAMPLES,Treehouse (TCGA samples),"Treehouse Childhood Cancer Initiative, Tumor Compendium 25.01 PolyA, TCGA glioma subset split by GDC project assignment. GSE294351.; unit=log2(TPM+1); canonicalized with oncoref expression_engine; clean_tpm=16/9/75; clean_tpm_profile=treehouse_polya_25_01_median_v1",,treehouse-compendium,linear_rnaseq_tpm,True,mixed,,treehouse_polya_25_01_tcga_glioma_split_log2_tpm_1_to_tpm_oncoref_canonical_clean_tpm_16_9_75,"Treehouse labels TCGA-GBM and TCGA-LGG samples with the shared disease label `glioma`. This source splits that bucket by joining each Treehouse TCGA sample barcode prefix to a cached GDC case-to-project lookup, then routes TCGA-GBM and TCGA-LGG separately. It uses the same source_cohort as the direct Treehouse TCGA sample cohort so downstream source comparisons can treat it as part of the same Treehouse-reprocessed TCGA expression origin.",34571,523,True
LIHC,TREEHOUSE_POLYA_25_01_TCGA_SAMPLES,Treehouse (TCGA samples),"Treehouse Childhood Cancer Initiative, Tumor Compendium 25.01 PolyA samples selected by TCGA provenance (released Jan 2025; clinical 20250131v1, TPM matrix 2025-02-27). GSE294351.; unit=log2(TPM+1); canonicalized with oncoref expression_engine; clean_tpm=16/9/75; clean_tpm_profile=treehouse_polya_25_01_median_v1",,treehouse-compendium,linear_rnaseq_tpm,True,mixed,,treehouse_polya_25_01_tcga_samples_log2_tpm_1_to_tpm_oncoref_canonical_clean_tpm_16_9_75,"TCGA-only subset of the Treehouse 25.01 PolyA compendium. Samples are selected by matching the Treehouse clinical disease label and requiring `th_dataset_id` to start with `TCGA`. This deliberately excludes GBM/LGG, SARC, and subtype cohorts that require additional cBioPortal, GDC, or histology side tables; those remain source-specific follow-ups under oncoref#296. Uses its own source_cohort so a future authoritative GDC STAR-counts build can coexist without clobbering Treehouse-derived artifacts.",34571,368,True
LUAD,TREEHOUSE_POLYA_25_01_TCGA_SAMPLES,Treehouse (TCGA samples),"Treehouse Childhood Cancer Initiative, Tumor Compendium 25.01 PolyA samples selected by TCGA provenance (released Jan 2025; clinical 20250131v1, TPM matrix 2025-02-27). GSE294351.; unit=log2(TPM+1); canonicalized with oncoref expression_engine; clean_tpm=16/9/75; clean_tpm_profile=treehouse_polya_25_01_median_v1",,treehouse-compendium,linear_rnaseq_tpm,True,mixed,,treehouse_polya_25_01_tcga_samples_log2_tpm_1_to_tpm_oncoref_canonical_clean_tpm_16_9_75,"TCGA-only subset of the Treehouse 25.01 PolyA compendium. Samples are selected by matching the Treehouse clinical disease label and requiring `th_dataset_id` to start with `TCGA`. This deliberately excludes GBM/LGG, SARC, and subtype cohorts that require additional cBioPortal, GDC, or histology side tables; those remain source-specific follow-ups under oncoref#296. Uses its own source_cohort so a future authoritative GDC STAR-counts build can coexist without clobbering Treehouse-derived artifacts.",34571,515,True
LUAD_EGFR,TREEHOUSE_POLYA_25_01_TCGA_LUAD_MUT,Treehouse (TCGA-LUAD) x cBioPortal mutation calls,"Treehouse Childhood Cancer Initiative, Tumor Compendium 25.01 PolyA, TCGA-LUAD subset split by cBioPortal mutation calls from luad_tcga_pan_can_atlas_2018. PMID 25079552.; unit=log2(TPM+1); canonicalized with oncoref expression_engine; clean_tpm=16/9/75; clean_tpm_profile=treehouse_polya_25_01_median_v1",,treehouse-compendium,linear_rnaseq_tpm,True,primary,,treehouse_polya_25_01_tcga_luad_mut_log2_tpm_1_to_tpm_oncoref_canonical_clean_tpm_16_9_75,"Treehouse carries TCGA-LUAD samples in the parent lung adenocarcinoma disease bucket. This source joins each TCGA sample barcode prefix to cBioPortal PanCancer Atlas mutation calls and routes EGFR-mutant, KRAS-mutant, and STK11/KEAP1-altered cohorts separately. STK11 and KEAP1 are treated as a union because the oncoref registry code LUAD_STK11 represents the immune-cold STK11/KEAP1 axis.",34571,67,True
LUAD_KRAS,TREEHOUSE_POLYA_25_01_TCGA_LUAD_MUT,Treehouse (TCGA-LUAD) x cBioPortal mutation calls,"Treehouse Childhood Cancer Initiative, Tumor Compendium 25.01 PolyA, TCGA-LUAD subset split by cBioPortal mutation calls from luad_tcga_pan_can_atlas_2018. PMID 25079552.; unit=log2(TPM+1); canonicalized with oncoref expression_engine; clean_tpm=16/9/75; clean_tpm_profile=treehouse_polya_25_01_median_v1",,treehouse-compendium,linear_rnaseq_tpm,True,primary,,treehouse_polya_25_01_tcga_luad_mut_log2_tpm_1_to_tpm_oncoref_canonical_clean_tpm_16_9_75,"Treehouse carries TCGA-LUAD samples in the parent lung adenocarcinoma disease bucket. This source joins each TCGA sample barcode prefix to cBioPortal PanCancer Atlas mutation calls and routes EGFR-mutant, KRAS-mutant, and STK11/KEAP1-altered cohorts separately. STK11 and KEAP1 are treated as a union because the oncoref registry code LUAD_STK11 represents the immune-cold STK11/KEAP1 axis.",34571,153,True
LUAD_STK11,TREEHOUSE_POLYA_25_01_TCGA_LUAD_MUT,Treehouse (TCGA-LUAD) x cBioPortal mutation calls,"Treehouse Childhood Cancer Initiative, Tumor Compendium 25.01 PolyA, TCGA-LUAD subset split by cBioPortal mutation calls from luad_tcga_pan_can_atlas_2018. PMID 25079552.; unit=log2(TPM+1); canonicalized with oncoref expression_engine; clean_tpm=16/9/75; clean_tpm_profile=treehouse_polya_25_01_median_v1",,treehouse-compendium,linear_rnaseq_tpm,True,primary,,treehouse_polya_25_01_tcga_luad_mut_log2_tpm_1_to_tpm_oncoref_canonical_clean_tpm_16_9_75,"Treehouse carries TCGA-LUAD samples in the parent lung adenocarcinoma disease bucket. This source joins each TCGA sample barcode prefix to cBioPortal PanCancer Atlas mutation calls and routes EGFR-mutant, KRAS-mutant, and STK11/KEAP1-altered cohorts separately. STK11 and KEAP1 are treated as a union because the oncoref registry code LUAD_STK11 represents the immune-cold STK11/KEAP1 axis.",34571,142,True
LUSC,TREEHOUSE_POLYA_25_01_TCGA_SAMPLES,Treehouse (TCGA samples),"Treehouse Childhood Cancer Initiative, Tumor Compendium 25.01 PolyA samples selected by TCGA provenance (released Jan 2025; clinical 20250131v1, TPM matrix 2025-02-27). GSE294351.; unit=log2(TPM+1); canonicalized with oncoref expression_engine; clean_tpm=16/9/75; clean_tpm_profile=treehouse_polya_25_01_median_v1",,treehouse-compendium,linear_rnaseq_tpm,True,mixed,,treehouse_polya_25_01_tcga_samples_log2_tpm_1_to_tpm_oncoref_canonical_clean_tpm_16_9_75,"TCGA-only subset of the Treehouse 25.01 PolyA compendium. Samples are selected by matching the Treehouse clinical disease label and requiring `th_dataset_id` to start with `TCGA`. This deliberately excludes GBM/LGG, SARC, and subtype cohorts that require additional cBioPortal, GDC, or histology side tables; those remain source-specific follow-ups under oncoref#296. Uses its own source_cohort so a future authoritative GDC STAR-counts build can coexist without clobbering Treehouse-derived artifacts.",34571,498,True
MBL,TREEHOUSE_POLYA_25_01,Treehouse,"Treehouse Childhood Cancer Initiative, Tumor Compendium 25.01 PolyA (released Jan 2025; clinical 20250131v1, TPM matrix 2025-02-27). GSE294351.; unit=log2(TPM+1); canonicalized with oncoref expression_engine; clean_tpm=16/9/75; clean_tpm_profile=treehouse_polya_25_01_median_v1",,treehouse-compendium,linear_rnaseq_tpm,True,mixed,,treehouse_polya_25_01_log2_tpm_1_to_tpm_oncoref_canonical_clean_tpm_16_9_75,"13,359 samples × 58,581 genes; matrix is RSEM log2(TPM+1) keyed by HUGO symbol. Builder inverse-transforms to TPM, subsets by `clinical.disease == <label>`, harmonizes HUGO to Ensembl release 112, sums TPM across symbols that collapse to the same ENSG, then applies the canonical 16/9/75 clean-TPM transform. Every measured censored gene receives the same Treehouse PolyA reference composition before stat summarization. Same builder is parameterized for every Treehouse cancer code listed above. Samples with TCGA provenance (~9,500 samples) are extracted from this same file by `scripts/sweep_treehouse_tcga_cohorts.py` and tagged `source_cohort=TREEHOUSE_POLYA_25_01_TCGA_SAMPLES` so a future authoritative GDC build can land alongside without clobbering.",34571,125,True
MBL_G3,TREEHOUSE_POLYA_25_01_MBL_SUBGROUP_MARKERS,Treehouse,25.01; unit=TPM; canonicalized with oncoref expression_engine; clean_tpm=16/9/75; clean_tpm_profile=treehouse_polya_25_01_median_v1,,treehouse-derived,linear_rnaseq_tpm,True,primary,,treehouse_polya_25_01_mbl_subgroup_markers_ensembl112_clean_tpm_16_9_75,"Deterministic partition of the 125-sample canonical MBL source matrix. Each sample is assigned to the largest-TPM marker among WIF1 (WNT), GLI2 (SHH), MYC (Group 3), and KCNA1 (Group 4). This reproduces the historical 17/25/44/39 approximation; ties or missing marker values are rejected. It is not a replacement for published per-sample methylation or transcriptomic subgroup labels.",34571,44,True
MBL_G4,TREEHOUSE_POLYA_25_01_MBL_SUBGROUP_MARKERS,Treehouse,25.01; unit=TPM; canonicalized with oncoref expression_engine; clean_tpm=16/9/75; clean_tpm_profile=treehouse_polya_25_01_median_v1,,treehouse-derived,linear_rnaseq_tpm,True,primary,,treehouse_polya_25_01_mbl_subgroup_markers_ensembl112_clean_tpm_16_9_75,"Deterministic partition of the 125-sample canonical MBL source matrix. Each sample is assigned to the largest-TPM marker among WIF1 (WNT), GLI2 (SHH), MYC (Group 3), and KCNA1 (Group 4). This reproduces the historical 17/25/44/39 approximation; ties or missing marker values are rejected. It is not a replacement for published per-sample methylation or transcriptomic subgroup labels.",34571,39,True
MBL_SHH,TREEHOUSE_POLYA_25_01_MBL_SUBGROUP_MARKERS,Treehouse,25.01; unit=TPM; canonicalized with oncoref expression_engine; clean_tpm=16/9/75; clean_tpm_profile=treehouse_polya_25_01_median_v1,,treehouse-derived,linear_rnaseq_tpm,True,primary,,treehouse_polya_25_01_mbl_subgroup_markers_ensembl112_clean_tpm_16_9_75,"Deterministic partition of the 125-sample canonical MBL source matrix. Each sample is assigned to the largest-TPM marker among WIF1 (WNT), GLI2 (SHH), MYC (Group 3), and KCNA1 (Group 4). This reproduces the historical 17/25/44/39 approximation; ties or missing marker values are rejected. It is not a replacement for published per-sample methylation or transcriptomic subgroup labels.",34571,25,True
MBL_WNT,TREEHOUSE_POLYA_25_01_MBL_SUBGROUP_MARKERS,Treehouse,25.01; unit=TPM; canonicalized with oncoref expression_engine; clean_tpm=16/9/75; clean_tpm_profile=treehouse_polya_25_01_median_v1,,treehouse-derived,linear_rnaseq_tpm,True,primary,,treehouse_polya_25_01_mbl_subgroup_markers_ensembl112_clean_tpm_16_9_75,"Deterministic partition of the 125-sample canonical MBL source matrix. Each sample is assigned to the largest-TPM marker among WIF1 (WNT), GLI2 (SHH), MYC (Group 3), and KCNA1 (Group 4). This reproduces the historical 17/25/44/39 approximation; ties or missing marker values are rejected. It is not a replacement for published per-sample methylation or transcriptomic subgroup labels.",34571,17,True
MCL,GSE271664_BODOR_2025,GEO,GSE271664 (Bodor 2025); unit=raw_counts; canonicalized with oncoref expression_engine; clean_tpm=16/9/75; clean_tpm_profile=treehouse_polya_25_01_median_v1,,geo-matrix,linear_rnaseq_tpm,True,primary,,geo_heme_expression_ensembl112_clean_tpm_16_9_75,FFPE lymph-biopsy HTSeq counts; length-normalized to TPM with Ensembl 112 gene spans.,25727,51,True
MDS,GSE114922_SHIOZAWA_2018,GEO,GSE114922 (Shiozawa 2018); unit=recount3 Gencode-v26 coverage gene-sums; canonicalized with oncoref expression_engine; clean_tpm=16/9/75; clean_tpm_profile=treehouse_polya_25_01_median_v1,,recount3,linear_rnaseq_tpm,True,primary,,recount3_srp149374_gencode_v26_gene_sums_to_clean_tpm_16_9_75,"Rebuilt from recount3 (SRP149374, Gencode v26) for coverage-complete gene universe — see docs/recount3-integration.md. Selection: bone-marrow CD34+ HSPCs, disease status == 'Myelodysplastic Syndrome' (runs summed per biological sample → n=82). Supersedes the author-HTSeq build (scripts/build_geo_heme_reference_expression.py), kept in git history.",60464,82,True
MENINGIOMA,GSE270638_MENINGIOMA_2024,GEO,GSE270638 public 2024-08-21; raw-count matrix sha256 7a0486612342707c7c1b58fdc4a8361667c6891019582dd4f8bf088c0cd8b4e3; harmonized to Ensembl release 112; unit=raw_counts; canonicalized with oncoref expression_engine; clean_tpm=16/9/75; clean_tpm_profile=treehouse_polya_25_01_median_v1,,geo-matrix,linear_rnaseq_tpm,True,mixed,,gse270638_htseq_raw_counts_gene_length_tpm_ensembl112_clean_tpm_16_9_75,"The public processed matrix contains 384 tumor columns and 60,662 gene rows. GEO's free-text Overall design says n=994, while the accession exposes 384 samples and the downloadable matrix contains exactly those 384 identifiers. Build and release only the auditable matrix cohort; do not manufacture or impute the unexposed 610 profiles.",59326,384,True
MESO,TREEHOUSE_POLYA_25_01_TCGA_SAMPLES,Treehouse (TCGA samples),"Treehouse Childhood Cancer Initiative, Tumor Compendium 25.01 PolyA samples selected by TCGA provenance (released Jan 2025; clinical 20250131v1, TPM matrix 2025-02-27). GSE294351.; unit=log2(TPM+1); canonicalized with oncoref expression_engine; clean_tpm=16/9/75; clean_tpm_profile=treehouse_polya_25_01_median_v1",,treehouse-compendium,linear_rnaseq_tpm,True,mixed,,treehouse_polya_25_01_tcga_samples_log2_tpm_1_to_tpm_oncoref_canonical_clean_tpm_16_9_75,"TCGA-only subset of the Treehouse 25.01 PolyA compendium. Samples are selected by matching the Treehouse clinical disease label and requiring `th_dataset_id` to start with `TCGA`. This deliberately excludes GBM/LGG, SARC, and subtype cohorts that require additional cBioPortal, GDC, or histology side tables; those remain source-specific follow-ups under oncoref#296. Uses its own source_cohort so a future authoritative GDC STAR-counts build can coexist without clobbering Treehouse-derived artifacts.",34571,87,True
MM,MMRF_COMMPASS,MMRF CoMMpass,https://portal.gdc.cancer.gov/projects/MMRF-COMMPASS; unit=TPM; canonicalized with oncoref expression_engine; clean_tpm=16/9/75; clean_tpm_profile=treehouse_polya_25_01_median_v1,,gdc,linear_rnaseq_tpm,True,primary,,gdc_star_counts_tpm_ensembl112_clean_tpm_16_9_75,Inclusion: primary Bone Marrow CD138+ samples only (sample_type == 'Primary Blood Derived Cancer - Bone Marrow' AND sample_id endswith 'BM_CD138pos'); one deterministic sample per case ordered by visit number.,60279,764,True
MPN,GSE283710_WASHU_2024,GEO,GSE283710 (WashU 2024); unit=raw counts; canonicalized with oncoref expression_engine; clean_tpm=16/9/75; clean_tpm_profile=treehouse_polya_25_01_median_v1,,geo-matrix,linear_rnaseq_tpm,True,primary,,geo_heme_expression_ensembl112_clean_tpm_16_9_75,"Sorted CD34+; chronic-phase Polycythemia vera, Essential thrombocythemia, and Myelofibrosis only; length-normalized to TPM.",38077,45,True
MTC,GSE32662_PRINGLE_2012_MTC,GEO,GSE32662 (Pringle 2012 medullary thyroid carcinoma); unit=TPM proxy; canonicalized with oncoref expression_engine; clean_tpm=16/9/75; clean_tpm_profile=treehouse_polya_25_01_median_v1,,geo-microarray,microarray_tpm_proxy,False,primary,,GPL6480 series-matrix log2 intensity to TPM proxy; Ensembl 112,"Agilent Human Genome 4x44K v1 (GPL6480) microarray series; 49 primary MTC cases × ~3 hybridization replicates = 52 samples. series_matrix log2 intensity → probe-max → anti-log2 → per- sample sum-to-1e6 (TPM-proxy). Within-sample gene rank preserved; absolute TPM-proxy NOT comparable to RNA-seq cohorts. Biology sanity check: CALCA (calcitonin, defining MTC marker) p95 ~3400 TPM-proxy; CHGA ~948; CEACAM5 ~481.",18967,52,True
NBL,TARGET_NBL_2018,TARGET Neuroblastoma,TARGET Neuroblastoma 2018; unit=TPM; canonicalized with oncoref expression_engine; clean_tpm=16/9/75; clean_tpm_profile=treehouse_polya_25_01_median_v1,,gdc,linear_rnaseq_tpm,True,mixed,,gdc_star_counts_tpm_ensembl112_clean_tpm_16_9_75,One deterministic GDC sample per case: 153 primary tumors plus two recurrent samples required to reproduce the published 155-sample matrix. MYCN status comes from cBioPortal nbl_target_2018_pub; the one explicit Unknown call stays in the non-amplified child to preserve the published 33/122 split.,60279,155,True
NBL_MYCNamp,TARGET_NBL_2018,TARGET Neuroblastoma,TARGET Neuroblastoma 2018; unit=TPM; canonicalized with oncoref expression_engine; clean_tpm=16/9/75; clean_tpm_profile=treehouse_polya_25_01_median_v1,,gdc,linear_rnaseq_tpm,True,mixed,,gdc_star_counts_tpm_ensembl112_clean_tpm_16_9_75,One deterministic GDC sample per case: 153 primary tumors plus two recurrent samples required to reproduce the published 155-sample matrix. MYCN status comes from cBioPortal nbl_target_2018_pub; the one explicit Unknown call stays in the non-amplified child to preserve the published 33/122 split.,60279,33,True
NBL_MYCNnonamp,TARGET_NBL_2018,TARGET Neuroblastoma,TARGET Neuroblastoma 2018; unit=TPM; canonicalized with oncoref expression_engine; clean_tpm=16/9/75; clean_tpm_profile=treehouse_polya_25_01_median_v1,,gdc,linear_rnaseq_tpm,True,mixed,,gdc_star_counts_tpm_ensembl112_clean_tpm_16_9_75,One deterministic GDC sample per case: 153 primary tumors plus two recurrent samples required to reproduce the published 155-sample matrix. MYCN status comes from cBioPortal nbl_target_2018_pub; the one explicit Unknown call stays in the non-amplified child to preserve the published 33/122 split.,60279,122,True
NEC_LUNG_LARGECELL,DRMETRICS_ALCALA_2019_LNEN,GEO (DR-metrics / Alcala LNEN),PMID 31431620 (Alcala 2019) + PMID 33203751 (Gabriel 2020); unit=TPM; canonicalized with oncoref expression_engine; clean_tpm=16/9/75; clean_tpm_profile=treehouse_polya_25_01_median_v1,,github-release,linear_rnaseq_tpm,True,primary,,drmetrics_alcala_2019_lnen_tpm_to_tpm_oncoref_canonical_clean_tpm_16_9_75,"IARC pan-LNEN cohort, 238 samples uniformly processed (STAR + featureCounts, GENCODE v33, GRCh38). Histology routed via Attributes.txt Histopathology_simplified — Typical/Atypical/ Carcinoid/Supra_carcinoid (n=118) → LUNG_NET_LC; LCNEC (n=69) → LUNG_NET_LCNEC; SCLC (n=51) skipped (covered by SCLC UCologne 2015).",59178,69,True
NEC_MERKEL,GSE235092_MERKEL_2024,GEO,GSE235092 (Merkel cell carcinoma bulk RNA-seq panel); unit=raw_counts; canonicalized with oncoref expression_engine; clean_tpm=16/9/75; clean_tpm_profile=treehouse_polya_25_01_median_v1,,geo-matrix,linear_rnaseq_tpm,True,primary,,gse235092_merkel_2024_raw_counts_to_tpm_oncoref_canonical_clean_tpm_16_9_75,"All 91 bulk-RNA Merkel cell carcinoma tumor samples (Sample_source_name == ""Merkel Cell Carcinoma (MCC)""); symbol-keyed raw counts → length-normalized → per-sample TPM. The MCPyV viral transcripts (57kT / ALTO / …) drop out as non-human at harmonization.",23265,91,True
NET_LUNG,DRMETRICS_ALCALA_2019_LNEN,GEO (DR-metrics / Alcala LNEN),PMID 31431620 (Alcala 2019) + PMID 33203751 (Gabriel 2020); unit=TPM; canonicalized with oncoref expression_engine; clean_tpm=16/9/75; clean_tpm_profile=treehouse_polya_25_01_median_v1,,github-release,linear_rnaseq_tpm,True,primary,,drmetrics_alcala_2019_lnen_tpm_to_tpm_oncoref_canonical_clean_tpm_16_9_75,"IARC pan-LNEN cohort, 238 samples uniformly processed (STAR + featureCounts, GENCODE v33, GRCh38). Histology routed via Attributes.txt Histopathology_simplified — Typical/Atypical/ Carcinoid/Supra_carcinoid (n=118) → LUNG_NET_LC; LCNEC (n=69) → LUNG_NET_LCNEC; SCLC (n=51) skipped (covered by SCLC UCologne 2015).",59178,118,True
NET_MIDGUT,GSE98894_ALVAREZ_2018_NET,GEO,PMID 30013182 (Alvarez 2018 NET master regulator analysis); unit=recount3 Gencode-v26 coverage gene-sums; canonicalized with oncoref expression_engine; clean_tpm=16/9/75; clean_tpm_profile=treehouse_polya_25_01_median_v1,,recount3,linear_rnaseq_tpm,True,primary,,gse98894_alvarez_2018_net_recount3_gencode_v26_coverage_gene_sums_to_tpm_oncoref_canonical_clean_tpm_16_9_75,"Rebuilt from recount3 (SRP107025, Gencode v26) for coverage-complete genes — the author HTSeq counts dropped XAGE1A/XAGE1B; recount3 recovers them (see docs/recount3-integration.md). Routed by recount3 sample 'origin' attribute: ~81 SI-NET → MID_NET, ~113 PNET → PANNET, ~18 rectal NET → REC_NET. EVERY sample is a liver metastasis; all shards tagged tumor_origin=metastasis, metastasis_site=liver. The PANNET shard here is distinct from the primary-tumor GSE118014_ALVAREZ_2018 PANNET shard — both coexist. Supersedes the RAW.tar HTSeq build (scripts/build_gse98894_midgut_net.py). REC_NET registry code was added with the original build.",60464,81,True
NET_PANCREAS,GSE118014_ALVAREZ_2018,GEO,GSE118014 (Alvarez 2018); unit=recount3 Gencode-v26 coverage gene-sums; canonicalized with oncoref expression_engine; clean_tpm=16/9/75; clean_tpm_profile=treehouse_polya_25_01_median_v1,,recount3,linear_rnaseq_tpm,True,primary,,gse118014_alvarez_2018_recount3_gencode_v26_coverage_gene_sums_to_tpm_oncoref_canonical_clean_tpm_16_9_75,"Well-differentiated PRIMARY pancreatic neuroendocrine tumors (n=33), rebuilt from recount3 (SRP156049, Gencode v26) for coverage-complete genes — see docs/recount3-integration.md. Distinct from the liver-met PANNET shard (gse98894-midnet). Supersedes the summary-only import (scripts/import_cancer_specific_expression.py).",60464,33,True
NET_PANCREAS,GSE98894_ALVAREZ_2018_NET,GEO,PMID 30013182 (Alvarez 2018 NET master regulator analysis); unit=recount3 Gencode-v26 coverage gene-sums; canonicalized with oncoref expression_engine; clean_tpm=16/9/75; clean_tpm_profile=treehouse_polya_25_01_median_v1,,recount3,linear_rnaseq_tpm,True,primary,,gse98894_alvarez_2018_net_recount3_gencode_v26_coverage_gene_sums_to_tpm_oncoref_canonical_clean_tpm_16_9_75,"Rebuilt from recount3 (SRP107025, Gencode v26) for coverage-complete genes — the author HTSeq counts dropped XAGE1A/XAGE1B; recount3 recovers them (see docs/recount3-integration.md). Routed by recount3 sample 'origin' attribute: ~81 SI-NET → MID_NET, ~113 PNET → PANNET, ~18 rectal NET → REC_NET. EVERY sample is a liver metastasis; all shards tagged tumor_origin=metastasis, metastasis_site=liver. The PANNET shard here is distinct from the primary-tumor GSE118014_ALVAREZ_2018 PANNET shard — both coexist. Supersedes the RAW.tar HTSeq build (scripts/build_gse98894_midgut_net.py). REC_NET registry code was added with the original build.",60464,113,False
NET_RECTAL,GSE98894_ALVAREZ_2018_NET,GEO,PMID 30013182 (Alvarez 2018 NET master regulator analysis); unit=recount3 Gencode-v26 coverage gene-sums; canonicalized with oncoref expression_engine; clean_tpm=16/9/75; clean_tpm_profile=treehouse_polya_25_01_median_v1,,recount3,linear_rnaseq_tpm,True,primary,,gse98894_alvarez_2018_net_recount3_gencode_v26_coverage_gene_sums_to_tpm_oncoref_canonical_clean_tpm_16_9_75,"Rebuilt from recount3 (SRP107025, Gencode v26) for coverage-complete genes — the author HTSeq counts dropped XAGE1A/XAGE1B; recount3 recovers them (see docs/recount3-integration.md). Routed by recount3 sample 'origin' attribute: ~81 SI-NET → MID_NET, ~113 PNET → PANNET, ~18 rectal NET → REC_NET. EVERY sample is a liver metastasis; all shards tagged tumor_origin=metastasis, metastasis_site=liver. The PANNET shard here is distinct from the primary-tumor GSE118014_ALVAREZ_2018 PANNET shard — both coexist. Supersedes the RAW.tar HTSeq build (scripts/build_gse98894_midgut_net.py). REC_NET registry code was added with the original build.",60464,18,True
NPC,TREEHOUSE_POLYA_25_01,Treehouse,"Treehouse Childhood Cancer Initiative, Tumor Compendium 25.01 PolyA (released Jan 2025; clinical 20250131v1, TPM matrix 2025-02-27). GSE294351.; unit=log2(TPM+1); canonicalized with oncoref expression_engine; clean_tpm=16/9/75; clean_tpm_profile=treehouse_polya_25_01_median_v1",,treehouse-compendium,linear_rnaseq_tpm,True,mixed,,treehouse_polya_25_01_log2_tpm_1_to_tpm_oncoref_canonical_clean_tpm_16_9_75,"13,359 samples × 58,581 genes; matrix is RSEM log2(TPM+1) keyed by HUGO symbol. Builder inverse-transforms to TPM, subsets by `clinical.disease == <label>`, harmonizes HUGO to Ensembl release 112, sums TPM across symbols that collapse to the same ENSG, then applies the canonical 16/9/75 clean-TPM transform. Every measured censored gene receives the same Treehouse PolyA reference composition before stat summarization. Same builder is parameterized for every Treehouse cancer code listed above. Samples with TCGA provenance (~9,500 samples) are extracted from this same file by `scripts/sweep_treehouse_tcga_cohorts.py` and tagged `source_cohort=TREEHOUSE_POLYA_25_01_TCGA_SAMPLES` so a future authoritative GDC build can land alongside without clobbering.",34571,4,True
NUTM,UNC_NUTM1,UNC NUTM1 case series,UNC NUTM1 case series; Ensembl 112; unit=TPM; canonicalized with oncoref expression_engine; clean_tpm=16/9/75; clean_tpm_profile=treehouse_polya_25_01_median_v1,,unc-case-series,linear_rnaseq_tpm,True,primary,,Whole-transcriptome RNA-seq gene-level TPM renormalized to 1e6; Ensembl 112,Three primary NUT carcinoma cases. This is the only per-sample NUTM expression cohort; public NUT data are otherwise cell-line or controlled-access datasets.,20031,3,True
NUTM,TREEHOUSE_POLYA_25_01,Treehouse,"Treehouse Childhood Cancer Initiative, Tumor Compendium 25.01 PolyA (released Jan 2025; clinical 20250131v1, TPM matrix 2025-02-27). GSE294351.; unit=log2(TPM+1); canonicalized with oncoref expression_engine; clean_tpm=16/9/75; clean_tpm_profile=treehouse_polya_25_01_median_v1",,treehouse-compendium,linear_rnaseq_tpm,True,mixed,,treehouse_polya_25_01_log2_tpm_1_to_tpm_oncoref_canonical_clean_tpm_16_9_75,"13,359 samples × 58,581 genes; matrix is RSEM log2(TPM+1) keyed by HUGO symbol. Builder inverse-transforms to TPM, subsets by `clinical.disease == <label>`, harmonizes HUGO to Ensembl release 112, sums TPM across symbols that collapse to the same ENSG, then applies the canonical 16/9/75 clean-TPM transform. Every measured censored gene receives the same Treehouse PolyA reference composition before stat summarization. Same builder is parameterized for every Treehouse cancer code listed above. Samples with TCGA provenance (~9,500 samples) are extracted from this same file by `scripts/sweep_treehouse_tcga_cohorts.py` and tagged `source_cohort=TREEHOUSE_POLYA_25_01_TCGA_SAMPLES` so a future authoritative GDC build can land alongside without clobbering.",34571,1,False
OV,TREEHOUSE_POLYA_25_01_TCGA_SAMPLES,Treehouse (TCGA samples),"Treehouse Childhood Cancer Initiative, Tumor Compendium 25.01 PolyA samples selected by TCGA provenance (released Jan 2025; clinical 20250131v1, TPM matrix 2025-02-27). GSE294351.; unit=log2(TPM+1); canonicalized with oncoref expression_engine; clean_tpm=16/9/75; clean_tpm_profile=treehouse_polya_25_01_median_v1",,treehouse-compendium,linear_rnaseq_tpm,True,mixed,,treehouse_polya_25_01_tcga_samples_log2_tpm_1_to_tpm_oncoref_canonical_clean_tpm_16_9_75,"TCGA-only subset of the Treehouse 25.01 PolyA compendium. Samples are selected by matching the Treehouse clinical disease label and requiring `th_dataset_id` to start with `TCGA`. This deliberately excludes GBM/LGG, SARC, and subtype cohorts that require additional cBioPortal, GDC, or histology side tables; those remain source-specific follow-ups under oncoref#296. Uses its own source_cohort so a future authoritative GDC STAR-counts build can coexist without clobbering Treehouse-derived artifacts.",34571,426,True
PAAD,TREEHOUSE_POLYA_25_01_TCGA_SAMPLES,Treehouse (TCGA samples),"Treehouse Childhood Cancer Initiative, Tumor Compendium 25.01 PolyA samples selected by TCGA provenance (released Jan 2025; clinical 20250131v1, TPM matrix 2025-02-27). GSE294351.; unit=log2(TPM+1); canonicalized with oncoref expression_engine; clean_tpm=16/9/75; clean_tpm_profile=treehouse_polya_25_01_median_v1",,treehouse-compendium,linear_rnaseq_tpm,True,mixed,,treehouse_polya_25_01_tcga_samples_log2_tpm_1_to_tpm_oncoref_canonical_clean_tpm_16_9_75,"TCGA-only subset of the Treehouse 25.01 PolyA compendium. Samples are selected by matching the Treehouse clinical disease label and requiring `th_dataset_id` to start with `TCGA`. This deliberately excludes GBM/LGG, SARC, and subtype cohorts that require additional cBioPortal, GDC, or histology side tables; those remain source-specific follow-ups under oncoref#296. Uses its own source_cohort so a future authoritative GDC STAR-counts build can coexist without clobbering Treehouse-derived artifacts.",34571,179,True
PCPG,TREEHOUSE_POLYA_25_01_TCGA_SAMPLES,Treehouse (TCGA samples),"Treehouse Childhood Cancer Initiative, Tumor Compendium 25.01 PolyA samples selected by TCGA provenance (released Jan 2025; clinical 20250131v1, TPM matrix 2025-02-27). GSE294351.; unit=log2(TPM+1); canonicalized with oncoref expression_engine; clean_tpm=16/9/75; clean_tpm_profile=treehouse_polya_25_01_median_v1",,treehouse-compendium,linear_rnaseq_tpm,True,mixed,,treehouse_polya_25_01_tcga_samples_log2_tpm_1_to_tpm_oncoref_canonical_clean_tpm_16_9_75,"TCGA-only subset of the Treehouse 25.01 PolyA compendium. Samples are selected by matching the Treehouse clinical disease label and requiring `th_dataset_id` to start with `TCGA`. This deliberately excludes GBM/LGG, SARC, and subtype cohorts that require additional cBioPortal, GDC, or histology side tables; those remain source-specific follow-ups under oncoref#296. Uses its own source_cohort so a future authoritative GDC STAR-counts build can coexist without clobbering Treehouse-derived artifacts.",34571,182,True
PRAD,TREEHOUSE_POLYA_25_01_TCGA_SAMPLES,Treehouse (TCGA samples),"Treehouse Childhood Cancer Initiative, Tumor Compendium 25.01 PolyA samples selected by TCGA provenance (released Jan 2025; clinical 20250131v1, TPM matrix 2025-02-27). GSE294351.; unit=log2(TPM+1); canonicalized with oncoref expression_engine; clean_tpm=16/9/75; clean_tpm_profile=treehouse_polya_25_01_median_v1",,treehouse-compendium,linear_rnaseq_tpm,True,mixed,,treehouse_polya_25_01_tcga_samples_log2_tpm_1_to_tpm_oncoref_canonical_clean_tpm_16_9_75,"TCGA-only subset of the Treehouse 25.01 PolyA compendium. Samples are selected by matching the Treehouse clinical disease label and requiring `th_dataset_id` to start with `TCGA`. This deliberately excludes GBM/LGG, SARC, and subtype cohorts that require additional cBioPortal, GDC, or histology side tables; those remain source-specific follow-ups under oncoref#296. Uses its own source_cohort so a future authoritative GDC STAR-counts build can coexist without clobbering Treehouse-derived artifacts.",34571,496,True
RB,TREEHOUSE_RIBOD_25_01,Treehouse,"Treehouse Childhood Cancer Initiative, Tumor Compendium 25.01 RiboDeplete (released Jan 2025; TPM matrix 2025-03-19). GSE294353.; unit=log2(TPM+1); canonicalized with oncoref expression_engine; clean_tpm=16/9/75; clean_tpm_profile=treehouse_polya_25_01_median_v1",,treehouse-compendium,linear_rnaseq_tpm,True,mixed,,treehouse_ribod_25_01_log2_tpm_1_to_tpm_oncoref_canonical_clean_tpm_16_9_75,"RiboD (ribo-depleted) sibling of treehouse-polya-25-01; 2,079 samples. Same builder works after pointing `--cache-dir` / `--tpm-file` / `--clinical-file` at the RiboD files. For raw values for genes in the single global technical-RNA panel can differ from PolyA by more than 10x. Clean TPM replaces that 9% compartment with the Treehouse PolyA reference composition for every assay. The physical cohorts remain separate source_cohort tags because clean TPM does not make the assays physically equivalent.",34571,15,True
READ,TREEHOUSE_POLYA_25_01_TCGA_SAMPLES,Treehouse (TCGA samples),"Treehouse Childhood Cancer Initiative, Tumor Compendium 25.01 PolyA samples selected by TCGA provenance (released Jan 2025; clinical 20250131v1, TPM matrix 2025-02-27). GSE294351.; unit=log2(TPM+1); canonicalized with oncoref expression_engine; clean_tpm=16/9/75; clean_tpm_profile=treehouse_polya_25_01_median_v1",,treehouse-compendium,linear_rnaseq_tpm,True,mixed,,treehouse_polya_25_01_tcga_samples_log2_tpm_1_to_tpm_oncoref_canonical_clean_tpm_16_9_75,"TCGA-only subset of the Treehouse 25.01 PolyA compendium. Samples are selected by matching the Treehouse clinical disease label and requiring `th_dataset_id` to start with `TCGA`. This deliberately excludes GBM/LGG, SARC, and subtype cohorts that require additional cBioPortal, GDC, or histology side tables; those remain source-specific follow-ups under oncoref#296. Uses its own source_cohort so a future authoritative GDC STAR-counts build can coexist without clobbering Treehouse-derived artifacts.",34571,93,True
READ_MSI,TREEHOUSE_POLYA_25_01_TCGA_COADREAD_MSI,Treehouse (TCGA-COAD/READ) x cBioPortal MSIsensor,"Treehouse Childhood Cancer Initiative, Tumor Compendium 25.01 PolyA, TCGA-COAD/READ subset split by cBioPortal MSIsensor score from coadread_tcga_pan_can_atlas_2018. PMID 26028255.; unit=log2(TPM+1); canonicalized with oncoref expression_engine; clean_tpm=16/9/75; clean_tpm_profile=treehouse_polya_25_01_median_v1",,treehouse-compendium,linear_rnaseq_tpm,True,primary,,treehouse_polya_25_01_tcga_coadread_msi_log2_tpm_1_to_tpm_oncoref_canonical_clean_tpm_16_9_75,"Treehouse carries TCGA-COAD and TCGA-READ samples in separate colon and rectum disease buckets. This source joins each TCGA sample barcode prefix to cBioPortal PanCancer Atlas sample-level MSIsensor scores and routes MSI-H as MSI_SENSOR_SCORE >= 10, matching the existing oncoref TREEHOUSE_POLYA_25_01_TCGA_COADREAD_MSI source-cohort provenance. MSS rows use MSI_SENSOR_SCORE < 10.",34571,2,True
READ_MSS,TREEHOUSE_POLYA_25_01_TCGA_COADREAD_MSI,Treehouse (TCGA-COAD/READ) x cBioPortal MSIsensor,"Treehouse Childhood Cancer Initiative, Tumor Compendium 25.01 PolyA, TCGA-COAD/READ subset split by cBioPortal MSIsensor score from coadread_tcga_pan_can_atlas_2018. PMID 26028255.; unit=log2(TPM+1); canonicalized with oncoref expression_engine; clean_tpm=16/9/75; clean_tpm_profile=treehouse_polya_25_01_median_v1",,treehouse-compendium,linear_rnaseq_tpm,True,primary,,treehouse_polya_25_01_tcga_coadread_msi_log2_tpm_1_to_tpm_oncoref_canonical_clean_tpm_16_9_75,"Treehouse carries TCGA-COAD and TCGA-READ samples in separate colon and rectum disease buckets. This source joins each TCGA sample barcode prefix to cBioPortal PanCancer Atlas sample-level MSIsensor scores and routes MSI-H as MSI_SENSOR_SCORE >= 10, matching the existing oncoref TREEHOUSE_POLYA_25_01_TCGA_COADREAD_MSI source-cohort provenance. MSS rows use MSI_SENSOR_SCORE < 10.",34571,83,True
RT,TARGET_RT_2017,TARGET Rhabdoid Tumor,TARGET Rhabdoid Tumor 2017; unit=TPM; canonicalized with oncoref expression_engine; clean_tpm=16/9/75; clean_tpm_profile=treehouse_polya_25_01_median_v1,,gdc,linear_rnaseq_tpm,True,primary,,gdc_star_counts_tpm_ensembl112_clean_tpm_16_9_75,Backfill candidate from GDC.,60279,63,True
SARC_ANGIO,TREEHOUSE_POLYA_25_01,Treehouse,"Treehouse Childhood Cancer Initiative, Tumor Compendium 25.01 PolyA (released Jan 2025; clinical 20250131v1, TPM matrix 2025-02-27). GSE294351.; unit=log2(TPM+1); canonicalized with oncoref expression_engine; clean_tpm=16/9/75; clean_tpm_profile=treehouse_polya_25_01_median_v1",,treehouse-compendium,linear_rnaseq_tpm,True,mixed,,treehouse_polya_25_01_log2_tpm_1_to_tpm_oncoref_canonical_clean_tpm_16_9_75,"13,359 samples × 58,581 genes; matrix is RSEM log2(TPM+1) keyed by HUGO symbol. Builder inverse-transforms to TPM, subsets by `clinical.disease == <label>`, harmonizes HUGO to Ensembl release 112, sums TPM across symbols that collapse to the same ENSG, then applies the canonical 16/9/75 clean-TPM transform. Every measured censored gene receives the same Treehouse PolyA reference composition before stat summarization. Same builder is parameterized for every Treehouse cancer code listed above. Samples with TCGA provenance (~9,500 samples) are extracted from this same file by `scripts/sweep_treehouse_tcga_cohorts.py` and tagged `source_cohort=TREEHOUSE_POLYA_25_01_TCGA_SAMPLES` so a future authoritative GDC build can land alongside without clobbering.",34571,20,True
SARC_ASPS,TREEHOUSE_POLYA_25_01,Treehouse,"Treehouse Childhood Cancer Initiative, Tumor Compendium 25.01 PolyA (released Jan 2025; clinical 20250131v1, TPM matrix 2025-02-27). GSE294351.; unit=log2(TPM+1); canonicalized with oncoref expression_engine; clean_tpm=16/9/75; clean_tpm_profile=treehouse_polya_25_01_median_v1",,treehouse-compendium,linear_rnaseq_tpm,True,mixed,,treehouse_polya_25_01_log2_tpm_1_to_tpm_oncoref_canonical_clean_tpm_16_9_75,"13,359 samples × 58,581 genes; matrix is RSEM log2(TPM+1) keyed by HUGO symbol. Builder inverse-transforms to TPM, subsets by `clinical.disease == <label>`, harmonizes HUGO to Ensembl release 112, sums TPM across symbols that collapse to the same ENSG, then applies the canonical 16/9/75 clean-TPM transform. Every measured censored gene receives the same Treehouse PolyA reference composition before stat summarization. Same builder is parameterized for every Treehouse cancer code listed above. Samples with TCGA provenance (~9,500 samples) are extracted from this same file by `scripts/sweep_treehouse_tcga_cohorts.py` and tagged `source_cohort=TREEHOUSE_POLYA_25_01_TCGA_SAMPLES` so a future authoritative GDC build can land alongside without clobbering.",34571,3,True
SARC_CCS,GSE248751_HUMAN_CCS_2023,GEO,PMID 38136296 (Clear Cell Sarcoma frozen primary RNA-seq); unit=raw_counts; canonicalized with oncoref expression_engine; clean_tpm=16/9/75; clean_tpm_profile=treehouse_polya_25_01_median_v1,,geo-matrix,linear_rnaseq_tpm,True,primary,,gse248751_human_ccs_2023_raw_counts_to_tpm_oncoref_canonical_clean_tpm_16_9_75,n=5 primary CCS tumors (hCCS_1..5). 3 muscle normal controls excluded by sample_filter. Raw counts → length-norm TPM. Low n.,16725,5,True
SARC_CHON,GSE299759_MEIJER_2026,GEO,GSE299759 (Meijer 2026); unit=raw_counts; canonicalized with oncoref expression_engine; clean_tpm=16/9/75; clean_tpm_profile=treehouse_polya_25_01_median_v1,,geo-matrix,linear_rnaseq_tpm,True,primary,,gse299759_meijer_2026_raw_counts_to_tpm_oncoref_canonical_clean_tpm_16_9_75,Chondrosarcoma.,62497,54,True
SARC_CHOR,GSE239531_VANOOST_2024,GEO,"GSE239531 (van Oost 2024, PMID 38272563); unit=raw_counts; canonicalized with oncoref expression_engine; clean_tpm=16/9/75; clean_tpm_profile=treehouse_polya_25_01_median_v1",,geo-matrix,linear_rnaseq_tpm,True,primary,,gse239531_vanoost_2024_raw_counts_to_tpm_oncoref_canonical_clean_tpm_16_9_75,"20 primary chordoma tumors; augments the 3-sample Treehouse ribo-depleted CHOR cohort. Ensembl-keyed raw counts, length-normalized to TPM by the shared CHON builder core.",62497,20,True
SARC_CHOR,TREEHOUSE_RIBOD_25_01,Treehouse,"Treehouse Childhood Cancer Initiative, Tumor Compendium 25.01 RiboDeplete (released Jan 2025; TPM matrix 2025-03-19). GSE294353.; unit=log2(TPM+1); canonicalized with oncoref expression_engine; clean_tpm=16/9/75; clean_tpm_profile=treehouse_polya_25_01_median_v1",,treehouse-compendium,linear_rnaseq_tpm,True,mixed,,treehouse_ribod_25_01_log2_tpm_1_to_tpm_oncoref_canonical_clean_tpm_16_9_75,"RiboD (ribo-depleted) sibling of treehouse-polya-25-01; 2,079 samples. Same builder works after pointing `--cache-dir` / `--tpm-file` / `--clinical-file` at the RiboD files. For raw values for genes in the single global technical-RNA panel can differ from PolyA by more than 10x. Clean TPM replaces that 9% compartment with the Treehouse PolyA reference composition for every assay. The physical cohorts remain separate source_cohort tags because clean TPM does not make the assays physically equivalent.",34476,3,False
SARC_DDLPS,TREEHOUSE_POLYA_25_01_TCGA_SARC_HISTOLOGY,Treehouse (TCGA-SARC) x GDC primary diagnosis,"Treehouse Childhood Cancer Initiative, Tumor Compendium 25.01 PolyA, TCGA-SARC liposarcoma samples split by GDC diagnoses.primary_diagnosis. PMID 24071852.; unit=log2(TPM+1); canonicalized with oncoref expression_engine; clean_tpm=16/9/75; clean_tpm_profile=treehouse_polya_25_01_median_v1",,treehouse-compendium,linear_rnaseq_tpm,True,primary,,treehouse_polya_25_01_tcga_sarc_histology_log2_tpm_1_to_tpm_oncoref_canonical_clean_tpm_16_9_75,"Treehouse carries TCGA-SARC liposarcoma samples in one parent liposarcoma disease bucket. This source joins each TCGA sample barcode prefix to the GDC TCGA-SARC diagnoses.primary_diagnosis table and routes well-differentiated, dedifferentiated, and pleomorphic liposarcoma separately. The two-sample PLEOLPS overlay is published as an additional source; the four-sample GSE75885 RNA-seq matrix remains its selected raw source matrix.",34571,48,True
SARC_DDLPS,GSE75885_DELESPAUL_2017,GEO,"GSE75885 (Delespaul 2017, PMID 28278311); unit=RPKM; canonicalized with oncoref expression_engine; clean_tpm=16/9/75; clean_tpm_profile=treehouse_polya_25_01_median_v1",,geo-rnaseq,linear_rnaseq_tpm,True,primary,,gse75885_delespaul_2017_rpkm_to_tpm_oncoref_canonical_clean_tpm_16_9_75,"Soft-tissue sarcoma subtypes (DDLPS n=19, PLEOLPS n=4, LGFMS n=2) from the GEO processed RNA-seq matrix (GSE75885_Expression_117_sarcomas.tsv.gz), per-sample subtype from series-matrix !Sample_title. Per-sample build (#305) replacing the lost summary-only import. The 117-sample matrix also holds LMS/UPS/MFS/pleomorphic-RMS other sources already cover.",18905,19,False
SARC_DDLPS,GSE30929_SINGER_2007_LPS,GEO,PMID 22241786 (Singer 2007 MSKCC 140-sample LPS classifier); unit=TPM; canonicalized with oncoref expression_engine; clean_tpm=16/9/75; clean_tpm_profile=treehouse_polya_25_01_median_v1,,geo-microarray,microarray_tpm_proxy,False,primary,,gse30929_singer_2007_lps_tpm_to_tpm_oncoref_canonical_clean_tpm_16_9_75,"Affymetrix HG-U133A (GPL96) microarray; 140 primary liposarcomas from MSKCC, explicitly histology-tagged via char_subtype: 52 WD-LPS, 40 DD-LPS, 20 pleomorphic, 17 myxoid, 11 myxoid/round-cell. The round-cell variant IS high-grade myxoid LPS (WHO grade III, same FUS::DDIT3 fusion entity), so both collapse to SARC_MYXLPS (n=28). Builds 4 shards from one cohort via sample_include_regex (matched against char_subtype). MYXLPS biology validates: FABP4 2799 / ADIPOQ 917 / PPARG 424 (adipogenic program), FUS+DDIT3 both ~165 (fusion partners both expressed), STAT3 253 + JAK1 207 (FUS-DDIT3/JAK-STAT axis per PMC8851354).",13653,40,False
SARC_DSRCT,TREEHOUSE_POLYA_25_01,Treehouse,"Treehouse Childhood Cancer Initiative, Tumor Compendium 25.01 PolyA (released Jan 2025; clinical 20250131v1, TPM matrix 2025-02-27). GSE294351.; unit=log2(TPM+1); canonicalized with oncoref expression_engine; clean_tpm=16/9/75; clean_tpm_profile=treehouse_polya_25_01_median_v1",,treehouse-compendium,linear_rnaseq_tpm,True,mixed,,treehouse_polya_25_01_log2_tpm_1_to_tpm_oncoref_canonical_clean_tpm_16_9_75,"13,359 samples × 58,581 genes; matrix is RSEM log2(TPM+1) keyed by HUGO symbol. Builder inverse-transforms to TPM, subsets by `clinical.disease == <label>`, harmonizes HUGO to Ensembl release 112, sums TPM across symbols that collapse to the same ENSG, then applies the canonical 16/9/75 clean-TPM transform. Every measured censored gene receives the same Treehouse PolyA reference composition before stat summarization. Same builder is parameterized for every Treehouse cancer code listed above. Samples with TCGA provenance (~9,500 samples) are extracted from this same file by `scripts/sweep_treehouse_tcga_cohorts.py` and tagged `source_cohort=TREEHOUSE_POLYA_25_01_TCGA_SAMPLES` so a future authoritative GDC build can land alongside without clobbering.",34571,9,True
SARC_EHE,TREEHOUSE_POLYA_25_01,Treehouse,"Treehouse Childhood Cancer Initiative, Tumor Compendium 25.01 PolyA (released Jan 2025; clinical 20250131v1, TPM matrix 2025-02-27). GSE294351.; unit=log2(TPM+1); canonicalized with oncoref expression_engine; clean_tpm=16/9/75; clean_tpm_profile=treehouse_polya_25_01_median_v1",,treehouse-compendium,linear_rnaseq_tpm,True,mixed,,treehouse_polya_25_01_log2_tpm_1_to_tpm_oncoref_canonical_clean_tpm_16_9_75,"13,359 samples × 58,581 genes; matrix is RSEM log2(TPM+1) keyed by HUGO symbol. Builder inverse-transforms to TPM, subsets by `clinical.disease == <label>`, harmonizes HUGO to Ensembl release 112, sums TPM across symbols that collapse to the same ENSG, then applies the canonical 16/9/75 clean-TPM transform. Every measured censored gene receives the same Treehouse PolyA reference composition before stat summarization. Same builder is parameterized for every Treehouse cancer code listed above. Samples with TCGA provenance (~9,500 samples) are extracted from this same file by `scripts/sweep_treehouse_tcga_cohorts.py` and tagged `source_cohort=TREEHOUSE_POLYA_25_01_TCGA_SAMPLES` so a future authoritative GDC build can land alongside without clobbering.",34571,1,True
SARC_EPITH,TREEHOUSE_POLYA_25_01,Treehouse,"Treehouse Childhood Cancer Initiative, Tumor Compendium 25.01 PolyA (released Jan 2025; clinical 20250131v1, TPM matrix 2025-02-27). GSE294351.; unit=log2(TPM+1); canonicalized with oncoref expression_engine; clean_tpm=16/9/75; clean_tpm_profile=treehouse_polya_25_01_median_v1",,treehouse-compendium,linear_rnaseq_tpm,True,mixed,,treehouse_polya_25_01_log2_tpm_1_to_tpm_oncoref_canonical_clean_tpm_16_9_75,"13,359 samples × 58,581 genes; matrix is RSEM log2(TPM+1) keyed by HUGO symbol. Builder inverse-transforms to TPM, subsets by `clinical.disease == <label>`, harmonizes HUGO to Ensembl release 112, sums TPM across symbols that collapse to the same ENSG, then applies the canonical 16/9/75 clean-TPM transform. Every measured censored gene receives the same Treehouse PolyA reference composition before stat summarization. Same builder is parameterized for every Treehouse cancer code listed above. Samples with TCGA provenance (~9,500 samples) are extracted from this same file by `scripts/sweep_treehouse_tcga_cohorts.py` and tagged `source_cohort=TREEHOUSE_POLYA_25_01_TCGA_SAMPLES` so a future authoritative GDC build can land alongside without clobbering.",34571,5,True
SARC_ESS_HG,GSE85383_YOSHIDA_2017_ESS,GEO,GSE85383/GPL22303; unit=TPM proxy; canonicalized with oncoref expression_engine; clean_tpm=16/9/75; clean_tpm_profile=treehouse_polya_25_01_median_v1,,geo-microarray,microarray_tpm_proxy,False,primary,,GPL22303 series-matrix log2 intensity with GPL13497 symbol bridge to TPM proxy; Ensembl 112,Primary endometrial stromal sarcoma samples only: 9 low-grade and 4 high-grade tumors selected from the 25-sample study. UUS and LMS samples are excluded. Microarray-derived TPM proxy preserves gene rank but is not directly comparable to absolute RNA-seq TPM.,20105,4,True
SARC_ESS_LG,GSE85383_YOSHIDA_2017_ESS,GEO,GSE85383/GPL22303; unit=TPM proxy; canonicalized with oncoref expression_engine; clean_tpm=16/9/75; clean_tpm_profile=treehouse_polya_25_01_median_v1,,geo-microarray,microarray_tpm_proxy,False,primary,,GPL22303 series-matrix log2 intensity with GPL13497 symbol bridge to TPM proxy; Ensembl 112,Primary endometrial stromal sarcoma samples only: 9 low-grade and 4 high-grade tumors selected from the 25-sample study. UUS and LMS samples are excluded. Microarray-derived TPM proxy preserves gene rank but is not directly comparable to absolute RNA-seq TPM.,20105,9,True
SARC_EWS,TREEHOUSE_POLYA_25_01,Treehouse,"Treehouse Childhood Cancer Initiative, Tumor Compendium 25.01 PolyA (released Jan 2025; clinical 20250131v1, TPM matrix 2025-02-27). GSE294351.; unit=log2(TPM+1); canonicalized with oncoref expression_engine; clean_tpm=16/9/75; clean_tpm_profile=treehouse_polya_25_01_median_v1",,treehouse-compendium,linear_rnaseq_tpm,True,mixed,,treehouse_polya_25_01_log2_tpm_1_to_tpm_oncoref_canonical_clean_tpm_16_9_75,"13,359 samples × 58,581 genes; matrix is RSEM log2(TPM+1) keyed by HUGO symbol. Builder inverse-transforms to TPM, subsets by `clinical.disease == <label>`, harmonizes HUGO to Ensembl release 112, sums TPM across symbols that collapse to the same ENSG, then applies the canonical 16/9/75 clean-TPM transform. Every measured censored gene receives the same Treehouse PolyA reference composition before stat summarization. Same builder is parameterized for every Treehouse cancer code listed above. Samples with TCGA provenance (~9,500 samples) are extracted from this same file by `scripts/sweep_treehouse_tcga_cohorts.py` and tagged `source_cohort=TREEHOUSE_POLYA_25_01_TCGA_SAMPLES` so a future authoritative GDC build can land alongside without clobbering.",34571,101,True
SARC_GIST,TREEHOUSE_POLYA_25_01,Treehouse,"Treehouse Childhood Cancer Initiative, Tumor Compendium 25.01 PolyA (released Jan 2025; clinical 20250131v1, TPM matrix 2025-02-27). GSE294351.; unit=log2(TPM+1); canonicalized with oncoref expression_engine; clean_tpm=16/9/75; clean_tpm_profile=treehouse_polya_25_01_median_v1",,treehouse-compendium,linear_rnaseq_tpm,True,mixed,,treehouse_polya_25_01_log2_tpm_1_to_tpm_oncoref_canonical_clean_tpm_16_9_75,"13,359 samples × 58,581 genes; matrix is RSEM log2(TPM+1) keyed by HUGO symbol. Builder inverse-transforms to TPM, subsets by `clinical.disease == <label>`, harmonizes HUGO to Ensembl release 112, sums TPM across symbols that collapse to the same ENSG, then applies the canonical 16/9/75 clean-TPM transform. Every measured censored gene receives the same Treehouse PolyA reference composition before stat summarization. Same builder is parameterized for every Treehouse cancer code listed above. Samples with TCGA provenance (~9,500 samples) are extracted from this same file by `scripts/sweep_treehouse_tcga_cohorts.py` and tagged `source_cohort=TREEHOUSE_POLYA_25_01_TCGA_SAMPLES` so a future authoritative GDC build can land alongside without clobbering.",34571,19,True
SARC_IFS,TREEHOUSE_POLYA_25_01,Treehouse,"Treehouse Childhood Cancer Initiative, Tumor Compendium 25.01 PolyA (released Jan 2025; clinical 20250131v1, TPM matrix 2025-02-27). GSE294351.; unit=log2(TPM+1); canonicalized with oncoref expression_engine; clean_tpm=16/9/75; clean_tpm_profile=treehouse_polya_25_01_median_v1",,treehouse-compendium,linear_rnaseq_tpm,True,mixed,,treehouse_polya_25_01_log2_tpm_1_to_tpm_oncoref_canonical_clean_tpm_16_9_75,"13,359 samples × 58,581 genes; matrix is RSEM log2(TPM+1) keyed by HUGO symbol. Builder inverse-transforms to TPM, subsets by `clinical.disease == <label>`, harmonizes HUGO to Ensembl release 112, sums TPM across symbols that collapse to the same ENSG, then applies the canonical 16/9/75 clean-TPM transform. Every measured censored gene receives the same Treehouse PolyA reference composition before stat summarization. Same builder is parameterized for every Treehouse cancer code listed above. Samples with TCGA provenance (~9,500 samples) are extracted from this same file by `scripts/sweep_treehouse_tcga_cohorts.py` and tagged `source_cohort=TREEHOUSE_POLYA_25_01_TCGA_SAMPLES` so a future authoritative GDC build can land alongside without clobbering.",34571,2,True
SARC_IFS,TREEHOUSE_RIBOD_25_01,Treehouse,"Treehouse Childhood Cancer Initiative, Tumor Compendium 25.01 RiboDeplete (released Jan 2025; TPM matrix 2025-03-19). GSE294353.; unit=log2(TPM+1); canonicalized with oncoref expression_engine; clean_tpm=16/9/75; clean_tpm_profile=treehouse_polya_25_01_median_v1",,treehouse-compendium,linear_rnaseq_tpm,True,mixed,,treehouse_ribod_25_01_log2_tpm_1_to_tpm_oncoref_canonical_clean_tpm_16_9_75,"RiboD (ribo-depleted) sibling of treehouse-polya-25-01; 2,079 samples. Same builder works after pointing `--cache-dir` / `--tpm-file` / `--clinical-file` at the RiboD files. For raw values for genes in the single global technical-RNA panel can differ from PolyA by more than 10x. Clean TPM replaces that 9% compartment with the Treehouse PolyA reference composition for every assay. The physical cohorts remain separate source_cohort tags because clean TPM does not make the assays physically equivalent.",34476,3,False
SARC_IMT,TREEHOUSE_POLYA_25_01,Treehouse,"Treehouse Childhood Cancer Initiative, Tumor Compendium 25.01 PolyA (released Jan 2025; clinical 20250131v1, TPM matrix 2025-02-27). GSE294351.; unit=log2(TPM+1); canonicalized with oncoref expression_engine; clean_tpm=16/9/75; clean_tpm_profile=treehouse_polya_25_01_median_v1",,treehouse-compendium,linear_rnaseq_tpm,True,mixed,,treehouse_polya_25_01_log2_tpm_1_to_tpm_oncoref_canonical_clean_tpm_16_9_75,"13,359 samples × 58,581 genes; matrix is RSEM log2(TPM+1) keyed by HUGO symbol. Builder inverse-transforms to TPM, subsets by `clinical.disease == <label>`, harmonizes HUGO to Ensembl release 112, sums TPM across symbols that collapse to the same ENSG, then applies the canonical 16/9/75 clean-TPM transform. Every measured censored gene receives the same Treehouse PolyA reference composition before stat summarization. Same builder is parameterized for every Treehouse cancer code listed above. Samples with TCGA provenance (~9,500 samples) are extracted from this same file by `scripts/sweep_treehouse_tcga_cohorts.py` and tagged `source_cohort=TREEHOUSE_POLYA_25_01_TCGA_SAMPLES` so a future authoritative GDC build can land alongside without clobbering.",34571,4,True
SARC_KS,GSE241095_KS_SKIN_2023,GEO,"PMID 37740179 (Kaposi sarcoma skin lesions, Lidenge 2023); unit=TPM; canonicalized with oncoref expression_engine; clean_tpm=16/9/75; clean_tpm_profile=treehouse_polya_25_01_median_v1",,geo-matrix,linear_rnaseq_tpm,True,primary,,gse241095_ks_skin_2023_tpm_to_tpm_oncoref_canonical_clean_tpm_16_9_75,n=10 cutaneous KS lesions (sample IDs start KS_); 10 matched normals excluded by sample_filter. Companion GI shard adds another n=12 KS lesions if needed.,58375,10,True
SARC_LGFMS,TREEHOUSE_POLYA_25_01,Treehouse,"Treehouse Childhood Cancer Initiative, Tumor Compendium 25.01 PolyA (released Jan 2025; clinical 20250131v1, TPM matrix 2025-02-27). GSE294351.; unit=log2(TPM+1); canonicalized with oncoref expression_engine; clean_tpm=16/9/75; clean_tpm_profile=treehouse_polya_25_01_median_v1",,treehouse-compendium,linear_rnaseq_tpm,True,mixed,,treehouse_polya_25_01_log2_tpm_1_to_tpm_oncoref_canonical_clean_tpm_16_9_75,"13,359 samples × 58,581 genes; matrix is RSEM log2(TPM+1) keyed by HUGO symbol. Builder inverse-transforms to TPM, subsets by `clinical.disease == <label>`, harmonizes HUGO to Ensembl release 112, sums TPM across symbols that collapse to the same ENSG, then applies the canonical 16/9/75 clean-TPM transform. Every measured censored gene receives the same Treehouse PolyA reference composition before stat summarization. Same builder is parameterized for every Treehouse cancer code listed above. Samples with TCGA provenance (~9,500 samples) are extracted from this same file by `scripts/sweep_treehouse_tcga_cohorts.py` and tagged `source_cohort=TREEHOUSE_POLYA_25_01_TCGA_SAMPLES` so a future authoritative GDC build can land alongside without clobbering.",34571,2,True
SARC_LGFMS,GSE75885_DELESPAUL_2017,GEO,"GSE75885 (Delespaul 2017, PMID 28278311); unit=RPKM; canonicalized with oncoref expression_engine; clean_tpm=16/9/75; clean_tpm_profile=treehouse_polya_25_01_median_v1",,geo-rnaseq,linear_rnaseq_tpm,True,primary,,gse75885_delespaul_2017_rpkm_to_tpm_oncoref_canonical_clean_tpm_16_9_75,"Soft-tissue sarcoma subtypes (DDLPS n=19, PLEOLPS n=4, LGFMS n=2) from the GEO processed RNA-seq matrix (GSE75885_Expression_117_sarcomas.tsv.gz), per-sample subtype from series-matrix !Sample_title. Per-sample build (#305) replacing the lost summary-only import. The 117-sample matrix also holds LMS/UPS/MFS/pleomorphic-RMS other sources already cover.",18905,2,False
SARC_LMS,TREEHOUSE_POLYA_25_01,Treehouse,"Treehouse Childhood Cancer Initiative, Tumor Compendium 25.01 PolyA (released Jan 2025; clinical 20250131v1, TPM matrix 2025-02-27). GSE294351.; unit=log2(TPM+1); canonicalized with oncoref expression_engine; clean_tpm=16/9/75; clean_tpm_profile=treehouse_polya_25_01_median_v1",,treehouse-compendium,linear_rnaseq_tpm,True,mixed,,treehouse_polya_25_01_log2_tpm_1_to_tpm_oncoref_canonical_clean_tpm_16_9_75,"13,359 samples × 58,581 genes; matrix is RSEM log2(TPM+1) keyed by HUGO symbol. Builder inverse-transforms to TPM, subsets by `clinical.disease == <label>`, harmonizes HUGO to Ensembl release 112, sums TPM across symbols that collapse to the same ENSG, then applies the canonical 16/9/75 clean-TPM transform. Every measured censored gene receives the same Treehouse PolyA reference composition before stat summarization. Same builder is parameterized for every Treehouse cancer code listed above. Samples with TCGA provenance (~9,500 samples) are extracted from this same file by `scripts/sweep_treehouse_tcga_cohorts.py` and tagged `source_cohort=TREEHOUSE_POLYA_25_01_TCGA_SAMPLES` so a future authoritative GDC build can land alongside without clobbering.",34571,151,True
SARC_LPS_UNSPEC,TREEHOUSE_POLYA_25_01,Treehouse,"Treehouse Childhood Cancer Initiative, Tumor Compendium 25.01 PolyA (released Jan 2025; clinical 20250131v1, TPM matrix 2025-02-27). GSE294351.; unit=log2(TPM+1); canonicalized with oncoref expression_engine; clean_tpm=16/9/75; clean_tpm_profile=treehouse_polya_25_01_median_v1",,treehouse-compendium,linear_rnaseq_tpm,True,mixed,,treehouse_polya_25_01_log2_tpm_1_to_tpm_oncoref_canonical_clean_tpm_16_9_75,"13,359 samples × 58,581 genes; matrix is RSEM log2(TPM+1) keyed by HUGO symbol. Builder inverse-transforms to TPM, subsets by `clinical.disease == <label>`, harmonizes HUGO to Ensembl release 112, sums TPM across symbols that collapse to the same ENSG, then applies the canonical 16/9/75 clean-TPM transform. Every measured censored gene receives the same Treehouse PolyA reference composition before stat summarization. Same builder is parameterized for every Treehouse cancer code listed above. Samples with TCGA provenance (~9,500 samples) are extracted from this same file by `scripts/sweep_treehouse_tcga_cohorts.py` and tagged `source_cohort=TREEHOUSE_POLYA_25_01_TCGA_SAMPLES` so a future authoritative GDC build can land alongside without clobbering.",34571,92,True
SARC_MMNST,SRP493407_MMNST_2024,NCBI SRA Gene Feature counts,NCBI SRA Gene Feature analyses SRZ3595337/SRZ3709728/SRZ3615119/SRZ3647871/SRZ3665545/SRZ3633285; RefSeq GCF_000001405.40-RS_2025_08 length reference; harmonized to Ensembl release 112; unit=NCBI Gene Feature count-derived TPM; canonicalized with oncoref expression_engine; clean_tpm=16/9/75; clean_tpm_profile=treehouse_polya_25_01_median_v1,,sra-ncbi-counts,ncbi_gene_feature_count_tpm,True,primary,,ncbi_sra_gene_feature_counts_refseq2025_gene_length_tpm_oncoref_canonical_clean_tpm_16_9_75,"Three primary MMNST tumors and three independent normal-nerve donor controls. NCBI-generated gene-count tables for all six runs are recorded in the build audit; only the tumor runs enter the SARC_MMNST reference matrix. The paper reports oligo(dT) mRNA enrichment, while INSDC metadata report random library selection. This ultra-rare n=3 cohort has thin tail estimates.",44446,3,True
SARC_MPNST,TREEHOUSE_POLYA_25_01,Treehouse,"Treehouse Childhood Cancer Initiative, Tumor Compendium 25.01 PolyA (released Jan 2025; clinical 20250131v1, TPM matrix 2025-02-27). GSE294351.; unit=log2(TPM+1); canonicalized with oncoref expression_engine; clean_tpm=16/9/75; clean_tpm_profile=treehouse_polya_25_01_median_v1",,treehouse-compendium,linear_rnaseq_tpm,True,mixed,,treehouse_polya_25_01_log2_tpm_1_to_tpm_oncoref_canonical_clean_tpm_16_9_75,"13,359 samples × 58,581 genes; matrix is RSEM log2(TPM+1) keyed by HUGO symbol. Builder inverse-transforms to TPM, subsets by `clinical.disease == <label>`, harmonizes HUGO to Ensembl release 112, sums TPM across symbols that collapse to the same ENSG, then applies the canonical 16/9/75 clean-TPM transform. Every measured censored gene receives the same Treehouse PolyA reference composition before stat summarization. Same builder is parameterized for every Treehouse cancer code listed above. Samples with TCGA provenance (~9,500 samples) are extracted from this same file by `scripts/sweep_treehouse_tcga_cohorts.py` and tagged `source_cohort=TREEHOUSE_POLYA_25_01_TCGA_SAMPLES` so a future authoritative GDC build can land alongside without clobbering.",34571,13,True
SARC_MYXFIB,TREEHOUSE_POLYA_25_01,Treehouse,"Treehouse Childhood Cancer Initiative, Tumor Compendium 25.01 PolyA (released Jan 2025; clinical 20250131v1, TPM matrix 2025-02-27). GSE294351.; unit=log2(TPM+1); canonicalized with oncoref expression_engine; clean_tpm=16/9/75; clean_tpm_profile=treehouse_polya_25_01_median_v1",,treehouse-compendium,linear_rnaseq_tpm,True,mixed,,treehouse_polya_25_01_log2_tpm_1_to_tpm_oncoref_canonical_clean_tpm_16_9_75,"13,359 samples × 58,581 genes; matrix is RSEM log2(TPM+1) keyed by HUGO symbol. Builder inverse-transforms to TPM, subsets by `clinical.disease == <label>`, harmonizes HUGO to Ensembl release 112, sums TPM across symbols that collapse to the same ENSG, then applies the canonical 16/9/75 clean-TPM transform. Every measured censored gene receives the same Treehouse PolyA reference composition before stat summarization. Same builder is parameterized for every Treehouse cancer code listed above. Samples with TCGA provenance (~9,500 samples) are extracted from this same file by `scripts/sweep_treehouse_tcga_cohorts.py` and tagged `source_cohort=TREEHOUSE_POLYA_25_01_TCGA_SAMPLES` so a future authoritative GDC build can land alongside without clobbering.",34571,41,True
SARC_MYXLPS,GSE30929_SINGER_2007_LPS,GEO,PMID 22241786 (Singer 2007 MSKCC 140-sample LPS classifier); unit=TPM; canonicalized with oncoref expression_engine; clean_tpm=16/9/75; clean_tpm_profile=treehouse_polya_25_01_median_v1,,geo-microarray,microarray_tpm_proxy,False,primary,,gse30929_singer_2007_lps_tpm_to_tpm_oncoref_canonical_clean_tpm_16_9_75,"Affymetrix HG-U133A (GPL96) microarray; 140 primary liposarcomas from MSKCC, explicitly histology-tagged via char_subtype: 52 WD-LPS, 40 DD-LPS, 20 pleomorphic, 17 myxoid, 11 myxoid/round-cell. The round-cell variant IS high-grade myxoid LPS (WHO grade III, same FUS::DDIT3 fusion entity), so both collapse to SARC_MYXLPS (n=28). Builds 4 shards from one cohort via sample_include_regex (matched against char_subtype). MYXLPS biology validates: FABP4 2799 / ADIPOQ 917 / PPARG 424 (adipogenic program), FUS+DDIT3 both ~165 (fusion partners both expressed), STAT3 253 + JAK1 207 (FUS-DDIT3/JAK-STAT axis per PMC8851354).",13653,28,True
SARC_OS,TREEHOUSE_POLYA_25_01,Treehouse,"Treehouse Childhood Cancer Initiative, Tumor Compendium 25.01 PolyA (released Jan 2025; clinical 20250131v1, TPM matrix 2025-02-27). GSE294351.; unit=log2(TPM+1); canonicalized with oncoref expression_engine; clean_tpm=16/9/75; clean_tpm_profile=treehouse_polya_25_01_median_v1",,treehouse-compendium,linear_rnaseq_tpm,True,mixed,,treehouse_polya_25_01_log2_tpm_1_to_tpm_oncoref_canonical_clean_tpm_16_9_75,"13,359 samples × 58,581 genes; matrix is RSEM log2(TPM+1) keyed by HUGO symbol. Builder inverse-transforms to TPM, subsets by `clinical.disease == <label>`, harmonizes HUGO to Ensembl release 112, sums TPM across symbols that collapse to the same ENSG, then applies the canonical 16/9/75 clean-TPM transform. Every measured censored gene receives the same Treehouse PolyA reference composition before stat summarization. Same builder is parameterized for every Treehouse cancer code listed above. Samples with TCGA provenance (~9,500 samples) are extracted from this same file by `scripts/sweep_treehouse_tcga_cohorts.py` and tagged `source_cohort=TREEHOUSE_POLYA_25_01_TCGA_SAMPLES` so a future authoritative GDC build can land alongside without clobbering.",34571,262,True
SARC_PEC,GSE328026_PECOMA_2026,GEO,"GSE328026 (PEComa TPMs, public Apr 2026); gene-id-type=hugo; unit=TPM; harmonized to Ensembl release 112; canonicalized with oncoref expression_engine; clean_tpm=16/9/75; clean_tpm_profile=treehouse_polya_25_01_median_v1",PMID:42331846,geo-matrix,linear_rnaseq_tpm,True,primary,,gse328026_pecoma_2026_tpm_to_tpm_ensembl112_clean_tpm_16_9_75,PEComa TPM source matrix n=69; released reference artifacts use 66 sample_expression_qc_v3 pass samples; harmonized to Ensembl 112.,21446,69,True
SARC_PLEOLPS,GSE75885_DELESPAUL_2017,GEO,"GSE75885 (Delespaul 2017, PMID 28278311); unit=RPKM; canonicalized with oncoref expression_engine; clean_tpm=16/9/75; clean_tpm_profile=treehouse_polya_25_01_median_v1",,geo-rnaseq,linear_rnaseq_tpm,True,primary,,gse75885_delespaul_2017_rpkm_to_tpm_oncoref_canonical_clean_tpm_16_9_75,"Soft-tissue sarcoma subtypes (DDLPS n=19, PLEOLPS n=4, LGFMS n=2) from the GEO processed RNA-seq matrix (GSE75885_Expression_117_sarcomas.tsv.gz), per-sample subtype from series-matrix !Sample_title. Per-sample build (#305) replacing the lost summary-only import. The 117-sample matrix also holds LMS/UPS/MFS/pleomorphic-RMS other sources already cover.",18905,4,True
SARC_PLEOLPS,TREEHOUSE_POLYA_25_01_TCGA_SARC_HISTOLOGY,Treehouse (TCGA-SARC) x GDC primary diagnosis,"Treehouse Childhood Cancer Initiative, Tumor Compendium 25.01 PolyA, TCGA-SARC liposarcoma samples split by GDC diagnoses.primary_diagnosis. PMID 24071852.; unit=log2(TPM+1); canonicalized with oncoref expression_engine; clean_tpm=16/9/75; clean_tpm_profile=treehouse_polya_25_01_median_v1",,treehouse-compendium,linear_rnaseq_tpm,True,primary,,treehouse_polya_25_01_tcga_sarc_histology_log2_tpm_1_to_tpm_oncoref_canonical_clean_tpm_16_9_75,"Treehouse carries TCGA-SARC liposarcoma samples in one parent liposarcoma disease bucket. This source joins each TCGA sample barcode prefix to the GDC TCGA-SARC diagnoses.primary_diagnosis table and routes well-differentiated, dedifferentiated, and pleomorphic liposarcoma separately. The two-sample PLEOLPS overlay is published as an additional source; the four-sample GSE75885 RNA-seq matrix remains its selected raw source matrix.",34571,2,False
SARC_PLEOLPS,GSE30929_SINGER_2007_LPS,GEO,PMID 22241786 (Singer 2007 MSKCC 140-sample LPS classifier); unit=TPM; canonicalized with oncoref expression_engine; clean_tpm=16/9/75; clean_tpm_profile=treehouse_polya_25_01_median_v1,,geo-microarray,microarray_tpm_proxy,False,primary,,gse30929_singer_2007_lps_tpm_to_tpm_oncoref_canonical_clean_tpm_16_9_75,"Affymetrix HG-U133A (GPL96) microarray; 140 primary liposarcomas from MSKCC, explicitly histology-tagged via char_subtype: 52 WD-LPS, 40 DD-LPS, 20 pleomorphic, 17 myxoid, 11 myxoid/round-cell. The round-cell variant IS high-grade myxoid LPS (WHO grade III, same FUS::DDIT3 fusion entity), so both collapse to SARC_MYXLPS (n=28). Builds 4 shards from one cohort via sample_include_regex (matched against char_subtype). MYXLPS biology validates: FABP4 2799 / ADIPOQ 917 / PPARG 424 (adipogenic program), FUS+DDIT3 both ~165 (fusion partners both expressed), STAT3 253 + JAK1 207 (FUS-DDIT3/JAK-STAT axis per PMC8851354).",13653,20,False
SARC_RMS_ARMS,TREEHOUSE_POLYA_25_01,Treehouse,"Treehouse Childhood Cancer Initiative, Tumor Compendium 25.01 PolyA (released Jan 2025; clinical 20250131v1, TPM matrix 2025-02-27). GSE294351.; unit=log2(TPM+1); canonicalized with oncoref expression_engine; clean_tpm=16/9/75; clean_tpm_profile=treehouse_polya_25_01_median_v1",,treehouse-compendium,linear_rnaseq_tpm,True,mixed,,treehouse_polya_25_01_log2_tpm_1_to_tpm_oncoref_canonical_clean_tpm_16_9_75,"13,359 samples × 58,581 genes; matrix is RSEM log2(TPM+1) keyed by HUGO symbol. Builder inverse-transforms to TPM, subsets by `clinical.disease == <label>`, harmonizes HUGO to Ensembl release 112, sums TPM across symbols that collapse to the same ENSG, then applies the canonical 16/9/75 clean-TPM transform. Every measured censored gene receives the same Treehouse PolyA reference composition before stat summarization. Same builder is parameterized for every Treehouse cancer code listed above. Samples with TCGA provenance (~9,500 samples) are extracted from this same file by `scripts/sweep_treehouse_tcga_cohorts.py` and tagged `source_cohort=TREEHOUSE_POLYA_25_01_TCGA_SAMPLES` so a future authoritative GDC build can land alongside without clobbering.",34571,73,True
SARC_RMS_ERMS,TREEHOUSE_POLYA_25_01,Treehouse,"Treehouse Childhood Cancer Initiative, Tumor Compendium 25.01 PolyA (released Jan 2025; clinical 20250131v1, TPM matrix 2025-02-27). GSE294351.; unit=log2(TPM+1); canonicalized with oncoref expression_engine; clean_tpm=16/9/75; clean_tpm_profile=treehouse_polya_25_01_median_v1",,treehouse-compendium,linear_rnaseq_tpm,True,mixed,,treehouse_polya_25_01_log2_tpm_1_to_tpm_oncoref_canonical_clean_tpm_16_9_75,"13,359 samples × 58,581 genes; matrix is RSEM log2(TPM+1) keyed by HUGO symbol. Builder inverse-transforms to TPM, subsets by `clinical.disease == <label>`, harmonizes HUGO to Ensembl release 112, sums TPM across symbols that collapse to the same ENSG, then applies the canonical 16/9/75 clean-TPM transform. Every measured censored gene receives the same Treehouse PolyA reference composition before stat summarization. Same builder is parameterized for every Treehouse cancer code listed above. Samples with TCGA provenance (~9,500 samples) are extracted from this same file by `scripts/sweep_treehouse_tcga_cohorts.py` and tagged `source_cohort=TREEHOUSE_POLYA_25_01_TCGA_SAMPLES` so a future authoritative GDC build can land alongside without clobbering.",34571,95,True
SARC_RMS_PRMS,TREEHOUSE_POLYA_25_01,Treehouse,"Treehouse Childhood Cancer Initiative, Tumor Compendium 25.01 PolyA (released Jan 2025; clinical 20250131v1, TPM matrix 2025-02-27). GSE294351.; unit=log2(TPM+1); canonicalized with oncoref expression_engine; clean_tpm=16/9/75; clean_tpm_profile=treehouse_polya_25_01_median_v1",,treehouse-compendium,linear_rnaseq_tpm,True,mixed,,treehouse_polya_25_01_log2_tpm_1_to_tpm_oncoref_canonical_clean_tpm_16_9_75,"13,359 samples × 58,581 genes; matrix is RSEM log2(TPM+1) keyed by HUGO symbol. Builder inverse-transforms to TPM, subsets by `clinical.disease == <label>`, harmonizes HUGO to Ensembl release 112, sums TPM across symbols that collapse to the same ENSG, then applies the canonical 16/9/75 clean-TPM transform. Every measured censored gene receives the same Treehouse PolyA reference composition before stat summarization. Same builder is parameterized for every Treehouse cancer code listed above. Samples with TCGA provenance (~9,500 samples) are extracted from this same file by `scripts/sweep_treehouse_tcga_cohorts.py` and tagged `source_cohort=TREEHOUSE_POLYA_25_01_TCGA_SAMPLES` so a future authoritative GDC build can land alongside without clobbering.",34571,6,True
SARC_RMS_SSRMS,TREEHOUSE_POLYA_25_01,Treehouse,"Treehouse Childhood Cancer Initiative, Tumor Compendium 25.01 PolyA (released Jan 2025; clinical 20250131v1, TPM matrix 2025-02-27). GSE294351.; unit=log2(TPM+1); canonicalized with oncoref expression_engine; clean_tpm=16/9/75; clean_tpm_profile=treehouse_polya_25_01_median_v1",,treehouse-compendium,linear_rnaseq_tpm,True,mixed,,treehouse_polya_25_01_log2_tpm_1_to_tpm_oncoref_canonical_clean_tpm_16_9_75,"13,359 samples × 58,581 genes; matrix is RSEM log2(TPM+1) keyed by HUGO symbol. Builder inverse-transforms to TPM, subsets by `clinical.disease == <label>`, harmonizes HUGO to Ensembl release 112, sums TPM across symbols that collapse to the same ENSG, then applies the canonical 16/9/75 clean-TPM transform. Every measured censored gene receives the same Treehouse PolyA reference composition before stat summarization. Same builder is parameterized for every Treehouse cancer code listed above. Samples with TCGA provenance (~9,500 samples) are extracted from this same file by `scripts/sweep_treehouse_tcga_cohorts.py` and tagged `source_cohort=TREEHOUSE_POLYA_25_01_TCGA_SAMPLES` so a future authoritative GDC build can land alongside without clobbering.",34571,8,True
SARC_SYN,TREEHOUSE_POLYA_25_01,Treehouse,"Treehouse Childhood Cancer Initiative, Tumor Compendium 25.01 PolyA (released Jan 2025; clinical 20250131v1, TPM matrix 2025-02-27). GSE294351.; unit=log2(TPM+1); canonicalized with oncoref expression_engine; clean_tpm=16/9/75; clean_tpm_profile=treehouse_polya_25_01_median_v1",,treehouse-compendium,linear_rnaseq_tpm,True,mixed,,treehouse_polya_25_01_log2_tpm_1_to_tpm_oncoref_canonical_clean_tpm_16_9_75,"13,359 samples × 58,581 genes; matrix is RSEM log2(TPM+1) keyed by HUGO symbol. Builder inverse-transforms to TPM, subsets by `clinical.disease == <label>`, harmonizes HUGO to Ensembl release 112, sums TPM across symbols that collapse to the same ENSG, then applies the canonical 16/9/75 clean-TPM transform. Every measured censored gene receives the same Treehouse PolyA reference composition before stat summarization. Same builder is parameterized for every Treehouse cancer code listed above. Samples with TCGA provenance (~9,500 samples) are extracted from this same file by `scripts/sweep_treehouse_tcga_cohorts.py` and tagged `source_cohort=TREEHOUSE_POLYA_25_01_TCGA_SAMPLES` so a future authoritative GDC build can land alongside without clobbering.",34571,50,True
SARC_UPS,TREEHOUSE_POLYA_25_01,Treehouse,"Treehouse Childhood Cancer Initiative, Tumor Compendium 25.01 PolyA (released Jan 2025; clinical 20250131v1, TPM matrix 2025-02-27). GSE294351.; unit=log2(TPM+1); canonicalized with oncoref expression_engine; clean_tpm=16/9/75; clean_tpm_profile=treehouse_polya_25_01_median_v1",,treehouse-compendium,linear_rnaseq_tpm,True,mixed,,treehouse_polya_25_01_log2_tpm_1_to_tpm_oncoref_canonical_clean_tpm_16_9_75,"13,359 samples × 58,581 genes; matrix is RSEM log2(TPM+1) keyed by HUGO symbol. Builder inverse-transforms to TPM, subsets by `clinical.disease == <label>`, harmonizes HUGO to Ensembl release 112, sums TPM across symbols that collapse to the same ENSG, then applies the canonical 16/9/75 clean-TPM transform. Every measured censored gene receives the same Treehouse PolyA reference composition before stat summarization. Same builder is parameterized for every Treehouse cancer code listed above. Samples with TCGA provenance (~9,500 samples) are extracted from this same file by `scripts/sweep_treehouse_tcga_cohorts.py` and tagged `source_cohort=TREEHOUSE_POLYA_25_01_TCGA_SAMPLES` so a future authoritative GDC build can land alongside without clobbering.",34571,110,True
SARC_WDLPS,TREEHOUSE_POLYA_25_01_TCGA_SARC_HISTOLOGY,Treehouse (TCGA-SARC) x GDC primary diagnosis,"Treehouse Childhood Cancer Initiative, Tumor Compendium 25.01 PolyA, TCGA-SARC liposarcoma samples split by GDC diagnoses.primary_diagnosis. PMID 24071852.; unit=log2(TPM+1); canonicalized with oncoref expression_engine; clean_tpm=16/9/75; clean_tpm_profile=treehouse_polya_25_01_median_v1",,treehouse-compendium,linear_rnaseq_tpm,True,primary,,treehouse_polya_25_01_tcga_sarc_histology_log2_tpm_1_to_tpm_oncoref_canonical_clean_tpm_16_9_75,"Treehouse carries TCGA-SARC liposarcoma samples in one parent liposarcoma disease bucket. This source joins each TCGA sample barcode prefix to the GDC TCGA-SARC diagnoses.primary_diagnosis table and routes well-differentiated, dedifferentiated, and pleomorphic liposarcoma separately. The two-sample PLEOLPS overlay is published as an additional source; the four-sample GSE75885 RNA-seq matrix remains its selected raw source matrix.",34571,5,True
SARC_WDLPS,GSE30929_SINGER_2007_LPS,GEO,PMID 22241786 (Singer 2007 MSKCC 140-sample LPS classifier); unit=TPM; canonicalized with oncoref expression_engine; clean_tpm=16/9/75; clean_tpm_profile=treehouse_polya_25_01_median_v1,,geo-microarray,microarray_tpm_proxy,False,primary,,gse30929_singer_2007_lps_tpm_to_tpm_oncoref_canonical_clean_tpm_16_9_75,"Affymetrix HG-U133A (GPL96) microarray; 140 primary liposarcomas from MSKCC, explicitly histology-tagged via char_subtype: 52 WD-LPS, 40 DD-LPS, 20 pleomorphic, 17 myxoid, 11 myxoid/round-cell. The round-cell variant IS high-grade myxoid LPS (WHO grade III, same FUS::DDIT3 fusion entity), so both collapse to SARC_MYXLPS (n=28). Builds 4 shards from one cohort via sample_include_regex (matched against char_subtype). MYXLPS biology validates: FABP4 2799 / ADIPOQ 917 / PPARG 424 (adipogenic program), FUS+DDIT3 both ~165 (fusion partners both expressed), STAT3 253 + JAK1 207 (FUS-DDIT3/JAK-STAT axis per PMC8851354).",13653,52,False
SCLC,SCLC_UCOLOGNE_2015,University of Cologne,"SCLC U.Cologne 2015 (George 2015, PMID 26168399); unit=FPKM; canonicalized with oncoref expression_engine; clean_tpm=16/9/75; clean_tpm_profile=treehouse_polya_25_01_median_v1",,geo-matrix,linear_rnaseq_tpm,True,primary,,sclc_ucologne_2015_fpkm_to_tpm_oncoref_canonical_clean_tpm_16_9_75,Small-cell lung cancer summary import.,16889,81,True
SCLC_ASCL1,SCLC_UCOLOGNE_2015,University of Cologne,"SCLC U.Cologne 2015 (George 2015, PMID 26168399); unit=FPKM; canonicalized with oncoref expression_engine; clean_tpm=16/9/75; clean_tpm_profile=treehouse_polya_25_01_median_v1",,geo-matrix,linear_rnaseq_tpm,True,primary,,sclc_ucologne_2015_fpkm_to_tpm_oncoref_canonical_clean_tpm_16_9_75,Small-cell lung cancer summary import.,16889,61,True
SCLC_NEUROD1,SCLC_UCOLOGNE_2015,University of Cologne,"SCLC U.Cologne 2015 (George 2015, PMID 26168399); unit=FPKM; canonicalized with oncoref expression_engine; clean_tpm=16/9/75; clean_tpm_profile=treehouse_polya_25_01_median_v1",,geo-matrix,linear_rnaseq_tpm,True,primary,,sclc_ucologne_2015_fpkm_to_tpm_oncoref_canonical_clean_tpm_16_9_75,Small-cell lung cancer summary import.,16889,8,True
SCLC_POU2F3,SCLC_UCOLOGNE_2015,University of Cologne,"SCLC U.Cologne 2015 (George 2015, PMID 26168399); unit=FPKM; canonicalized with oncoref expression_engine; clean_tpm=16/9/75; clean_tpm_profile=treehouse_polya_25_01_median_v1",,geo-matrix,linear_rnaseq_tpm,True,primary,,sclc_ucologne_2015_fpkm_to_tpm_oncoref_canonical_clean_tpm_16_9_75,Small-cell lung cancer summary import.,16889,10,True
SCLC_YAP1,SCLC_UCOLOGNE_2015,University of Cologne,"SCLC U.Cologne 2015 (George 2015, PMID 26168399); unit=FPKM; canonicalized with oncoref expression_engine; clean_tpm=16/9/75; clean_tpm_profile=treehouse_polya_25_01_median_v1",,geo-matrix,linear_rnaseq_tpm,True,primary,,sclc_ucologne_2015_fpkm_to_tpm_oncoref_canonical_clean_tpm_16_9_75,Small-cell lung cancer summary import.,16889,2,True
SKCM,TREEHOUSE_POLYA_25_01_TCGA_SAMPLES,Treehouse (TCGA samples),"Treehouse Childhood Cancer Initiative, Tumor Compendium 25.01 PolyA samples selected by TCGA provenance (released Jan 2025; clinical 20250131v1, TPM matrix 2025-02-27). GSE294351.; unit=log2(TPM+1); canonicalized with oncoref expression_engine; clean_tpm=16/9/75; clean_tpm_profile=treehouse_polya_25_01_median_v1",,treehouse-compendium,linear_rnaseq_tpm,True,mixed,,treehouse_polya_25_01_tcga_samples_log2_tpm_1_to_tpm_oncoref_canonical_clean_tpm_16_9_75,"TCGA-only subset of the Treehouse 25.01 PolyA compendium. Samples are selected by matching the Treehouse clinical disease label and requiring `th_dataset_id` to start with `TCGA`. This deliberately excludes GBM/LGG, SARC, and subtype cohorts that require additional cBioPortal, GDC, or histology side tables; those remain source-specific follow-ups under oncoref#296. Uses its own source_cohort so a future authoritative GDC STAR-counts build can coexist without clobbering Treehouse-derived artifacts.",34571,469,True
STAD,TREEHOUSE_POLYA_25_01_TCGA_SAMPLES,Treehouse (TCGA samples),"Treehouse Childhood Cancer Initiative, Tumor Compendium 25.01 PolyA samples selected by TCGA provenance (released Jan 2025; clinical 20250131v1, TPM matrix 2025-02-27). GSE294351.; unit=log2(TPM+1); canonicalized with oncoref expression_engine; clean_tpm=16/9/75; clean_tpm_profile=treehouse_polya_25_01_median_v1",,treehouse-compendium,linear_rnaseq_tpm,True,mixed,,treehouse_polya_25_01_tcga_samples_log2_tpm_1_to_tpm_oncoref_canonical_clean_tpm_16_9_75,"TCGA-only subset of the Treehouse 25.01 PolyA compendium. Samples are selected by matching the Treehouse clinical disease label and requiring `th_dataset_id` to start with `TCGA`. This deliberately excludes GBM/LGG, SARC, and subtype cohorts that require additional cBioPortal, GDC, or histology side tables; those remain source-specific follow-ups under oncoref#296. Uses its own source_cohort so a future authoritative GDC STAR-counts build can coexist without clobbering Treehouse-derived artifacts.",34571,414,True
STAD_CIN,TREEHOUSE_POLYA_25_01_TCGA_STAD_SUBTYPE,Treehouse (TCGA-STAD) x cBioPortal molecular subtype,"Treehouse Childhood Cancer Initiative, Tumor Compendium 25.01 PolyA, TCGA-STAD subset split by cBioPortal molecular subtype calls from stad_tcga_pan_can_atlas_2018. PMID 25079317.; unit=log2(TPM+1); canonicalized with oncoref expression_engine; clean_tpm=16/9/75; clean_tpm_profile=treehouse_polya_25_01_median_v1",,treehouse-compendium,linear_rnaseq_tpm,True,primary,,treehouse_polya_25_01_tcga_stad_subtype_log2_tpm_1_to_tpm_oncoref_canonical_clean_tpm_16_9_75,"Treehouse carries TCGA-STAD samples in the parent stomach adenocarcinoma disease bucket. This source joins each TCGA sample barcode prefix to cBioPortal PanCancer Atlas patient SUBTYPE calls and routes EBV, MSI, genomically stable, and chromosomal-instability cohorts separately. The cBioPortal STAD_POLE label is intentionally not routed because oncoref does not currently carry a STAD_POLE registry code.",34571,221,True
STAD_EBV,TREEHOUSE_POLYA_25_01_TCGA_STAD_SUBTYPE,Treehouse (TCGA-STAD) x cBioPortal molecular subtype,"Treehouse Childhood Cancer Initiative, Tumor Compendium 25.01 PolyA, TCGA-STAD subset split by cBioPortal molecular subtype calls from stad_tcga_pan_can_atlas_2018. PMID 25079317.; unit=log2(TPM+1); canonicalized with oncoref expression_engine; clean_tpm=16/9/75; clean_tpm_profile=treehouse_polya_25_01_median_v1",,treehouse-compendium,linear_rnaseq_tpm,True,primary,,treehouse_polya_25_01_tcga_stad_subtype_log2_tpm_1_to_tpm_oncoref_canonical_clean_tpm_16_9_75,"Treehouse carries TCGA-STAD samples in the parent stomach adenocarcinoma disease bucket. This source joins each TCGA sample barcode prefix to cBioPortal PanCancer Atlas patient SUBTYPE calls and routes EBV, MSI, genomically stable, and chromosomal-instability cohorts separately. The cBioPortal STAD_POLE label is intentionally not routed because oncoref does not currently carry a STAD_POLE registry code.",34571,30,True
STAD_GS,TREEHOUSE_POLYA_25_01_TCGA_STAD_SUBTYPE,Treehouse (TCGA-STAD) x cBioPortal molecular subtype,"Treehouse Childhood Cancer Initiative, Tumor Compendium 25.01 PolyA, TCGA-STAD subset split by cBioPortal molecular subtype calls from stad_tcga_pan_can_atlas_2018. PMID 25079317.; unit=log2(TPM+1); canonicalized with oncoref expression_engine; clean_tpm=16/9/75; clean_tpm_profile=treehouse_polya_25_01_median_v1",,treehouse-compendium,linear_rnaseq_tpm,True,primary,,treehouse_polya_25_01_tcga_stad_subtype_log2_tpm_1_to_tpm_oncoref_canonical_clean_tpm_16_9_75,"Treehouse carries TCGA-STAD samples in the parent stomach adenocarcinoma disease bucket. This source joins each TCGA sample barcode prefix to cBioPortal PanCancer Atlas patient SUBTYPE calls and routes EBV, MSI, genomically stable, and chromosomal-instability cohorts separately. The cBioPortal STAD_POLE label is intentionally not routed because oncoref does not currently carry a STAD_POLE registry code.",34571,50,True
STAD_MSI,TREEHOUSE_POLYA_25_01_TCGA_STAD_SUBTYPE,Treehouse (TCGA-STAD) x cBioPortal molecular subtype,"Treehouse Childhood Cancer Initiative, Tumor Compendium 25.01 PolyA, TCGA-STAD subset split by cBioPortal molecular subtype calls from stad_tcga_pan_can_atlas_2018. PMID 25079317.; unit=log2(TPM+1); canonicalized with oncoref expression_engine; clean_tpm=16/9/75; clean_tpm_profile=treehouse_polya_25_01_median_v1",,treehouse-compendium,linear_rnaseq_tpm,True,primary,,treehouse_polya_25_01_tcga_stad_subtype_log2_tpm_1_to_tpm_oncoref_canonical_clean_tpm_16_9_75,"Treehouse carries TCGA-STAD samples in the parent stomach adenocarcinoma disease bucket. This source joins each TCGA sample barcode prefix to cBioPortal PanCancer Atlas patient SUBTYPE calls and routes EBV, MSI, genomically stable, and chromosomal-instability cohorts separately. The cBioPortal STAD_POLE label is intentionally not routed because oncoref does not currently carry a STAD_POLE registry code.",34571,73,True
TGCT,TREEHOUSE_POLYA_25_01_TCGA_SAMPLES,Treehouse (TCGA samples),"Treehouse Childhood Cancer Initiative, Tumor Compendium 25.01 PolyA samples selected by TCGA provenance (released Jan 2025; clinical 20250131v1, TPM matrix 2025-02-27). GSE294351.; unit=log2(TPM+1); canonicalized with oncoref expression_engine; clean_tpm=16/9/75; clean_tpm_profile=treehouse_polya_25_01_median_v1",,treehouse-compendium,linear_rnaseq_tpm,True,mixed,,treehouse_polya_25_01_tcga_samples_log2_tpm_1_to_tpm_oncoref_canonical_clean_tpm_16_9_75,"TCGA-only subset of the Treehouse 25.01 PolyA compendium. Samples are selected by matching the Treehouse clinical disease label and requiring `th_dataset_id` to start with `TCGA`. This deliberately excludes GBM/LGG, SARC, and subtype cohorts that require additional cBioPortal, GDC, or histology side tables; those remain source-specific follow-ups under oncoref#296. Uses its own source_cohort so a future authoritative GDC STAR-counts build can coexist without clobbering Treehouse-derived artifacts.",34571,154,True
THCA,TREEHOUSE_POLYA_25_01_TCGA_SAMPLES,Treehouse (TCGA samples),"Treehouse Childhood Cancer Initiative, Tumor Compendium 25.01 PolyA samples selected by TCGA provenance (released Jan 2025; clinical 20250131v1, TPM matrix 2025-02-27). GSE294351.; unit=log2(TPM+1); canonicalized with oncoref expression_engine; clean_tpm=16/9/75; clean_tpm_profile=treehouse_polya_25_01_median_v1",,treehouse-compendium,linear_rnaseq_tpm,True,mixed,,treehouse_polya_25_01_tcga_samples_log2_tpm_1_to_tpm_oncoref_canonical_clean_tpm_16_9_75,"TCGA-only subset of the Treehouse 25.01 PolyA compendium. Samples are selected by matching the Treehouse clinical disease label and requiring `th_dataset_id` to start with `TCGA`. This deliberately excludes GBM/LGG, SARC, and subtype cohorts that require additional cBioPortal, GDC, or histology side tables; those remain source-specific follow-ups under oncoref#296. Uses its own source_cohort so a future authoritative GDC STAR-counts build can coexist without clobbering Treehouse-derived artifacts.",34571,512,True
THYM,TREEHOUSE_POLYA_25_01_TCGA_SAMPLES,Treehouse (TCGA samples),"Treehouse Childhood Cancer Initiative, Tumor Compendium 25.01 PolyA samples selected by TCGA provenance (released Jan 2025; clinical 20250131v1, TPM matrix 2025-02-27). GSE294351.; unit=log2(TPM+1); canonicalized with oncoref expression_engine; clean_tpm=16/9/75; clean_tpm_profile=treehouse_polya_25_01_median_v1",,treehouse-compendium,linear_rnaseq_tpm,True,mixed,,treehouse_polya_25_01_tcga_samples_log2_tpm_1_to_tpm_oncoref_canonical_clean_tpm_16_9_75,"TCGA-only subset of the Treehouse 25.01 PolyA compendium. Samples are selected by matching the Treehouse clinical disease label and requiring `th_dataset_id` to start with `TCGA`. This deliberately excludes GBM/LGG, SARC, and subtype cohorts that require additional cBioPortal, GDC, or histology side tables; those remain source-specific follow-ups under oncoref#296. Uses its own source_cohort so a future authoritative GDC STAR-counts build can coexist without clobbering Treehouse-derived artifacts.",34571,119,True
T_ALL,TARGET_ALL_2018,TARGET ALL,https://portal.gdc.cancer.gov/projects/TARGET-ALL-P2; unit=TPM; canonicalized with oncoref expression_engine; clean_tpm=16/9/75; clean_tpm_profile=treehouse_polya_25_01_median_v1,,gdc,linear_rnaseq_tpm,True,primary,,gdc_star_counts_tpm_ensembl112_clean_tpm_16_9_75,"Three TARGET ALL phases merged. GDC diagnoses do not encode B/T lineage; the builder routes cases from the public Phase 1/2 sample-matrix ""Cell of origin"" comments.",60279,264,True
UCEC,TREEHOUSE_POLYA_25_01_TCGA_SAMPLES,Treehouse (TCGA samples),"Treehouse Childhood Cancer Initiative, Tumor Compendium 25.01 PolyA samples selected by TCGA provenance (released Jan 2025; clinical 20250131v1, TPM matrix 2025-02-27). GSE294351.; unit=log2(TPM+1); canonicalized with oncoref expression_engine; clean_tpm=16/9/75; clean_tpm_profile=treehouse_polya_25_01_median_v1",,treehouse-compendium,linear_rnaseq_tpm,True,mixed,,treehouse_polya_25_01_tcga_samples_log2_tpm_1_to_tpm_oncoref_canonical_clean_tpm_16_9_75,"TCGA-only subset of the Treehouse 25.01 PolyA compendium. Samples are selected by matching the Treehouse clinical disease label and requiring `th_dataset_id` to start with `TCGA`. This deliberately excludes GBM/LGG, SARC, and subtype cohorts that require additional cBioPortal, GDC, or histology side tables; those remain source-specific follow-ups under oncoref#296. Uses its own source_cohort so a future authoritative GDC STAR-counts build can coexist without clobbering Treehouse-derived artifacts.",34571,181,True
UCEC_CNH,TREEHOUSE_POLYA_25_01_TCGA_UCEC_SUBTYPE,Treehouse (TCGA-UCEC) x cBioPortal molecular subtype,"Treehouse Childhood Cancer Initiative, Tumor Compendium 25.01 PolyA, TCGA-UCEC subset split by cBioPortal molecular subtype calls from ucec_tcga_pan_can_atlas_2018. PMID 23636398.; unit=log2(TPM+1); canonicalized with oncoref expression_engine; clean_tpm=16/9/75; clean_tpm_profile=treehouse_polya_25_01_median_v1",,treehouse-compendium,linear_rnaseq_tpm,True,primary,,treehouse_polya_25_01_tcga_ucec_subtype_log2_tpm_1_to_tpm_oncoref_canonical_clean_tpm_16_9_75,"Treehouse carries TCGA-UCEC samples in a parent uterine/endometrial disease bucket. This source joins each TCGA sample barcode prefix to cBioPortal PanCancer Atlas patient SUBTYPE calls and routes POLE, MSI, copy-number-low, and copy-number-high cohorts separately. It uses a distinct source_cohort from the unsplit UCEC cohort so subtype-derived references remain auditable.",34571,85,True
UCEC_CNL,TREEHOUSE_POLYA_25_01_TCGA_UCEC_SUBTYPE,Treehouse (TCGA-UCEC) x cBioPortal molecular subtype,"Treehouse Childhood Cancer Initiative, Tumor Compendium 25.01 PolyA, TCGA-UCEC subset split by cBioPortal molecular subtype calls from ucec_tcga_pan_can_atlas_2018. PMID 23636398.; unit=log2(TPM+1); canonicalized with oncoref expression_engine; clean_tpm=16/9/75; clean_tpm_profile=treehouse_polya_25_01_median_v1",,treehouse-compendium,linear_rnaseq_tpm,True,primary,,treehouse_polya_25_01_tcga_ucec_subtype_log2_tpm_1_to_tpm_oncoref_canonical_clean_tpm_16_9_75,"Treehouse carries TCGA-UCEC samples in a parent uterine/endometrial disease bucket. This source joins each TCGA sample barcode prefix to cBioPortal PanCancer Atlas patient SUBTYPE calls and routes POLE, MSI, copy-number-low, and copy-number-high cohorts separately. It uses a distinct source_cohort from the unsplit UCEC cohort so subtype-derived references remain auditable.",34571,30,True
UCEC_MSI,TREEHOUSE_POLYA_25_01_TCGA_UCEC_SUBTYPE,Treehouse (TCGA-UCEC) x cBioPortal molecular subtype,"Treehouse Childhood Cancer Initiative, Tumor Compendium 25.01 PolyA, TCGA-UCEC subset split by cBioPortal molecular subtype calls from ucec_tcga_pan_can_atlas_2018. PMID 23636398.; unit=log2(TPM+1); canonicalized with oncoref expression_engine; clean_tpm=16/9/75; clean_tpm_profile=treehouse_polya_25_01_median_v1",,treehouse-compendium,linear_rnaseq_tpm,True,primary,,treehouse_polya_25_01_tcga_ucec_subtype_log2_tpm_1_to_tpm_oncoref_canonical_clean_tpm_16_9_75,"Treehouse carries TCGA-UCEC samples in a parent uterine/endometrial disease bucket. This source joins each TCGA sample barcode prefix to cBioPortal PanCancer Atlas patient SUBTYPE calls and routes POLE, MSI, copy-number-low, and copy-number-high cohorts separately. It uses a distinct source_cohort from the unsplit UCEC cohort so subtype-derived references remain auditable.",34571,41,True
UCEC_POLE,TREEHOUSE_POLYA_25_01_TCGA_UCEC_SUBTYPE,Treehouse (TCGA-UCEC) x cBioPortal molecular subtype,"Treehouse Childhood Cancer Initiative, Tumor Compendium 25.01 PolyA, TCGA-UCEC subset split by cBioPortal molecular subtype calls from ucec_tcga_pan_can_atlas_2018. PMID 23636398.; unit=log2(TPM+1); canonicalized with oncoref expression_engine; clean_tpm=16/9/75; clean_tpm_profile=treehouse_polya_25_01_median_v1",,treehouse-compendium,linear_rnaseq_tpm,True,primary,,treehouse_polya_25_01_tcga_ucec_subtype_log2_tpm_1_to_tpm_oncoref_canonical_clean_tpm_16_9_75,"Treehouse carries TCGA-UCEC samples in a parent uterine/endometrial disease bucket. This source joins each TCGA sample barcode prefix to cBioPortal PanCancer Atlas patient SUBTYPE calls and routes POLE, MSI, copy-number-low, and copy-number-high cohorts separately. It uses a distinct source_cohort from the unsplit UCEC cohort so subtype-derived references remain auditable.",34571,16,True
UCS,TREEHOUSE_POLYA_25_01_TCGA_SAMPLES,Treehouse (TCGA samples),"Treehouse Childhood Cancer Initiative, Tumor Compendium 25.01 PolyA samples selected by TCGA provenance (released Jan 2025; clinical 20250131v1, TPM matrix 2025-02-27). GSE294351.; unit=log2(TPM+1); canonicalized with oncoref expression_engine; clean_tpm=16/9/75; clean_tpm_profile=treehouse_polya_25_01_median_v1",,treehouse-compendium,linear_rnaseq_tpm,True,mixed,,treehouse_polya_25_01_tcga_samples_log2_tpm_1_to_tpm_oncoref_canonical_clean_tpm_16_9_75,"TCGA-only subset of the Treehouse 25.01 PolyA compendium. Samples are selected by matching the Treehouse clinical disease label and requiring `th_dataset_id` to start with `TCGA`. This deliberately excludes GBM/LGG, SARC, and subtype cohorts that require additional cBioPortal, GDC, or histology side tables; those remain source-specific follow-ups under oncoref#296. Uses its own source_cohort so a future authoritative GDC STAR-counts build can coexist without clobbering Treehouse-derived artifacts.",34571,57,True
UVM,TREEHOUSE_POLYA_25_01_TCGA_SAMPLES,Treehouse (TCGA samples),"Treehouse Childhood Cancer Initiative, Tumor Compendium 25.01 PolyA samples selected by TCGA provenance (released Jan 2025; clinical 20250131v1, TPM matrix 2025-02-27). GSE294351.; unit=log2(TPM+1); canonicalized with oncoref expression_engine; clean_tpm=16/9/75; clean_tpm_profile=treehouse_polya_25_01_median_v1",,treehouse-compendium,linear_rnaseq_tpm,True,mixed,,treehouse_polya_25_01_tcga_samples_log2_tpm_1_to_tpm_oncoref_canonical_clean_tpm_16_9_75,"TCGA-only subset of the Treehouse 25.01 PolyA compendium. Samples are selected by matching the Treehouse clinical disease label and requiring `th_dataset_id` to start with `TCGA`. This deliberately excludes GBM/LGG, SARC, and subtype cohorts that require additional cBioPortal, GDC, or histology side tables; those remain source-specific follow-ups under oncoref#296. Uses its own source_cohort so a future authoritative GDC STAR-counts build can coexist without clobbering Treehouse-derived artifacts.",34571,79,True
VSCC,SRP449588_VSCC_2024,NCBI SRA Gene Feature counts,NCBI SRA Gene Feature analyses SRZ1277119/SRZ1610788/SRZ1611554/SRZ1278215/SRZ1276871/SRZ1277376/SRZ1277597/SRZ1277053/SRZ1611176 (scf_rnaseq_gene_counts 0.5.6); RefSeq GCF_000001405.40-RS_2025_08 length reference; harmonized to Ensembl release 112; unit=NCBI Gene Feature count-derived TPM; canonicalized with oncoref expression_engine; clean_tpm=16/9/75; clean_tpm_profile=treehouse_polya_25_01_median_v1,PMID:38898085,sra-ncbi-counts,ncbi_gene_feature_count_tpm,True,mixed,,ncbi_sra_gene_feature_counts_refseq2025_gene_length_tpm_oncoref_canonical_clean_tpm_16_9_75,"Nine independent invasive vulvar squamous cell carcinomas with RIN above 6 were selected from the thirteen-tumor study and sequenced as poly(A), paired-end bulk RNA-seq. Tumors 1-4, 6, and 9 were reported as primary; Tumors 5, 7, and 8 as recurrent; and the Tumor 2 biopsy came from a metastatic site. This mixed-origin n=9 cohort is a direct reference but remains reference-only rather than independently classification-ready. Direct per-tumor HPV evidence is preserved in the molecular-provenance manifest and is never inferred from diagnosis or expression.",44446,9,True
WILMS,TARGET_WT_2015,TARGET Wilms Tumor,TARGET Wilms Tumor 2015; unit=TPM; canonicalized with oncoref expression_engine; clean_tpm=16/9/75; clean_tpm_profile=treehouse_polya_25_01_median_v1,,gdc,linear_rnaseq_tpm,True,primary,,gdc_star_counts_tpm_ensembl112_clean_tpm_16_9_75,Backfill candidate from GDC.,60279,125,True
cSCC,GSE125285_BCC_CSCC,GEO,GSE125285; PMID:33997165; unit=nCPM proxy; canonicalized with oncoref expression_engine; clean_tpm=16/9/75; clean_tpm_profile=treehouse_polya_25_01_median_v1,PMID:33997165,geo-rnaseq-cpm-proxy,bulk_rnaseq_cpm_proxy,False,primary,,gse125285_log2_cpm_inverse_ncpm_proxy_ensembl112_clean_tpm_16_9_75,"Select the 25 diagnosis-confirmed BCC tumors and 10 diagnosis-confirmed cSCC tumors from the 70-sample paired study; retain all 35 matched adjacent normals as explicit exclusions. Invert author log2(CPM+1) and rescale each tumor to nCPM. The result preserves within-sample ranks but lacks gene-length normalization, so it is neither bulk-TPM comparable nor, by itself, classification-ready.",15263,10,True
