dataset,row_key,cancer_code,regimen,metric,value,reference,source_review_status,source_locator,findings,reference_id,title,source_url,full_text_or_existing_document_urls,citation_status,underlying_estimate_id,source_document_url,source_document_kind,metric_n,responders,source_n,unit,value_basis,trial_name,trial_nct,source_population_label,setting,tmb_assay,source_review_notes,notes
cancer-tmb,BLCA,BLCA,,TMB,7.1,PMID:23770567,needs_source_review,Figure 1; supplementary per-sample data needed for exact subgroup medians,sample_size_not_curated;tmb_source_not_revalidated,R019,Mutational heterogeneity in cancer and the search for new cancer-associated genes.,https://pubmed.ncbi.nlm.nih.gov/23770567/,https://pmc.ncbi.nlm.nih.gov/articles/PMC3919509/,cited_reference_found,,,,,,,mutations_per_megabase,,,,,,WES_nonsilent_coding,"Citation identity reviewed; exact population, median and assay denominator remain unverified. Source metadata available; review the primary figure/table or supplement before use as a published median.",WES median; APOBEC-driven long tail.
cancer-tmb,BRCA,BRCA,,TMB,1.2,PMID:23770567,needs_source_review,Figure 1; supplementary per-sample data needed for exact subgroup medians,sample_size_not_curated;tmb_source_not_revalidated,R019,Mutational heterogeneity in cancer and the search for new cancer-associated genes.,https://pubmed.ncbi.nlm.nih.gov/23770567/,https://pmc.ncbi.nlm.nih.gov/articles/PMC3919509/,cited_reference_found,,,,,,,mutations_per_megabase,,,,,,WES_nonsilent_coding,"Citation identity reviewed; exact population, median and assay denominator remain unverified. Source metadata available; review the primary figure/table or supplement before use as a published median.",WES median; higher in basal/HER2; MSI rare.
cancer-tmb,CESC,CESC,,TMB,5.0,PMID:23770567,needs_source_review,Figure 1; supplementary per-sample data needed for exact subgroup medians,sample_size_not_curated;tmb_source_not_revalidated,R019,Mutational heterogeneity in cancer and the search for new cancer-associated genes.,https://pubmed.ncbi.nlm.nih.gov/23770567/,https://pmc.ncbi.nlm.nih.gov/articles/PMC3919509/,cited_reference_found,,,,,,,mutations_per_megabase,,,,,,WES_nonsilent_coding,"Citation identity reviewed; exact population, median and assay denominator remain unverified. Source metadata available; review the primary figure/table or supplement before use as a published median.",Cervical squamous; APOBEC + HPV; wide range.
cancer-tmb,COAD,COAD,,TMB,3.1,PMID:23770567,needs_source_review,Figure 1; supplementary per-sample data needed for exact subgroup medians,sample_size_not_curated;tmb_source_not_revalidated,R019,Mutational heterogeneity in cancer and the search for new cancer-associated genes.,https://pubmed.ncbi.nlm.nih.gov/23770567/,https://pmc.ncbi.nlm.nih.gov/articles/PMC3919509/,cited_reference_found,,,,,,,mutations_per_megabase,,,,,,WES_nonsilent_coding,"Citation identity reviewed; exact population, median and assay denominator remain unverified. Source metadata available; review the primary figure/table or supplement before use as a published median.",Colon MSS median; MSI-H/POLE subset >40.
cancer-tmb,DLBC,DLBC,,TMB,3.3,PMID:23770567,needs_source_review,Figure 1; supplementary per-sample data needed for exact subgroup medians,sample_size_not_curated;tmb_source_not_revalidated,R019,Mutational heterogeneity in cancer and the search for new cancer-associated genes.,https://pubmed.ncbi.nlm.nih.gov/23770567/,https://pmc.ncbi.nlm.nih.gov/articles/PMC3919509/,cited_reference_found,,,,,,,mutations_per_megabase,,,,,,WES_nonsilent_coding,"Citation identity reviewed; exact population, median and assay denominator remain unverified. Source metadata available; review the primary figure/table or supplement before use as a published median.",DLBCL WES median.
cancer-tmb,ESCA,ESCA,,TMB,4.0,PMID:23770567,needs_source_review,Figure 1; supplementary per-sample data needed for exact subgroup medians,sample_size_not_curated;tmb_source_not_revalidated,R019,Mutational heterogeneity in cancer and the search for new cancer-associated genes.,https://pubmed.ncbi.nlm.nih.gov/23770567/,https://pmc.ncbi.nlm.nih.gov/articles/PMC3919509/,cited_reference_found,,,,,,,mutations_per_megabase,,,,,,WES_nonsilent_coding,"Citation identity reviewed; exact population, median and assay denominator remain unverified. Source metadata available; review the primary figure/table or supplement before use as a published median.",ESCC vs EAC differ; range wide.
cancer-tmb,GBM,GBM,,TMB,2.2,PMID:23770567,needs_source_review,Figure 1; supplementary per-sample data needed for exact subgroup medians,sample_size_not_curated;tmb_source_not_revalidated,R019,Mutational heterogeneity in cancer and the search for new cancer-associated genes.,https://pubmed.ncbi.nlm.nih.gov/23770567/,https://pmc.ncbi.nlm.nih.gov/articles/PMC3919509/,cited_reference_found,,,,,,,mutations_per_megabase,,,,,,WES_nonsilent_coding,"Citation identity reviewed; exact population, median and assay denominator remain unverified. Source metadata available; review the primary figure/table or supplement before use as a published median.",WES median; post-temozolomide/MMR-deficient subset hypermutates.
cancer-tmb,HNSC,HNSC,,TMB,3.9,PMID:23770567,needs_source_review,Figure 1; supplementary per-sample data needed for exact subgroup medians,sample_size_not_curated;tmb_source_not_revalidated,R019,Mutational heterogeneity in cancer and the search for new cancer-associated genes.,https://pubmed.ncbi.nlm.nih.gov/23770567/,https://pmc.ncbi.nlm.nih.gov/articles/PMC3919509/,cited_reference_found,,,,,,,mutations_per_megabase,,,,,,WES_nonsilent_coding,"Citation identity reviewed; exact population, median and assay denominator remain unverified. Source metadata available; review the primary figure/table or supplement before use as a published median.",WES median; HPV+ vs HPV- differ slightly.
cancer-tmb,KICH,KICH,,TMB,0.7,PMID:28420421,needs_source_review,"Figure 2 / Additional file 3, Table S1; exact row not revalidated",sample_size_not_curated;tmb_source_not_revalidated,R034,"Analysis of 100,000 human cancer genomes reveals the landscape of tumor mutational burden.",https://pubmed.ncbi.nlm.nih.gov/28420421/,https://pmc.ncbi.nlm.nih.gov/articles/PMC5395719/,cited_reference_found,,,,,,,mutations_per_megabase,,,,,,targeted_panel,"Read Chalmers full text and Additional file 3 Table S1. No exact matching population/median row recovered: chromophobe is absent from the >50-specimen table. Legacy estimate remains unverified, not a published median.",Kidney chromophobe; very low; among lowest renal subtypes.
cancer-tmb,KIRC,KIRC,,TMB,1.9,PMID:23770567,needs_source_review,Figure 1; supplementary per-sample data needed for exact subgroup medians,sample_size_not_curated;tmb_source_not_revalidated,R019,Mutational heterogeneity in cancer and the search for new cancer-associated genes.,https://pubmed.ncbi.nlm.nih.gov/23770567/,https://pmc.ncbi.nlm.nih.gov/articles/PMC3919509/,cited_reference_found,,,,,,,mutations_per_megabase,,,,,,WES_nonsilent_coding,"Citation identity reviewed; exact population, median and assay denominator remain unverified. Source metadata available; review the primary figure/table or supplement before use as a published median.",Kidney clear cell WES median.
cancer-tmb,LAML,LAML,,TMB,0.4,PMID:23770567,needs_source_review,Figure 1; supplementary per-sample data needed for exact subgroup medians,sample_size_not_curated;tmb_source_not_revalidated,R019,Mutational heterogeneity in cancer and the search for new cancer-associated genes.,https://pubmed.ncbi.nlm.nih.gov/23770567/,https://pmc.ncbi.nlm.nih.gov/articles/PMC3919509/,cited_reference_found,,,,,,,mutations_per_megabase,,,,,,WES_nonsilent_coding,"Citation identity reviewed; exact population, median and assay denominator remain unverified. Source metadata available; review the primary figure/table or supplement before use as a published median.",AML WES median; among lowest of all cancers.
cancer-tmb,LGG,LGG,,TMB,1.0,PMID:23770567,needs_source_review,Figure 1; supplementary per-sample data needed for exact subgroup medians,sample_size_not_curated;tmb_source_not_revalidated,R019,Mutational heterogeneity in cancer and the search for new cancer-associated genes.,https://pubmed.ncbi.nlm.nih.gov/23770567/,https://pmc.ncbi.nlm.nih.gov/articles/PMC3919509/,cited_reference_found,,,,,,,mutations_per_megabase,,,,,,WES_nonsilent_coding,"Citation identity reviewed; exact population, median and assay denominator remain unverified. Source metadata available; review the primary figure/table or supplement before use as a published median.",IDH-mutant low; temozolomide recurrences hypermutate.
cancer-tmb,LUAD,LUAD,,TMB,8.1,PMID:23770567,needs_source_review,Figure 1; supplementary per-sample data needed for exact subgroup medians,sample_size_not_curated;tmb_source_not_revalidated,R019,Mutational heterogeneity in cancer and the search for new cancer-associated genes.,https://pubmed.ncbi.nlm.nih.gov/23770567/,https://pmc.ncbi.nlm.nih.gov/articles/PMC3919509/,cited_reference_found,,,,,,,mutations_per_megabase,,,,,,WES_nonsilent_coding,"Citation identity reviewed; exact population, median and assay denominator remain unverified. Source metadata available; review the primary figure/table or supplement before use as a published median.",Lung adeno WES median; smoking-dependent (never-smokers far lower).
cancer-tmb,LUSC,LUSC,,TMB,9.9,PMID:23770567,needs_source_review,Figure 1; supplementary per-sample data needed for exact subgroup medians,sample_size_not_curated;tmb_source_not_revalidated,R019,Mutational heterogeneity in cancer and the search for new cancer-associated genes.,https://pubmed.ncbi.nlm.nih.gov/23770567/,https://pmc.ncbi.nlm.nih.gov/articles/PMC3919509/,cited_reference_found,,,,,,,mutations_per_megabase,,,,,,WES_nonsilent_coding,"Citation identity reviewed; exact population, median and assay denominator remain unverified. Source metadata available; review the primary figure/table or supplement before use as a published median.",Lung squamous WES median; smoking signature.
cancer-tmb,OV,OV,,TMB,1.7,PMID:23770567,needs_source_review,Figure 1; supplementary per-sample data needed for exact subgroup medians,sample_size_not_curated;tmb_source_not_revalidated,R019,Mutational heterogeneity in cancer and the search for new cancer-associated genes.,https://pubmed.ncbi.nlm.nih.gov/23770567/,https://pmc.ncbi.nlm.nih.gov/articles/PMC3919509/,cited_reference_found,,,,,,,mutations_per_megabase,,,,,,WES_nonsilent_coding,"Citation identity reviewed; exact population, median and assay denominator remain unverified. Source metadata available; review the primary figure/table or supplement before use as a published median.",Ovarian serous WES median; HRD/SCNA-driven not SNV.
cancer-tmb,PCPG,PCPG,,TMB,0.5,PMID:28420421,needs_source_review,"Figure 2 / Additional file 3, Table S1; exact row not revalidated",sample_size_not_curated;tmb_source_not_revalidated,R034,"Analysis of 100,000 human cancer genomes reveals the landscape of tumor mutational burden.",https://pubmed.ncbi.nlm.nih.gov/28420421/,https://pmc.ncbi.nlm.nih.gov/articles/PMC5395719/,cited_reference_found,,,,,,,mutations_per_megabase,,,,,,targeted_panel,"Read Chalmers full text and Additional file 3 Table S1. No exact matching population/median row recovered: soft-tissue paraganglioma median 1.7 (n=53) does not establish the complete pheochromocytoma/paraganglioma union median 0.5. Legacy estimate remains unverified, not a published median.",Pheo/paraganglioma; very low; among lowest.
cancer-tmb,PRAD,PRAD,,TMB,0.7,PMID:23770567,needs_source_review,Figure 1; supplementary per-sample data needed for exact subgroup medians,sample_size_not_curated;tmb_source_not_revalidated,R019,Mutational heterogeneity in cancer and the search for new cancer-associated genes.,https://pubmed.ncbi.nlm.nih.gov/23770567/,https://pmc.ncbi.nlm.nih.gov/articles/PMC3919509/,cited_reference_found,,,,,,,mutations_per_megabase,,,,,,WES_nonsilent_coding,"Citation identity reviewed; exact population, median and assay denominator remain unverified. Source metadata available; review the primary figure/table or supplement before use as a published median.",Prostate adeno WES median; CDK12/MMR subset higher.
cancer-tmb,READ,READ,,TMB,3.1,PMID:23770567,needs_source_review,Figure 1; supplementary per-sample data needed for exact subgroup medians,sample_size_not_curated;tmb_source_not_revalidated,R019,Mutational heterogeneity in cancer and the search for new cancer-associated genes.,https://pubmed.ncbi.nlm.nih.gov/23770567/,https://pmc.ncbi.nlm.nih.gov/articles/PMC3919509/,cited_reference_found,,,,,,,mutations_per_megabase,,,,,,WES_nonsilent_coding,"Citation identity reviewed; exact population, median and assay denominator remain unverified. Source metadata available; review the primary figure/table or supplement before use as a published median.",Treated as colorectal; MSI-H subset much higher.
cancer-tmb,SKCM,SKCM,,TMB,12.9,PMID:23770567,needs_source_review,Figure 1; supplementary per-sample data needed for exact subgroup medians,sample_size_not_curated;tmb_source_not_revalidated,R019,Mutational heterogeneity in cancer and the search for new cancer-associated genes.,https://pubmed.ncbi.nlm.nih.gov/23770567/,https://pmc.ncbi.nlm.nih.gov/articles/PMC3919509/,cited_reference_found,,,,,,,mutations_per_megabase,,,,,,WES_nonsilent_coding,"Citation identity reviewed; exact population, median and assay denominator remain unverified. Source metadata available; review the primary figure/table or supplement before use as a published median.",Cutaneous melanoma WES median; UV signature; highest common solid tumor.
cancer-tmb,TGCT,TGCT,,TMB,0.5,PMID:28420421,needs_source_review,"Figure 2 / Additional file 3, Table S1; exact row not revalidated",sample_size_not_curated;tmb_source_not_revalidated,R034,"Analysis of 100,000 human cancer genomes reveals the landscape of tumor mutational burden.",https://pubmed.ncbi.nlm.nih.gov/28420421/,https://pmc.ncbi.nlm.nih.gov/articles/PMC5395719/,cited_reference_found,,,,,,,mutations_per_megabase,,,,,,targeted_panel,"Read Chalmers full text and Additional file 3 Table S1. No exact matching population/median row recovered: nonseminoma median 2.7 (n=71) does not establish an all-germ-cell median 0.5. Legacy estimate remains unverified, not a published median.",Testicular germ cell; very low SNV TMB; aneuploidy-driven.
cancer-tmb,UCEC,UCEC,,TMB,2.5,PMID:23770567,needs_source_review,Figure 1; supplementary per-sample data needed for exact subgroup medians,sample_size_not_curated;tmb_source_not_revalidated,R019,Mutational heterogeneity in cancer and the search for new cancer-associated genes.,https://pubmed.ncbi.nlm.nih.gov/23770567/,https://pmc.ncbi.nlm.nih.gov/articles/PMC3919509/,cited_reference_found,,,,,,,mutations_per_megabase,,,,,,WES_nonsilent_coding,"Citation identity reviewed; exact population, median and assay denominator remain unverified. Source metadata available; review the primary figure/table or supplement before use as a published median.",Endometrioid median; POLE-ultramutated and MSI-H subsets very high.
cancer-tmb,SARC_LMS,SARC_LMS,,TMB,2.2,DOI:10.1016/j.cell.2017.10.014,needs_source_review,,assay_not_structured;sample_size_not_curated;tmb_source_not_revalidated,R003,Comprehensive and Integrated Genomic Characterization of Adult Soft Tissue Sarcomas.,https://doi.org/10.1016/j.cell.2017.10.014,https://pmc.ncbi.nlm.nih.gov/articles/PMC5693358/,cited_reference_found,,,,,,,mutations_per_megabase,,,,,,,"Citation identity reviewed; exact population, median and assay denominator remain unverified. DOI source requires primary-table verification.",Leiomyosarcoma; complex-karyotype STS; low SNV TMB.
cancer-tmb,SARC_DDLPS,SARC_DDLPS,,TMB,1.5,DOI:10.1016/j.cell.2017.10.014,needs_source_review,,assay_not_structured;sample_size_not_curated;tmb_source_not_revalidated,R003,Comprehensive and Integrated Genomic Characterization of Adult Soft Tissue Sarcomas.,https://doi.org/10.1016/j.cell.2017.10.014,https://pmc.ncbi.nlm.nih.gov/articles/PMC5693358/,cited_reference_found,,,,,,,mutations_per_megabase,,,,,,,"Citation identity reviewed; exact population, median and assay denominator remain unverified. DOI source requires primary-table verification.",Dedifferentiated liposarcoma; MDM2/CDK4 amplicon-driven; low TMB.
cancer-tmb,SARC_UPS,SARC_UPS,,TMB,2.2,DOI:10.1016/j.cell.2017.10.014,needs_source_review,,assay_not_structured;sample_size_not_curated;tmb_source_not_revalidated,R003,Comprehensive and Integrated Genomic Characterization of Adult Soft Tissue Sarcomas.,https://doi.org/10.1016/j.cell.2017.10.014,https://pmc.ncbi.nlm.nih.gov/articles/PMC5693358/,cited_reference_found,,,,,,,mutations_per_megabase,,,,,,,"Citation identity reviewed; exact population, median and assay denominator remain unverified. DOI source requires primary-table verification.",Undifferentiated pleomorphic sarcoma; among higher STS TMB.
cancer-tmb,SARC_MYXFIB,SARC_MYXFIB,,TMB,2.2,DOI:10.1016/j.cell.2017.10.014,needs_source_review,,assay_not_structured;sample_size_not_curated;tmb_source_not_revalidated,R003,Comprehensive and Integrated Genomic Characterization of Adult Soft Tissue Sarcomas.,https://doi.org/10.1016/j.cell.2017.10.014,https://pmc.ncbi.nlm.nih.gov/articles/PMC5693358/,cited_reference_found,,,,,,,mutations_per_megabase,,,,,,,"Citation identity reviewed; exact population, median and assay denominator remain unverified. DOI source requires primary-table verification.",Myxofibrosarcoma ~2 mut/Mb.
cancer-tmb,SARC_SYN,SARC_SYN,,TMB,1.7,DOI:10.1016/j.cell.2017.10.014,needs_source_review,,assay_not_structured;sample_size_not_curated;tmb_source_not_revalidated,R003,Comprehensive and Integrated Genomic Characterization of Adult Soft Tissue Sarcomas.,https://doi.org/10.1016/j.cell.2017.10.014,https://pmc.ncbi.nlm.nih.gov/articles/PMC5693358/,cited_reference_found,,,,,,,mutations_per_megabase,,,,,,,"Citation identity reviewed; exact population, median and assay denominator remain unverified. DOI source requires primary-table verification.",Synovial sarcoma; lowest STS TMB; SS18-SSX fusion-driven simple karyotype.
cancer-tmb,SARC_OS,SARC_OS,,TMB,1.2,PMID:29489754,needs_source_review,,assay_not_structured;sample_size_not_curated;tmb_source_not_revalidated,R043,The landscape of genomic alterations across childhood cancers.,https://pubmed.ncbi.nlm.nih.gov/29489754/,,cited_reference_found,,,,,,,mutations_per_megabase,,,,,,,"Citation identity reviewed; exact population, median and assay denominator remain unverified. Source metadata available; review the primary figure/table or supplement before use as a published median.",Osteosarcoma pediatric WGS ~1.2; high SV/chromothripsis burden.
cancer-tmb,SARC_EWS,SARC_EWS,,TMB,0.6,PMID:29489754,needs_source_review,,assay_not_structured;sample_size_not_curated;tmb_source_not_revalidated,R043,The landscape of genomic alterations across childhood cancers.,https://pubmed.ncbi.nlm.nih.gov/29489754/,,cited_reference_found,,,,,,,mutations_per_megabase,,,,,,,"Citation identity reviewed; exact population, median and assay denominator remain unverified. Source metadata available; review the primary figure/table or supplement before use as a published median.",Ewing sarcoma ~0.6; EWSR1-FLI1 fusion-driven; very few SNVs.
cancer-tmb,SARC_RMS_ERMS,SARC_RMS_ERMS,,TMB,0.8,PMID:29489754,needs_source_review,,assay_not_structured;sample_size_not_curated;tmb_source_not_revalidated;tmb_statistic_or_derivation_requires_review,R043,The landscape of genomic alterations across childhood cancers.,https://pubmed.ncbi.nlm.nih.gov/29489754/,,cited_reference_found,,,,,,,mutations_per_megabase,,,,,,,"Citation identity reviewed; exact population, median and assay denominator remain unverified. Source metadata available; review the primary figure/table or supplement before use as a published median.",Embryonal RMS; low pediatric TMB; RAS-pathway; subtype median approximate.
cancer-tmb,SARC_RMS_ARMS,SARC_RMS_ARMS,,TMB,0.4,PMID:29489754,needs_source_review,,assay_not_structured;sample_size_not_curated;tmb_source_not_revalidated;tmb_statistic_or_derivation_requires_review,R043,The landscape of genomic alterations across childhood cancers.,https://pubmed.ncbi.nlm.nih.gov/29489754/,,cited_reference_found,,,,,,,mutations_per_megabase,,,,,,,"Citation identity reviewed; exact population, median and assay denominator remain unverified. Source metadata available; review the primary figure/table or supplement before use as a published median.",Alveolar RMS; PAX3/7-FOXO1 fusion-driven; very low SNV burden; approximate.
cancer-tmb,SARC_CHOR,SARC_CHOR,,TMB,0.53,PMID:38892063,needs_source_review,,assay_not_structured;sample_size_not_curated;tmb_source_not_revalidated,R101,Chordoma: Genetics and Contemporary Management.,https://pubmed.ncbi.nlm.nih.gov/38892063/,https://pmc.ncbi.nlm.nih.gov/articles/PMC11172617/,cited_reference_found,,,,,,,mutations_per_megabase,,,,,,,Cited paper is a review; trace the value to its original cohort and verify the median/assay before promoting provenance.,Chordoma skull-base WGS; brachyury-driven; rare MMR cases hypermutate.
cancer-tmb,WILMS,WILMS,,TMB,0.2,PMID:29489754,needs_source_review,,assay_not_structured;sample_size_not_curated;tmb_source_not_revalidated;tmb_statistic_or_derivation_requires_review,R043,The landscape of genomic alterations across childhood cancers.,https://pubmed.ncbi.nlm.nih.gov/29489754/,,cited_reference_found,,,,,,,mutations_per_megabase,,,,,,,"Citation identity reviewed; exact population, median and assay denominator remain unverified. Source metadata available; review the primary figure/table or supplement before use as a published median.",Wilms tumor; very low pediatric TMB; per-entity median approximate.
cancer-tmb,RT,RT,,TMB,0.1,PMID:23770567,needs_source_review,Figure 1; supplementary per-sample data needed for exact subgroup medians,sample_size_not_curated;tmb_source_not_revalidated,R019,Mutational heterogeneity in cancer and the search for new cancer-associated genes.,https://pubmed.ncbi.nlm.nih.gov/23770567/,https://pmc.ncbi.nlm.nih.gov/articles/PMC3919509/,cited_reference_found,,,,,,,mutations_per_megabase,,,,,,WES_nonsilent_coding,"Citation identity reviewed; exact population, median and assay denominator remain unverified. Source metadata available; review the primary figure/table or supplement before use as a published median.",Rhabdoid tumor ~0.1; SMARCB1-driven near-silent genome.
cancer-tmb,ATRT,ATRT,,TMB,0.2,PMID:29489754,needs_source_review,,assay_not_structured;sample_size_not_curated;tmb_source_not_revalidated,R043,The landscape of genomic alterations across childhood cancers.,https://pubmed.ncbi.nlm.nih.gov/29489754/,,cited_reference_found,,,,,,,mutations_per_megabase,,,,,,,"Citation identity reviewed; exact population, median and assay denominator remain unverified. Source metadata available; review the primary figure/table or supplement before use as a published median.",AT/RT; lowest-mutation pediatric brain tumor; SMARCB1/SMARCA4-driven.
cancer-tmb,MBL,MBL,,TMB,0.3,PMID:23770567,needs_source_review,Figure 1; supplementary per-sample data needed for exact subgroup medians,sample_size_not_curated;tmb_source_not_revalidated,R019,Mutational heterogeneity in cancer and the search for new cancer-associated genes.,https://pubmed.ncbi.nlm.nih.gov/23770567/,https://pmc.ncbi.nlm.nih.gov/articles/PMC3919509/,cited_reference_found,,,,,,,mutations_per_megabase,,,,,,WES_nonsilent_coding,"Citation identity reviewed; exact population, median and assay denominator remain unverified. Source metadata available; review the primary figure/table or supplement before use as a published median.",Medulloblastoma ~0.3; rare germline-MMR/POLE hypermutant cases.
cancer-tmb,HEPB,HEPB,,TMB,0.02,PMID:29489754,needs_source_review,,assay_not_structured;sample_size_not_curated;tmb_source_not_revalidated,R043,The landscape of genomic alterations across childhood cancers.,https://pubmed.ncbi.nlm.nih.gov/29489754/,,cited_reference_found,,,,,,,mutations_per_megabase,,,,,,,"Citation identity reviewed; exact population, median and assay denominator remain unverified. Source metadata available; review the primary figure/table or supplement before use as a published median.",Hepatoblastoma; lowest pediatric TMB; CTNNB1-driven.
cancer-tmb,MM,MM,,TMB,1.6,PMID:23770567,needs_source_review,Figure 1; supplementary per-sample data needed for exact subgroup medians,sample_size_not_curated;tmb_source_not_revalidated,R019,Mutational heterogeneity in cancer and the search for new cancer-associated genes.,https://pubmed.ncbi.nlm.nih.gov/23770567/,https://pmc.ncbi.nlm.nih.gov/articles/PMC3919509/,cited_reference_found,,,,,,,mutations_per_megabase,,,,,,WES_nonsilent_coding,"Citation identity reviewed; exact population, median and assay denominator remain unverified. Source metadata available; review the primary figure/table or supplement before use as a published median.",Multiple myeloma WES median ~1.6; increases at relapse.
cancer-tmb,CLL,CLL,,TMB,0.6,PMID:23770567,needs_source_review,Figure 1; supplementary per-sample data needed for exact subgroup medians,sample_size_not_curated;tmb_source_not_revalidated,R019,Mutational heterogeneity in cancer and the search for new cancer-associated genes.,https://pubmed.ncbi.nlm.nih.gov/23770567/,https://pmc.ncbi.nlm.nih.gov/articles/PMC3919509/,cited_reference_found,,,,,,,mutations_per_megabase,,,,,,WES_nonsilent_coding,"Citation identity reviewed; exact population, median and assay denominator remain unverified. Source metadata available; review the primary figure/table or supplement before use as a published median.",CLL WES median ~0.6; low.
cancer-tmb,BL,BL,,TMB,2.0,PMID:23143597,needs_source_review,,assay_not_structured;sample_size_not_curated;tmb_source_not_revalidated;tmb_statistic_or_derivation_requires_review,R018,The genetic landscape of mutations in Burkitt lymphoma.,https://pubmed.ncbi.nlm.nih.gov/23143597/,https://pmc.ncbi.nlm.nih.gov/articles/PMC3674561/,cited_reference_found,,,,,,,mutations_per_megabase,,,,,,,"Citation identity reviewed; exact population, median and assay denominator remain unverified. Source metadata available; review the primary figure/table or supplement before use as a published median.",Burkitt; AID/MYC-driven moderate burden; ~2 approximate WES.
cancer-tmb,B_ALL,B_ALL,,TMB,0.3,PMID:29489754,needs_source_review,,assay_not_structured;sample_size_not_curated;tmb_source_not_revalidated,R043,The landscape of genomic alterations across childhood cancers.,https://pubmed.ncbi.nlm.nih.gov/29489754/,,cited_reference_found,,,,,,,mutations_per_megabase,,,,,,,"Citation identity reviewed; exact population, median and assay denominator remain unverified. Source metadata available; review the primary figure/table or supplement before use as a published median.",B-ALL; very low pediatric TMB; CMMRD/relapse cases far higher.
cancer-tmb,T_ALL,T_ALL,,TMB,0.5,PMID:29489754,needs_source_review,,assay_not_structured;sample_size_not_curated;tmb_source_not_revalidated;tmb_statistic_or_derivation_requires_review,R043,The landscape of genomic alterations across childhood cancers.,https://pubmed.ncbi.nlm.nih.gov/29489754/,,cited_reference_found,,,,,,,mutations_per_megabase,,,,,,,"Citation identity reviewed; exact population, median and assay denominator remain unverified. Source metadata available; review the primary figure/table or supplement before use as a published median.",T-ALL; low; slightly higher than B-ALL; approximate.
cancer-tmb,SCLC,SCLC,,TMB,8.6,PMID:26168399,needs_source_review,Results: Recurrent somatic alterations in SCLC; Supplementary Tables 1-3; https://pmc.ncbi.nlm.nih.gov/articles/PMC4861069/,tmb_source_not_revalidated;tmb_statistic_or_derivation_requires_review,R025,Comprehensive genomic profiles of small cell lung cancer.,https://pubmed.ncbi.nlm.nih.gov/26168399/,https://pmc.ncbi.nlm.nih.gov/articles/PMC4861069/,cited_reference_found,,,,,,110,mutations_per_megabase,,,,,,WGS_nonsynonymous_coding,"Source confirms 8.62 nonsynonymous mutations/Mb and 110 WGS tumors, but does not explicitly name the statistic. Inspected original supplement: Table 2 gives sequencing coverage percentages, Table 3 variant calls; no directly labeled sample per-Mb rates/callable coding bases recovered. Rounded 8.6 remains needs_source_review as a median.","George 2015 primary text reports 8.62 nonsynonymous mutations/Mb in 110 WGS specimens (mostly treatment-naive; five at relapse); legacy 8.6 is its rounded value. The prose does not label the summary as mean or median. Inspected Supplementary Tables 1-3: metadata, coverage percentages and variant calls do not directly supply per-sample mutation rates/callable coding bases. Statistic remains unverified; do not infer it from secondary sources."
cancer-tmb,NEC_MERKEL,NEC_MERKEL,,TMB,5.3,PMID:31399473,needs_source_review,,assay_not_structured;sample_size_not_curated;tmb_source_not_revalidated,R064,The Genomic Landscape of Merkel Cell Carcinoma and Clinicogenomic Biomarkers of Response to Immune Checkpoint Inhibitor Therapy.,https://pubmed.ncbi.nlm.nih.gov/31399473/,https://pmc.ncbi.nlm.nih.gov/articles/PMC6774882/,cited_reference_found,,,,,,,mutations_per_megabase,,,,,,,"Citation identity reviewed; exact population, median and assay denominator remain unverified. Source metadata available; review the primary figure/table or supplement before use as a published median.",Merkel cell carcinoma median ~5.3; bimodal MCPyV-neg(UV) high vs MCPyV-pos low.
cancer-tmb,NPC,NPC,,TMB,0.95,PMID:36135044,needs_source_review,,assay_not_structured;sample_size_not_curated;tmb_source_not_revalidated,R095,Nasopharyngeal Carcinoma Progression: Accumulating Genomic Instability and Persistent Epstein-Barr Virus Infection.,https://pubmed.ncbi.nlm.nih.gov/36135044/,https://pmc.ncbi.nlm.nih.gov/articles/PMC9498130/,cited_reference_found,,,,,,,mutations_per_megabase,,,,,,,Cited paper is a review; trace the value to its original cohort and verify the median/assay before promoting provenance.,Nasopharyngeal carcinoma median ~0.95-1.0; EBV-driven low SNV burden.
cancer-tmb,BRCA_Basal,BRCA_Basal,,TMB,1.8,PMID:23000897,needs_source_review,,assay_not_structured;sample_size_not_curated;tmb_source_not_revalidated,R017,Comprehensive molecular portraits of human breast tumours.,https://pubmed.ncbi.nlm.nih.gov/23000897/,https://pmc.ncbi.nlm.nih.gov/articles/PMC3465532/,cited_reference_found,,,,,,,mutations_per_megabase,,,,,,,"Citation identity reviewed; exact population, median and assay denominator remain unverified. Source metadata available; review the primary figure/table or supplement before use as a published median.",PAM50 basal-like: highest TMB among breast subtypes. Exact subtype median not revalidated. Removed misattributed PMID31504112; clinical TNBC and PAM50 basal-like are not interchangeable.
cancer-tmb,BRCA_HER2,BRCA_HER2,,TMB,1.6,PMID:23000897,needs_source_review,,assay_not_structured;sample_size_not_curated;tmb_source_not_revalidated,R017,Comprehensive molecular portraits of human breast tumours.,https://pubmed.ncbi.nlm.nih.gov/23000897/,https://pmc.ncbi.nlm.nih.gov/articles/PMC3465532/,cited_reference_found,,,,,,,mutations_per_megabase,,,,,,,"Citation identity reviewed; exact population, median and assay denominator remain unverified. Source metadata available; review the primary figure/table or supplement before use as a published median.",HER2-enriched: elevated vs luminal. Exact subtype median not revalidated. Removed misattributed PMID31504112; clinical TNBC and PAM50 basal-like are not interchangeable.
cancer-tmb,BRCA_LumB,BRCA_LumB,,TMB,1.2,PMID:23000897,needs_source_review,,assay_not_structured;sample_size_not_curated;tmb_source_not_revalidated,R017,Comprehensive molecular portraits of human breast tumours.,https://pubmed.ncbi.nlm.nih.gov/23000897/,https://pmc.ncbi.nlm.nih.gov/articles/PMC3465532/,cited_reference_found,,,,,,,mutations_per_megabase,,,,,,,"Citation identity reviewed; exact population, median and assay denominator remain unverified. Source metadata available; review the primary figure/table or supplement before use as a published median.",luminal B
cancer-tmb,BRCA_LumA,BRCA_LumA,,TMB,0.9,PMID:23000897,needs_source_review,,assay_not_structured;sample_size_not_curated;tmb_source_not_revalidated,R017,Comprehensive molecular portraits of human breast tumours.,https://pubmed.ncbi.nlm.nih.gov/23000897/,https://pmc.ncbi.nlm.nih.gov/articles/PMC3465532/,cited_reference_found,,,,,,,mutations_per_megabase,,,,,,,"Citation identity reviewed; exact population, median and assay denominator remain unverified. Source metadata available; review the primary figure/table or supplement before use as a published median.",luminal A: lowest-TMB subtype
cancer-tmb,HNSC_HPVneg,HNSC_HPVneg,,TMB,4.6,PMID:25631445,needs_source_review,,assay_not_structured;sample_size_not_curated;tmb_source_not_revalidated,R021,Comprehensive genomic characterization of head and neck squamous cell carcinomas.,https://pubmed.ncbi.nlm.nih.gov/25631445/,https://pmc.ncbi.nlm.nih.gov/articles/PMC4311405/,cited_reference_found,,,,,,,mutations_per_megabase,,,,,,,"Citation identity reviewed; exact population, median and assay denominator remain unverified. Source metadata available; review the primary figure/table or supplement before use as a published median.",Legacy subtype estimate; exact median not revalidated. TCGA-HNSC states mutation rates did not differ by HPV status; a systematic higher/lower claim is not supported by this citation.
cancer-tmb,HNSC_HPVpos,HNSC_HPVpos,,TMB,2.8,PMID:25631445,needs_source_review,,assay_not_structured;sample_size_not_curated;tmb_source_not_revalidated,R021,Comprehensive genomic characterization of head and neck squamous cell carcinomas.,https://pubmed.ncbi.nlm.nih.gov/25631445/,https://pmc.ncbi.nlm.nih.gov/articles/PMC4311405/,cited_reference_found,,,,,,,mutations_per_megabase,,,,,,,"Citation identity reviewed; exact population, median and assay denominator remain unverified. Source metadata available; review the primary figure/table or supplement before use as a published median.",Legacy subtype estimate; exact median not revalidated. TCGA-HNSC states mutation rates did not differ by HPV status; a systematic higher/lower claim is not supported by this citation.
cancer-tmb,SARC,SARC,,TMB,1.8,DOI:10.1016/j.cell.2017.10.014,needs_source_review,,assay_not_structured;sample_size_not_curated;tmb_source_not_revalidated,R003,Comprehensive and Integrated Genomic Characterization of Adult Soft Tissue Sarcomas.,https://doi.org/10.1016/j.cell.2017.10.014,https://pmc.ncbi.nlm.nih.gov/articles/PMC5693358/,cited_reference_found,,,,,,,mutations_per_megabase,,,,,,,"Citation identity reviewed; exact population, median and assay denominator remain unverified. DOI source requires primary-table verification.",pan soft-tissue sarcoma (TCGA-SARC overall)
cancer-tmb,SARC_LPS_UNSPEC,SARC_LPS_UNSPEC,,TMB,1.5,DOI:10.1016/j.cell.2017.10.014,needs_source_review,,assay_not_structured;sample_size_not_curated;tmb_source_not_revalidated,R003,Comprehensive and Integrated Genomic Characterization of Adult Soft Tissue Sarcomas.,https://doi.org/10.1016/j.cell.2017.10.014,https://pmc.ncbi.nlm.nih.gov/articles/PMC5693358/,cited_reference_found,,,,,,,mutations_per_megabase,,,,,,,"Citation identity reviewed; exact population, median and assay denominator remain unverified. DOI source requires primary-table verification.",liposarcoma NOS ~ dedifferentiated
cancer-tmb,SARC_RMS_PRMS,SARC_RMS_PRMS,,TMB,1.2,PMID:29489754,needs_source_review,,assay_not_structured;sample_size_not_curated;tmb_source_not_revalidated,R043,The landscape of genomic alterations across childhood cancers.,https://pubmed.ncbi.nlm.nih.gov/29489754/,,cited_reference_found,,,,,,,mutations_per_megabase,,,,,,,Pediatric pan-cancer source does not establish an adult pleomorphic or separate spindle/sclerosing RMS median; subtype proxy requires replacement.,pleomorphic RMS (adult): higher than pediatric RMS
cancer-tmb,SARC_RMS_SSRMS,SARC_RMS_SSRMS,,TMB,0.6,PMID:29489754,needs_source_review,,assay_not_structured;sample_size_not_curated;tmb_source_not_revalidated,R043,The landscape of genomic alterations across childhood cancers.,https://pubmed.ncbi.nlm.nih.gov/29489754/,,cited_reference_found,,,,,,,mutations_per_megabase,,,,,,,Pediatric pan-cancer source does not establish an adult pleomorphic or separate spindle/sclerosing RMS median; subtype proxy requires replacement.,spindle/sclerosing RMS
cancer-tmb,EPN,EPN,,TMB,0.5,PMID:29489754,needs_source_review,,assay_not_structured;sample_size_not_curated;tmb_source_not_revalidated,R043,The landscape of genomic alterations across childhood cancers.,https://pubmed.ncbi.nlm.nih.gov/29489754/,,cited_reference_found,,,,,,,mutations_per_megabase,,,,,,,"Citation identity reviewed; exact population, median and assay denominator remain unverified. Source metadata available; review the primary figure/table or supplement before use as a published median.",Ependymoma; very low SNV TMB; fusion/epigenetic-driven.
cancer-tmb,DIPG,DIPG,,TMB,1.0,PMID:28966033,needs_source_review,,assay_not_structured;sample_size_not_curated;tmb_source_not_revalidated,R038,"Integrated Molecular Meta-Analysis of 1,000 Pediatric High-Grade and Diffuse Intrinsic Pontine Glioma.",https://pubmed.ncbi.nlm.nih.gov/28966033/,https://pmc.ncbi.nlm.nih.gov/articles/PMC5637314/,cited_reference_found,,,,,,,mutations_per_megabase,,,,,,,Source discusses per-tumor mutation counts; the curated subtype-specific per-Mb median and callable denominator have not been reproduced.,Diffuse midline glioma; low TMB; H3 K27M epigenetic driver.
cancer-tmb,CRANIO,CRANIO,,TMB,0.9,PMID:24413733,needs_source_review,Main text preceding Figure 1; Figure 1 legend; Supplementary Tables 1-2; https://pmc.ncbi.nlm.nih.gov/articles/PMC3982316/,tmb_source_not_revalidated,R020,Exome sequencing identifies BRAF mutations in papillary craniopharyngiomas.,https://pubmed.ncbi.nlm.nih.gov/24413733/,https://pmc.ncbi.nlm.nih.gov/articles/PMC3982316/,cited_reference_found,,,,,,15,mutations_per_megabase,,,,,,WES_nonsynonymous,"Confirmed 0.9/Mb concerns all 15 discovery cases (12 adamantinomatous, three papillary). Source prose does not explicitly label this summary statistic; Figure 1 orders types by median without printing a numerical median. Downloaded supplement metadata/MAF does not establish the sample callable denominators needed here. Keep needs_source_review; repair incorrect n=3/papillary scope.","Primary text reports nonsynonymous mutation rate 0.9/Mb across 15 WES discovery cases (12 adamantinomatous and three papillary), not a papillary-only n=3 estimate. Figure 1 orders cancer types by median, but the exact statistic for 0.9 is not labeled in the prose; remains unverified as a median. Supplementary Tables 1-2 provide sample metadata and variant calls without a validated per-sample callable denominator here."
cancer-tmb,SARC_CIC,SARC_CIC,,TMB,1.2,PMID:29901569,needs_source_review,,assay_not_structured;sample_size_not_curated;tmb_source_not_revalidated,R050,Clinicopathologic Features of a Series of Primary Renal CIC-rearranged Sarcomas With Comprehensive Molecular Analysis.,https://pubmed.ncbi.nlm.nih.gov/29901569/,,cited_reference_found,,,,,,,mutations_per_megabase,,,,,,,"Citation identity reviewed; exact population, median and assay denominator remain unverified. Source metadata available; review the primary figure/table or supplement before use as a published median.",CIC-DUX4-driven; low TMB (range 0.8-1.6). Overrides pan-SARC.
cancer-tmb,MBL_WNT,MBL_WNT,,TMB,0.6,PMID:28726821,needs_source_review,,assay_not_structured;sample_size_not_curated;tmb_source_not_revalidated,R035,The whole-genome landscape of medulloblastoma subtypes.,https://pubmed.ncbi.nlm.nih.gov/28726821/,https://pmc.ncbi.nlm.nih.gov/articles/PMC5905700/,cited_reference_found,,,,,,,mutations_per_megabase,,,,,,,Source discusses per-tumor mutation counts; the curated subtype-specific per-Mb median and callable denominator have not been reproduced.,MB subgroup; near baseline ~0.5; excellent prognosis.
cancer-tmb,MBL_SHH,MBL_SHH,,TMB,0.8,PMID:28726821,needs_source_review,,assay_not_structured;sample_size_not_curated;tmb_source_not_revalidated,R035,The whole-genome landscape of medulloblastoma subtypes.,https://pubmed.ncbi.nlm.nih.gov/28726821/,https://pmc.ncbi.nlm.nih.gov/articles/PMC5905700/,cited_reference_found,,,,,,,mutations_per_megabase,,,,,,,Source discusses per-tumor mutation counts; the curated subtype-specific per-Mb median and callable denominator have not been reproduced.,Higher than other MB subgroups; adult/TP53-mut SHH can be hypermutated.
cancer-tmb,MBL_G3,MBL_G3,,TMB,0.5,PMID:28726821,needs_source_review,,assay_not_structured;sample_size_not_curated;tmb_source_not_revalidated,R035,The whole-genome landscape of medulloblastoma subtypes.,https://pubmed.ncbi.nlm.nih.gov/28726821/,https://pmc.ncbi.nlm.nih.gov/articles/PMC5905700/,cited_reference_found,,,,,,,mutations_per_megabase,,,,,,,Source discusses per-tumor mutation counts; the curated subtype-specific per-Mb median and callable denominator have not been reproduced.,MB Group 3; baseline low TMB.
cancer-tmb,MBL_G4,MBL_G4,,TMB,0.5,PMID:28726821,needs_source_review,,assay_not_structured;sample_size_not_curated;tmb_source_not_revalidated,R035,The whole-genome landscape of medulloblastoma subtypes.,https://pubmed.ncbi.nlm.nih.gov/28726821/,https://pmc.ncbi.nlm.nih.gov/articles/PMC5905700/,cited_reference_found,,,,,,,mutations_per_megabase,,,,,,,Source discusses per-tumor mutation counts; the curated subtype-specific per-Mb median and callable denominator have not been reproduced.,MB Group 4; lowest mutation rate of the four.
cancer-tmb,CRC_MSI,CRC_MSI,,TMB,46,PMID:28420421,needs_source_review,"Figure 2 / Additional file 3, Table S1; exact row not revalidated",sample_size_not_curated;tmb_source_not_revalidated,R034,"Analysis of 100,000 human cancer genomes reveals the landscape of tumor mutational burden.",https://pubmed.ncbi.nlm.nih.gov/28420421/,https://pmc.ncbi.nlm.nih.gov/articles/PMC5395719/,cited_reference_found,,,,,,,mutations_per_megabase,,,,,,targeted_panel,"Read Chalmers full text and Additional file 3 Table S1. No exact matching population/median row recovered: Table S1 is not MSI-stratified; the 46 median still needs original MSI-specific data. Legacy estimate remains unverified, not a published median.",MSI-H/dMMR hypermutated colorectal source-scope estimate; applies to COAD_MSI/READ_MSI by evidence-source inheritance; no colon- or rectum-specific denominator in curated source
cancer-tmb,CRC,CRC,,TMB,4.5,PMID:30151257,needs_source_review,,assay_not_structured;tmb_source_not_revalidated,R052,Beyond microsatellite testing: assessment of tumor mutational burden identifies subsets of colorectal cancer who may respond to immune checkpoint inhibition.,https://pubmed.ncbi.nlm.nih.gov/30151257/,https://pmc.ncbi.nlm.nih.gov/articles/PMC6087857/,cited_reference_found,,,,,,6004,mutations_per_megabase,,,,,,,"Source cohort includes 6004 CRC samples, but pooled median 4.5 and MSI/MSS medians require exact full-text or supplement verification.",Colorectal all-comers pooled median; MSS ~3.5 and MSI-H ~46 (Chalmers); umbrella value for CRC pooling
cancer-tmb,MENINGIOMA,MENINGIOMA,,TMB,0.5,DOI:10.1038/s41598-018-31659-0,needs_source_review,,assay_not_structured;sample_size_not_curated;tmb_source_not_revalidated,R007,An integrated genomic analysis of anaplastic meningioma identifies prognostic molecular signatures.,https://doi.org/10.1038/s41598-018-31659-0,https://pmc.ncbi.nlm.nih.gov/articles/PMC6131140/,cited_reference_found,,,,,,,mutations_per_megabase,,,,,,,"Citation identity reviewed; exact population, median and assay denominator remain unverified. DOI source requires primary-table verification.",Among the lowest-TMB tumors; grade I dominant ~0.5; atypical/anaplastic rise to ~2
cancer-tmb,CHOROID_PLEXUS,CHOROID_PLEXUS,,TMB,0.5,PMID:33249490,needs_source_review,,assay_not_structured;sample_size_not_curated;tmb_source_not_revalidated,R077,The genetic landscape of choroid plexus tumors in children and adults.,https://pubmed.ncbi.nlm.nih.gov/33249490/,https://pmc.ncbi.nlm.nih.gov/articles/PMC8041331/,cited_reference_found,,,,,,,mutations_per_megabase,,,,,,,"Citation identity reviewed; exact population, median and assay denominator remain unverified. Source metadata available; review the primary figure/table or supplement before use as a published median.",Very low (median ~20 coding mutations/tumor); hypermutant Li-Fraumeni/RRD subset is the exception
cancer-tmb,ATC,ATC,,TMB,3.8,DOI:10.1016/j.celrep.2024.113826,needs_source_review,,assay_not_structured;tmb_source_not_revalidated,R004,The genomic and evolutionary landscapes of anaplastic thyroid carcinoma.,https://doi.org/10.1016/j.celrep.2024.113826,https://pmc.ncbi.nlm.nih.gov/articles/PMC11077417/,cited_reference_found,,,,,,141,mutations_per_megabase,,,,,,,"Citation identity reviewed; exact population, median and assay denominator remain unverified. DOI source requires primary-table verification.",Anaplastic thyroid; higher than differentiated (~0.4) but below TMB-high; dedifferentiated drivers
cancer-ici-response,ANSC/PD-1,ANSC,PD-1,ORR,24.0,PMID:28223062,prior_locator_source_section,"Abstract, Findings",numeric_source_location_not_verified,R033,"Nivolumab for previously treated unresectable metastatic anal cancer (NCI9673): a multicentre, single-arm, phase 2 study.",https://pubmed.ncbi.nlm.nih.gov/28223062/,https://pmc.ncbi.nlm.nih.gov/articles/PMC5809128/,cited_reference_found,ICI-8624416b0e-01,https://pmc.ncbi.nlm.nih.gov/articles/PMC5809128/,pmc_full_text,37,9,37,percent,reported,NCI9673,NCT02314169,refractory metastatic squamous cell carcinoma of the anal canal,refractory metastatic squamous cell carcinoma of the anal canal,,,9/37; matches table 24%
cancer-ici-response,ATC/PD-1+CTLA-4,ATC,PD-1+CTLA-4,ORR,30.0,DOI:10.1200/JCO.2020.38.15_suppl.6513,prior_locator_citation_only,,numeric_source_location_not_verified,R015,A phase II study of nivolumab (N) plus ipilimumab (I) in radioidine refractory differentiated thyroid cancer (RAIR DTC) with exploratory cohorts in anaplastic (ATC) and medullary thyroid cancer (MTC).,https://ascopubs.org/doi/10.1200/JCO.2020.38.15_suppl.6513,https://doi.org/10.1200/JCO.2020.38.15_suppl.6513,cited_reference_found,ICI-deeb11dc2d-01,https://doi.org/10.1200/JCO.2020.38.15_suppl.6513,doi_record,10,3,10,percent,reported,nivolumab plus ipilimumab in aggressive thyroid cancer,NCT03246958,advanced anaplastic thyroid carcinoma (exploratory cohort),advanced anaplastic thyroid carcinoma (exploratory cohort),,,3/10 partial responses; independently confirmed 30% (95% CI 6.7-65.2%) via The ASCO Post; tiny-n exploratory cohort
cancer-ici-response,BCC/PD-1,BCC,PD-1,ORR,31.0,PMID:34000246,prior_locator_source_section,"Abstract, Findings",numeric_source_location_not_verified,R084,"Cemiplimab in locally advanced basal cell carcinoma after hedgehog inhibitor therapy: an open-label, multi-centre, single-arm, phase 2 trial.",https://pubmed.ncbi.nlm.nih.gov/34000246/,https://pubmed.ncbi.nlm.nih.gov/34000246/,cited_reference_found,ICI-52dbc5d599-01,https://pubmed.ncbi.nlm.nih.gov/34000246/,pubmed_abstract,84,26,84,percent,reported,cemiplimab locally advanced basal cell carcinoma phase 2,NCT03132636,locally advanced BCC after progression on / intolerance to hedgehog inhibitor,locally advanced BCC after progression on / intolerance to hedgehog inhibitor,,,26/84 per independent central review; published 95% CI is 21-42 (corrected from cited 21.3). Source paper: Stratigos 2021 (PMID:34000246); cited PMID:33812497 is wrong (KEYNOTE-177)
cancer-ici-response,BRCA_TNBC/PD-L1,BRCA_TNBC,PD-L1,ORR,10.0,PMID:30242306,prior_locator_source_section,"Abstract, Findings",numeric_source_location_not_verified,R053,Long-term Clinical Outcomes and Biomarker Analyses of Atezolizumab Therapy for Patients With Metastatic Triple-Negative Breast Cancer: A Phase 1 Study.,https://pubmed.ncbi.nlm.nih.gov/30242306/,https://pmc.ncbi.nlm.nih.gov/articles/PMC6439773/,cited_reference_found,ICI-3792c43928-01,https://pmc.ncbi.nlm.nih.gov/articles/PMC6439773/,pmc_abstract,115,11,116,percent,reported,PCD4989g,NCT01375842,"metastatic TNBC all-comers (any line), phase 1 monotherapy","metastatic TNBC all-comers (any line), phase 1 monotherapy",,,all-comer ORR 10% (11/115 evaluable; 95% CI 4.9-16.5 by RECIST); CI verified present in JAMA full text
cancer-ici-response,CLL/PD-1,CLL,PD-1,ORR,0.0,DOI:10.1182/blood-2017-02-765685,prior_locator_source_section,Abstract,numeric_source_location_not_verified,R011,Pembrolizumab in patients with CLL and Richter transformation or with relapsed CLL.,https://doi.org/10.1182/blood-2017-02-765685,https://pmc.ncbi.nlm.nih.gov/articles/PMC5492091/,cited_reference_found,ICI-4f6402b639-01,https://pmc.ncbi.nlm.nih.gov/articles/PMC5492091/,pmc_abstract,16,0,16,percent,reported,Mayo Clinic phase 2 pembrolizumab CLL/Richter trial,NCT02332980,relapsed CLL cohort,relapsed CLL cohort,,,0/16; matches row 0.0%; independently verified
cancer-ici-response,ESCA/PD-1,ESCA,PD-1,ORR,19.3,PMID:31582355,prior_locator_source_section,"Abstract, Findings",numeric_source_location_not_verified,R067,"Nivolumab versus chemotherapy in patients with advanced oesophageal squamous cell carcinoma refractory or intolerant to previous chemotherapy (ATTRACTION-3): a multicentre, randomised, open-label, phase 3 trial.",https://pubmed.ncbi.nlm.nih.gov/31582355/,https://pubmed.ncbi.nlm.nih.gov/31582355/,cited_reference_found,ICI-96b4d412b9-01,https://pubmed.ncbi.nlm.nih.gov/31582355/,pubmed_abstract,171,33,210,percent,reported,ATTRACTION-3,NCT02569242,"pretreated advanced esophageal squamous cell carcinoma, nivolumab arm","pretreated advanced esophageal squamous cell carcinoma, nivolumab arm",,,Response-evaluable population (n=171); 33/171 responders. ITT n=210. Table lists 18.0 (minor differ vs published 19.3%)
cancer-ici-response,HNSC/PD-1,HNSC,PD-1,ORR,19.0,PMID:31679945,prior_locator_source_section,"Abstract, Findings",numeric_source_location_not_verified;response_denominator_missing,R069,"Pembrolizumab alone or with chemotherapy versus cetuximab with chemotherapy for recurrent or metastatic squamous cell carcinoma of the head and neck (KEYNOTE-048): a randomised, open-label, phase 3 study.",https://pubmed.ncbi.nlm.nih.gov/31679945/,https://pubmed.ncbi.nlm.nih.gov/31679945/,cited_reference_found,ICI-61867d5430-01,https://pubmed.ncbi.nlm.nih.gov/31679945/,pubmed_abstract,,,301,percent,reported,KEYNOTE-048,NCT02358031,"first-line recurrent/metastatic HNSCC, pembrolizumab monotherapy arm, CPS>=1 population","first-line recurrent/metastatic HNSCC, pembrolizumab monotherapy arm, CPS>=1 population",,,CPS>=1 ORR; independently confirmed. n=301 is full monotherapy arm (total pop)
cancer-ici-response,HNSC/PD-L1,HNSC,PD-L1,ORR,16.2,DOI:10.1016/j.ejca.2018.11.015,prior_locator_citation_only,,numeric_source_location_not_verified,R005,"Durvalumab for recurrent or metastatic head and neck squamous cell carcinoma: Results from a single-arm, phase II study in patients with ≥25% tumour cell PD-L1 expression who have progressed on platinum-based chemotherapy.",https://doi.org/10.1016/j.ejca.2018.11.015,https://doi.org/10.1016/j.ejca.2018.11.015,cited_reference_found,ICI-115459b2ac-01,https://doi.org/10.1016/j.ejca.2018.11.015,doi_record,111,18,112,percent,reported,HAWK,NCT02207530,"2L+ platinum-refractory R/M HNSCC, PD-L1-high (TC>=25%)","2L+ platinum-refractory R/M HNSCC, PD-L1-high (TC>=25%)",,,Central review (BICR RECIST v1.1); ORR on 111 response-evaluable pts
cancer-ici-response,KIRC/PD-1+CTLA-4,KIRC,PD-1+CTLA-4,ORR,41.6,PMID:29562145,prior_locator_source_section,"Abstract, RESULTS",numeric_source_location_not_verified,R045,Nivolumab plus Ipilimumab versus Sunitinib in Advanced Renal-Cell Carcinoma.,https://pubmed.ncbi.nlm.nih.gov/29562145/,https://pmc.ncbi.nlm.nih.gov/articles/PMC5972549/,cited_reference_found,ICI-dd6e17da69-01,https://pmc.ncbi.nlm.nih.gov/articles/PMC5972549/,pmc_full_text,425,,425,percent,reported,CheckMate 214,NCT02231749,1L IMDC intermediate/poor-risk (co-primary population); nivo+ipi arm,1L IMDC intermediate/poor-risk (co-primary population); nivo+ipi arm,,,confirmed ORR per IRRC; reported as 42% in NEJM; P<0.001 vs sunitinib (27%)
cancer-ici-response,LIHC/PD-L1,LIHC,PD-L1,ORR,17.0,DOI:10.1056/EVIDoa2100070,prior_locator_citation_only,,numeric_source_location_not_verified,R008,Tremelimumab plus Durvalumab in Unresectable Hepatocellular Carcinoma,https://doi.org/10.1056/EVIDoa2100070,https://doi.org/10.1056/EVIDoa2100070,cited_reference_found,ICI-e29b6e85a5-01,https://doi.org/10.1056/EVIDoa2100070,doi_record,389,,389,percent,reported,HIMALAYA,NCT03298451,1L unresectable HCC; durvalumab monotherapy,1L unresectable HCC; durvalumab monotherapy,,,n approximate; arm sizes not broken out in abstract
cancer-ici-response,LUAD/PD-1+CTLA-4,LUAD,PD-1+CTLA-4,ORR,35.9,PMID:31562796,prior_locator_source_section,"Abstract, Results",numeric_source_location_not_verified,R066,Nivolumab plus Ipilimumab in Advanced Non-Small-Cell Lung Cancer.,https://pubmed.ncbi.nlm.nih.gov/31562796/,https://pubmed.ncbi.nlm.nih.gov/31562796/,cited_reference_found,ICI-629c395ded-01,https://pubmed.ncbi.nlm.nih.gov/31562796/,pubmed_abstract,396,,396,percent,reported,CheckMate 227,NCT02477826,"1L metastatic NSCLC, PD-L1>=1%, EGFR/ALK-WT","1L metastatic NSCLC, PD-L1>=1%, EGFR/ALK-WT",,,"BICR-confirmed, PD-L1>=1%; matches table value exactly; chemo arm 30.0%; independently verified"
cancer-ici-response,NSCLC/PD-L1,NSCLC,PD-L1,ORR,38.3,PMID:32997907,prior_locator_source_section,"Abstract, Results",numeric_source_location_not_verified,R074,Atezolizumab for First-Line Treatment of PD-L1-Selected Patients with NSCLC.,https://pubmed.ncbi.nlm.nih.gov/32997907/,https://pubmed.ncbi.nlm.nih.gov/32997907/,cited_reference_found,ICI-e0081e5893-01,https://pubmed.ncbi.nlm.nih.gov/32997907/,pubmed_abstract,107,41,205,percent,reported,IMpower110,NCT02409342,"1L metastatic NSCLC, PD-L1-high TC3 or IC3 wild-type (EGFR/ALK WT); all histologies","1L metastatic NSCLC, PD-L1-high TC3 or IC3 wild-type (EGFR/ALK WT); all histologies",,,ClinicalTrials.gov reports TC3/IC3-WT atezolizumab ORR 38.3% with 107 participants; 38.3% corresponds to 41/107. All-histology NSCLC source-scope row; not LUAD- or LUSC-specific.
cancer-ici-response,MENINGIOMA/PD-1,MENINGIOMA,PD-1,ORR,0.0,PMID:35289329,prior_locator_source_section,Abstract,numeric_source_location_not_verified,R091,Phase 2 study of pembrolizumab in patients with recurrent and residual high-grade meningiomas.,https://pubmed.ncbi.nlm.nih.gov/35289329/,https://pmc.ncbi.nlm.nih.gov/articles/PMC8921328/,cited_reference_found,ICI-7502d759c8-01,https://pmc.ncbi.nlm.nih.gov/articles/PMC8921328/,pmc_full_text,25,0,25,percent,reported,pembrolizumab recurrent high-grade meningioma phase 2,NCT03279692,Recurrent/progressive grade 2-3 (high-grade) meningioma,Recurrent/progressive grade 2-3 (high-grade) meningioma,,,No CR/PR; 2 patients had minor size decrease not meeting PR criteria; matches table 0/25
cancer-ici-response,MESO/PD-1,MESO,PD-1,ORR,8.5,PMID:33836153,prior_locator_source_section,"Abstract, Findings",numeric_source_location_not_verified,R082,"Efficacy and safety of pembrolizumab in patients with advanced mesothelioma in the open-label, single-arm, phase 2 KEYNOTE-158 study.",https://pubmed.ncbi.nlm.nih.gov/33836153/,https://pubmed.ncbi.nlm.nih.gov/33836153/,cited_reference_found,ICI-96dcba4ace-01,https://pubmed.ncbi.nlm.nih.gov/33836153/,pubmed_abstract,118,10,118,percent,reported,KEYNOTE-158,NCT02628067,"Pretreated advanced (pleural) mesothelioma, all-comers; pembrolizumab 200 mg q3w","Pretreated advanced (pleural) mesothelioma, all-comers; pembrolizumab 200 mg q3w",,,"10/118 PR; reported as 8% (8.5%); no significant difference by PD-L1 status (PD-L1+ 8% [6/77], PD-L1- 13% [4/31])"
cancer-ici-response,MESO/PD-1+CTLA-4,MESO,PD-1+CTLA-4,ORR,40.0,PMID:33485464,prior_locator_source_section,"Abstract, Findings",numeric_source_location_not_verified,R080,"First-line nivolumab plus ipilimumab in unresectable malignant pleural mesothelioma (CheckMate 743): a multicentre, randomised, open-label, phase 3 trial.",https://pubmed.ncbi.nlm.nih.gov/33485464/,https://pubmed.ncbi.nlm.nih.gov/33485464/,cited_reference_found,ICI-436bf42bcc-01,https://pubmed.ncbi.nlm.nih.gov/33485464/,pubmed_abstract,303,,303,percent,reported,CheckMate 743,NCT02899299,1L unresectable malignant pleural mesothelioma; all-comers,1L unresectable malignant pleural mesothelioma; all-comers,,,BICR; comparable to chemo (43%); benefit is OS not ORR
cancer-ici-response,MM/PD-1,MM,PD-1,ORR,0.0,PMID:30937889,prior_locator_citation_only,,numeric_source_location_not_verified,R061,Phase 1b trial of pembrolizumab monotherapy for relapsed/refractory multiple myeloma: KEYNOTE-013.,https://pubmed.ncbi.nlm.nih.gov/30937889/,https://pubmed.ncbi.nlm.nih.gov/30937889/,cited_reference_found,ICI-94980ac18f-01,https://pubmed.ncbi.nlm.nih.gov/30937889/,pubmed_abstract,30,0,30,percent,reported,KEYNOTE-013,NCT01953692,relapsed/refractory multiple myeloma; >=2 prior lines incl. PI and IMiD; monotherapy,relapsed/refractory multiple myeloma; >=2 prior lines incl. PI and IMiD; monotherapy,,,no objective responses (0/30 enrolled and analyzed; row cites 0/27 which is incorrect). 95% CI 0.0-9.5 per ClinicalTrials.gov NCT01953692 results record. Monotherapy inactive; safe but ineffective
cancer-ici-response,NEC_LUNG_LARGECELL/PD-1,NEC_LUNG_LARGECELL,PD-1,ORR,29.4,PMID:34590004,prior_locator_located_unverified,Results > Efficacy of Nivolumab,numeric_source_location_not_verified,R086,Brief Report on the Efficacy of Nivolumab in Patients With Previously Treated Advanced Large-Cell Neuroendocrine Cancer of the Lung.,https://pubmed.ncbi.nlm.nih.gov/34590004/,https://pmc.ncbi.nlm.nih.gov/articles/PMC8474479/,cited_reference_found,ICI-0415d548a7-01,https://pmc.ncbi.nlm.nih.gov/articles/PMC8474479/,pmc_full_text,17,5,29,percent,reported,nivolumab pulmonary LCNEC series,,previously treated advanced pulmonary LCNEC; nivolumab monotherapy 2L+,previously treated advanced pulmonary LCNEC; nivolumab monotherapy 2L+,,,"lung LCNEC nivolumab mono ORR 29.4% (5/17; 95% CI 10.3-56.0), Agar JTO CRR 2021; replaces prior extrapulmonary high-grade NEN value that EXCLUDED lung LCNEC"
cancer-ici-response,NEC_MERKEL/PD-L1,NEC_MERKEL,PD-L1,ORR,31.8,PMID:27592805,prior_locator_source_section,"Abstract, Findings",numeric_source_location_not_verified,R030,"Avelumab in patients with chemotherapy-refractory metastatic Merkel cell carcinoma: a multicentre, single-group, open-label, phase 2 trial.",https://pubmed.ncbi.nlm.nih.gov/27592805/,https://pmc.ncbi.nlm.nih.gov/articles/PMC5587154/,cited_reference_found,ICI-ccdfa8d759-01,https://pmc.ncbi.nlm.nih.gov/articles/PMC5587154/,pmc_full_text,88,28,88,percent,reported,JAVELIN Merkel 200,NCT02155647,2L+ chemotherapy-refractory metastatic Merkel cell carcinoma,2L+ chemotherapy-refractory metastatic Merkel cell carcinoma,,,8 CR + 20 PR
cancer-ici-response,OV/PD-1,OV,PD-1,ORR,8.0,PMID:31046082,prior_locator_source_section,"Abstract, Results",numeric_source_location_not_verified,R063,Antitumor activity and safety of pembrolizumab in patients with advanced recurrent ovarian cancer: results from the phase II KEYNOTE-100 study.,https://pubmed.ncbi.nlm.nih.gov/31046082/,https://pubmed.ncbi.nlm.nih.gov/31046082/,cited_reference_found,ICI-d9b891ea7b-01,https://pubmed.ncbi.nlm.nih.gov/31046082/,pubmed_abstract,376,,376,percent,reported,KEYNOTE-100,NCT02674061,"recurrent ovarian cancer, all-comers (overall study)","recurrent ovarian cancer, all-comers (overall study)",,,overall single-agent ORR ~8% across both cohorts (285 cohort A + 91 cohort B); matches row; CI not reported in source
cancer-ici-response,PAAD/PD-1,PAAD,PD-1,ORR,0.0,PMID:30557521,prior_locator_source_section,"Abstract, Results",numeric_source_location_not_verified,R057,"T-Cell-Inflamed Gene-Expression Profile, Programmed Death Ligand 1 Expression, and Tumor Mutational Burden Predict Efficacy in Patients Treated With Pembrolizumab Across 20 Cancers: KEYNOTE-028.",https://pubmed.ncbi.nlm.nih.gov/30557521/,https://pubmed.ncbi.nlm.nih.gov/30557521/,cited_reference_found,ICI-f39b833d2e-01,https://pubmed.ncbi.nlm.nih.gov/30557521/,pubmed_abstract,24,0,24,percent,reported,KEYNOTE-028,NCT02054806,"PD-L1-positive advanced pancreatic adenocarcinoma, pretreated","PD-L1-positive advanced pancreatic adenocarcinoma, pretreated",,,ORR 0% (0/24; 95% CI 0.0-14.2) in KEYNOTE-028 pancreatic cohort; rare MSI-H/dMMR PDAC is a biomarker-selected exception
cancer-ici-response,SARC_ASPS/PD-L1,SARC_ASPS,PD-L1,ORR,37.0,PMID:37672694,prior_locator_source_section,"Abstract, RESULTS",numeric_source_location_not_verified,R099,Atezolizumab for Advanced Alveolar Soft Part Sarcoma.,https://pubmed.ncbi.nlm.nih.gov/37672694/,https://pmc.ncbi.nlm.nih.gov/articles/PMC10729808/,cited_reference_found,ICI-68f695eab6-01,https://pmc.ncbi.nlm.nih.gov/articles/PMC10729808/,pmc_full_text,52,19,52,percent,reported,atezolizumab alveolar soft part sarcoma phase 2,NCT03141684,"advanced/metastatic alveolar soft part sarcoma (ASPS), single-arm phase 2","advanced/metastatic alveolar soft part sarcoma (ASPS), single-arm phase 2",,,"19/52; 1 CR + 18 PR; RECIST v1.1. ORR percent, CR, PR confirmed verbatim from PubMed abstract. 95% CI 24-51 not in abstract but consistent with FDA long-term analysis ORR 35.8% [95% CI 23.1-50.2]."
cancer-ici-response,SARC_CHON/PD-1,SARC_CHON,PD-1,ORR,20,PMID:28988646,prior_locator_verified,RESULTS,small_denominator,R039,"Pembrolizumab in advanced soft-tissue sarcoma and bone sarcoma (SARC028): a multicentre, two-cohort, single-arm, open-label, phase 2 trial.",https://pubmed.ncbi.nlm.nih.gov/28988646/,https://pmc.ncbi.nlm.nih.gov/articles/PMC7939029/,cited_reference_found,ICI-c813ebc19a-01,https://pmc.ncbi.nlm.nih.gov/articles/PMC7939029/,pmc_full_text,5,1,5,percent,reported,SARC028,NCT02301039,advanced chondrosarcoma subgroup within bone sarcoma cohort,advanced chondrosarcoma subgroup within bone sarcoma cohort,,,"chondrosarcoma 1/5 deep PR (>50% reduction), SARC028 bone cohort; tiny n"
cancer-ici-response,SARC_DDLPS/PD-1,SARC_DDLPS,PD-1,ORR,10,DOI:10.1200/JCO.2019.37.15_suppl.11015,prior_locator_citation_only,,numeric_source_location_not_verified,R013,Clinical activity of pembrolizumab (P) in undifferentiated pleomorphic sarcoma (UPS) and dedifferentiated/pleomorphic liposarcoma (LPS): Final results of SARC028 expansion cohorts.,https://ascopubs.org/doi/10.1200/JCO.2019.37.15_suppl.11015,https://doi.org/10.1200/JCO.2019.37.15_suppl.11015,cited_reference_found,ICI-8a975a40d8-01,https://doi.org/10.1200/JCO.2019.37.15_suppl.11015,doi_record,39,4,40,percent,reported,SARC028 expansion cohorts,NCT02301039,"advanced/metastatic dedifferentiated or pleomorphic liposarcoma (LPS), final expansion cohort","advanced/metastatic dedifferentiated or pleomorphic liposarcoma (LPS), final expansion cohort",,,LPS final expansion ORR 10% (4/39 evaluable; 40 enrolled); total 4 PR; did not meet predefined activity threshold
cancer-ici-response,SARC_DSRCT/PD-1,SARC_DSRCT,PD-1,ORR,12.5,PMID:37429302,prior_locator_source_section,"Abstract, Findings",numeric_source_location_not_verified;small_denominator,R098,"Pembrolizumab in patients with rare and ultra-rare sarcomas (AcSé Pembrolizumab): analysis of a subgroup from a non-randomised, open-label, phase 2, basket trial.",https://pubmed.ncbi.nlm.nih.gov/37429302/,https://pubmed.ncbi.nlm.nih.gov/37429302/,cited_reference_found,ICI-c21f2242ff-01,https://pubmed.ncbi.nlm.nih.gov/37429302/,pubmed_abstract,8,1,8,percent,reported,AcSe Pembrolizumab,NCT03012620,advanced desmoplastic small round cell tumor (DSRCT) subgroup,advanced desmoplastic small round cell tumor (DSRCT) subgroup,,,1 PR; paper/ASCO Post round to 13%; no CR
cancer-ici-response,SARC_EPITH/PD-1,SARC_EPITH,PD-1,ORR,16.7,PMID:37429302,prior_locator_source_section,"Abstract, Findings",numeric_source_location_not_verified;small_denominator,R098,"Pembrolizumab in patients with rare and ultra-rare sarcomas (AcSé Pembrolizumab): analysis of a subgroup from a non-randomised, open-label, phase 2, basket trial.",https://pubmed.ncbi.nlm.nih.gov/37429302/,https://pubmed.ncbi.nlm.nih.gov/37429302/,cited_reference_found,ICI-a2e719caec-01,https://pubmed.ncbi.nlm.nih.gov/37429302/,pubmed_abstract,6,1,6,percent,reported,AcSe Pembrolizumab,NCT03012620,advanced epithelioid sarcoma subgroup,advanced epithelioid sarcoma subgroup,,,"1 responder; paper rounds to 17%; response is a PR (abstract states NO complete responses in the whole cohort, so the single ES response cannot be a CR; secondary-source CR claims are erroneous)"
cancer-ici-response,SARC_GIST/PD-1,SARC_GIST,PD-1,ORR,0.0,PMID:39343511,prior_locator_source_section,"Abstract, Results",numeric_source_location_not_verified;small_denominator,R102,"A multicenter, randomized, non-comparative, phase II study of nivolumab ± ipilimumab for patients with metastatic sarcoma (Alliance A091401): expansion cohorts and correlative analyses.",https://pubmed.ncbi.nlm.nih.gov/39343511/,https://pmc.ncbi.nlm.nih.gov/articles/PMC11440204/,cited_reference_found,ICI-c5a846763f-01,https://pmc.ncbi.nlm.nih.gov/articles/PMC11440204/,pmc_full_text,9,0,9,percent,reported,Alliance A091401,NCT02500797,"advanced/metastatic GIST, nivolumab monotherapy arm (expansion cohort)","advanced/metastatic GIST, nivolumab monotherapy arm (expansion cohort)",,,0/9 confirmed responses (no CR/PR) in GIST nivolumab arm. Per-arm n=9 is the primary-endpoint-evaluable count reported directly in PMID:39343511 (21 GIST randomized: 10 N / 11 N+I; first 9 evaluable per arm analyzed). Enrollment halted early after no response in first 9 evaluable per arm.
cancer-ici-response,SARC_MPNST/PD-1,SARC_MPNST,PD-1,ORR,12.5,PMID:41760889,prior_locator_source_section,Abstract,numeric_source_location_not_verified;small_denominator,R106,Pembrolizumab in advanced malignant peripheral nerve sheath tumors: a single-arm phase 2 trial.,https://pubmed.ncbi.nlm.nih.gov/41760889/,https://pmc.ncbi.nlm.nih.gov/articles/PMC13065800/,cited_reference_found,ICI-3d5c73d0ec-01,https://pmc.ncbi.nlm.nih.gov/articles/PMC13065800/,pmc_full_text,8,1,8,percent,reported,Pembrolizumab advanced MPNST phase 2,NCT02691026,advanced/metastatic MPNST single-arm phase 2 closed early for slow accrual,advanced/metastatic MPNST single-arm phase 2 closed early for slow accrual,,,1 durable objective response of 8 (abstract); 1 additional mixed response; response linked to PD-1+CD8+ T-cell density
cancer-ici-response,SARC_SMARCA4/PD-1,SARC_SMARCA4,PD-1,ORR,25.0,PMID:37429302,prior_locator_source_section,"Abstract, Findings",numeric_source_location_not_verified,R098,"Pembrolizumab in patients with rare and ultra-rare sarcomas (AcSé Pembrolizumab): analysis of a subgroup from a non-randomised, open-label, phase 2, basket trial.",https://pubmed.ncbi.nlm.nih.gov/37429302/,https://pubmed.ncbi.nlm.nih.gov/37429302/,cited_reference_found,ICI-ede3c1f501-01,https://pubmed.ncbi.nlm.nih.gov/37429302/,pubmed_abstract,12,3,12,percent,reported,AcSe Pembrolizumab,NCT03012620,SMARCA4-deficient sarcoma / malignant rhabdoid tumour subgroup,SMARCA4-deficient sarcoma / malignant rhabdoid tumour subgroup,,,"3/12 partial responses, no CR; confirmed vs paper and multiple secondary sources"
cancer-ici-response,SARC_SYN/PD-1,SARC_SYN,PD-1,ORR,10.0,PMID:28988646,prior_locator_source_section,"Abstract, Findings:",numeric_source_location_not_verified,R039,"Pembrolizumab in advanced soft-tissue sarcoma and bone sarcoma (SARC028): a multicentre, two-cohort, single-arm, open-label, phase 2 trial.",https://pubmed.ncbi.nlm.nih.gov/28988646/,https://pmc.ncbi.nlm.nih.gov/articles/PMC7939029/,cited_reference_found,ICI-a166d88a43-01,https://pmc.ncbi.nlm.nih.gov/articles/PMC7939029/,pmc_full_text,10,1,10,percent,reported,SARC028,NCT02301039,"advanced/metastatic STS, synovial sarcoma subgroup, 2L+","advanced/metastatic STS, synovial sarcoma subgroup, 2L+",,,synovial sarcoma 1/10; confirmed 10%; tiny-n; immune-cold translocation sarcoma
cancer-ici-response,SARC_UPS/PD-1,SARC_UPS,PD-1,ORR,23,DOI:10.1200/JCO.2019.37.15_suppl.11015,prior_locator_citation_only,,numeric_source_location_not_verified,R013,Clinical activity of pembrolizumab (P) in undifferentiated pleomorphic sarcoma (UPS) and dedifferentiated/pleomorphic liposarcoma (LPS): Final results of SARC028 expansion cohorts.,https://ascopubs.org/doi/10.1200/JCO.2019.37.15_suppl.11015,https://doi.org/10.1200/JCO.2019.37.15_suppl.11015,cited_reference_found,ICI-27d906d8d8-01,https://doi.org/10.1200/JCO.2019.37.15_suppl.11015,doi_record,40,9,40,percent,reported,SARC028 expansion cohorts,NCT02301039,"advanced/metastatic undifferentiated pleomorphic sarcoma (UPS), final expansion cohort","advanced/metastatic undifferentiated pleomorphic sarcoma (UPS), final expansion cohort",,,UPS final expansion ORR 23% (9/40; 2 CR + 7 PR); met primary endpoint
cancer-ici-response,SCLC/PD-1,SCLC,PD-1,ORR,10.0,PMID:27269741,prior_locator_source_section,"Abstract, Findings",numeric_source_location_not_verified,R028,"Nivolumab alone and nivolumab plus ipilimumab in recurrent small-cell lung cancer (CheckMate 032): a multicentre, open-label, phase 1/2 trial.",https://pubmed.ncbi.nlm.nih.gov/27269741/,https://pubmed.ncbi.nlm.nih.gov/27269741/,cited_reference_found,ICI-367f3b5460-01,https://pubmed.ncbi.nlm.nih.gov/27269741/,pubmed_abstract,98,10,98,percent,reported,CheckMate 032,NCT01928394,"recurrent SCLC, nivolumab 3 mg/kg monotherapy, pretreated all-comers (>=1 prior platinum line)","recurrent SCLC, nivolumab 3 mg/kg monotherapy, pretreated all-comers (>=1 prior platinum line)",,,10/98 (10%; 95% CI 5-18) per Antonia et al 2016 CheckMate 032 source table; PubMed abstract confirms count
cancer-ici-response,SCLC/PD-1+CTLA-4,SCLC,PD-1+CTLA-4,ORR,23.0,PMID:27269741,prior_locator_source_section,"Abstract, Findings",numeric_source_location_not_verified,R028,"Nivolumab alone and nivolumab plus ipilimumab in recurrent small-cell lung cancer (CheckMate 032): a multicentre, open-label, phase 1/2 trial.",https://pubmed.ncbi.nlm.nih.gov/27269741/,https://pubmed.ncbi.nlm.nih.gov/27269741/,cited_reference_found,ICI-f5a30654c5-01,https://pubmed.ncbi.nlm.nih.gov/27269741/,pubmed_abstract,61,14,61,percent,reported,CheckMate 032,NCT01928394,"recurrent SCLC, >=1 prior platinum line","recurrent SCLC, >=1 prior platinum line",,,14/61 (23%); 95% CI 13-36 per Antonia et al Lancet Oncol 2016
cancer-ici-response,SCLC/PD-L1,SCLC,PD-L1,ORR,2.3,PMID:30664989,prior_locator_source_section,"Abstract, Results",numeric_source_location_not_verified,R060,A Randomized Non-Comparative Phase II Study of Anti-Programmed Cell Death-Ligand 1 Atezolizumab or Chemotherapy as Second-Line Therapy in Patients With Small Cell Lung Cancer: Results From the IFCT-1603 Trial.,https://pubmed.ncbi.nlm.nih.gov/30664989/,https://pubmed.ncbi.nlm.nih.gov/30664989/,cited_reference_found,ICI-90f14ccfd4-01,https://pubmed.ncbi.nlm.nih.gov/30664989/,pubmed_abstract,43,1,43,percent,reported,IFCT-1603,NCT03059667,"2L SCLC, post-platinum","2L SCLC, post-platinum",,,1/43 eligible; matches table 2.3%
cancer-ici-response,SKCM/PD-1,SKCM,PD-1,ORR,43.7,PMID:28889792,prior_locator_source_section,"Abstract, RESULTS",numeric_source_location_not_verified,R037,Overall Survival with Combined Nivolumab and Ipilimumab in Advanced Melanoma.,https://pubmed.ncbi.nlm.nih.gov/28889792/,https://pmc.ncbi.nlm.nih.gov/articles/PMC5706778/,cited_reference_found,ICI-c45f7ddf79-01,https://pmc.ncbi.nlm.nih.gov/articles/PMC5706778/,pmc_full_text,316,,316,percent,reported,CheckMate 067,NCT01844505,first-line advanced melanoma; nivolumab 3 mg/kg monotherapy arm,first-line advanced melanoma; nivolumab 3 mg/kg monotherapy arm,,,"Investigator-assessed ORR for nivolumab-alone arm, confirmed across CheckMate-067 reports (same 43.7% in 2015 Larkin and 2017 Wolchok papers); corrected on recheck from extraction's 45 and table's 42"
cancer-ici-response,TGCT/PD-1,TGCT,PD-1,ORR,0.0,PMID:29045540,prior_locator_source_section,"Abstract, Results",numeric_source_location_not_verified,R040,Phase II trial of pembrolizumab in patients with platinum refractory germ-cell tumors: a Hoosier Cancer Research Network Study GU14-206.,https://pubmed.ncbi.nlm.nih.gov/29045540/,https://pubmed.ncbi.nlm.nih.gov/29045540/,cited_reference_found,ICI-e37537fa7c-01,https://pubmed.ncbi.nlm.nih.gov/29045540/,pubmed_abstract,12,0,12,percent,reported,Hoosier GU14-206,NCT02499952,platinum-refractory germ cell tumors (relapsed after cisplatin + >=1 salvage),platinum-refractory germ cell tumors (relapsed after cisplatin + >=1 salvage),,,0 CR + 0 PR; checkpoint monotherapy inactive in GCT
cancer-ici-response,THCA/PD-1,THCA,PD-1,ORR,6.8,DOI:10.1002/cncr.34657,prior_locator_citation_only,,numeric_source_location_not_verified,R001,Efficacy and safety of pembrolizumab monotherapy in patients with advanced thyroid cancer in the phase 2 KEYNOTE-158 study.,https://doi.org/10.1002/cncr.34657,https://doi.org/10.1002/cncr.34657,cited_reference_found,ICI-b738c2d9c3-01,https://doi.org/10.1002/cncr.34657,doi_record,103,7,103,percent,reported,KEYNOTE-158,NCT02628067,advanced/previously-treated papillary or follicular (differentiated) thyroid cancer,advanced/previously-treated papillary or follicular (differentiated) thyroid cancer,,,matches table 6.8% (7/103)
cancer-ici-response,THYM/PD-L1,THYM,PD-L1,ORR,29.0,PMID:31639039,prior_locator_source_section,"Abstract, Results",numeric_source_location_not_verified;small_denominator,R068,Efficacy and tolerability of anti-programmed death-ligand 1 (PD-L1) antibody (Avelumab) treatment in advanced thymoma.,https://pubmed.ncbi.nlm.nih.gov/31639039/,https://pmc.ncbi.nlm.nih.gov/articles/PMC6805423/,cited_reference_found,ICI-290c164100-01,https://pmc.ncbi.nlm.nih.gov/articles/PMC6805423/,pmc_full_text,7,2,7,percent,reported,JAVELIN Solid Tumor,NCT01772004,"relapsed/advanced thymoma (phase 1 dose-escalation, 10-20 mg/kg q2w)","relapsed/advanced thymoma (phase 1 dose-escalation, 10-20 mg/kg q2w)",,,confirmed RECIST PR 2/7 (29%); verbatim from abstract; an additional 2/7 had unconfirmed PR
cancer-ici-response,THYMCA/PD-1,THYMCA,PD-1,ORR,22.5,PMID:29395863,prior_locator_source_section,"Abstract, Findings",numeric_source_location_not_verified,R042,"Pembrolizumab in patients with thymic carcinoma: a single-arm, single-centre, phase 2 study.",https://pubmed.ncbi.nlm.nih.gov/29395863/,https://pmc.ncbi.nlm.nih.gov/articles/PMC10683856/,cited_reference_found,ICI-1db7f7a7ad-01,https://pmc.ncbi.nlm.nih.gov/articles/PMC10683856/,pmc_full_text,40,9,40,percent,reported,pembrolizumab thymic carcinoma phase 2,NCT02364076,"advanced/recurrent thymic carcinoma, >=1 prior chemo, single-centre phase 2","advanced/recurrent thymic carcinoma, >=1 prior chemo, single-centre phase 2",,,matches table 22.5%; 9/40 (1 CR + 8 PR)
cancer-ici-response,UCEC_MSI/PD-1,UCEC_MSI,PD-1,ORR,48,PMID:39847999,prior_locator_source_section,"Abstract, Results",numeric_source_location_not_verified,R105,Pembrolizumab in microsatellite instability-high/mismatch repair deficient (MSI-H/dMMR) and non-MSI-H/non-dMMR advanced endometrial cancer: Phase 2 KEYNOTE-158 study results.,https://pubmed.ncbi.nlm.nih.gov/39847999/,https://pubmed.ncbi.nlm.nih.gov/39847999/,cited_reference_found,ICI-e3b25a0916-01,https://pubmed.ncbi.nlm.nih.gov/39847999/,pubmed_abstract,94,,94,percent,reported,KEYNOTE-158,NCT02628067,"MSI-H/dMMR advanced endometrial cancer, prior systemic therapy (long-term follow-up, median 54.5 mo)","MSI-H/dMMR advanced endometrial cancer, prior systemic therapy (long-term follow-up, median 54.5 mo)",,,"KEYNOTE-158 dMMR/MSI-H endometrial cohort, long-term follow-up (O'Malley 2022): ORR 48% (95% CI 37-60), n=94; earlier cutoff reported 50%"
cancer-ici-response,STAD_MSI/PD-1,STAD_MSI,PD-1,ORR,57.1,PMID:29543932,prior_locator_verified,"Results, Microsatellite Instability",small_denominator,R044,Safety and Efficacy of Pembrolizumab Monotherapy in Patients With Previously Treated Advanced Gastric and Gastroesophageal Junction Cancer: Phase 2 Clinical KEYNOTE-059 Trial.,https://pubmed.ncbi.nlm.nih.gov/29543932/,https://pmc.ncbi.nlm.nih.gov/articles/PMC5885175/,cited_reference_found,ICI-2a7de231fa-01,https://pmc.ncbi.nlm.nih.gov/articles/PMC5885175/,pmc_full_text,7,4,7,percent,reported,KEYNOTE-059,NCT02335411,third-line or later advanced MSI-H gastric/GEJ adenocarcinoma,third-line or later advanced MSI-H gastric/GEJ adenocarcinoma,,,4/7 patients with MSI-high samples experienced objective response; the non-MSI-high subgroup ORR was 9.0% (15/167).
cancer-apd1-response,SKCM/PD-1,SKCM,PD-1,ORR,43.7,PMID:28889792,prior_locator_source_section,"Abstract, RESULTS",numeric_source_location_not_verified,R037,Overall Survival with Combined Nivolumab and Ipilimumab in Advanced Melanoma.,https://pubmed.ncbi.nlm.nih.gov/28889792/,https://pmc.ncbi.nlm.nih.gov/articles/PMC5706778/,cited_reference_found,ICI-c45f7ddf79-01,https://pmc.ncbi.nlm.nih.gov/articles/PMC5706778/,pmc_full_text,316,,316,percent,reported,CheckMate 067,NCT01844505,first-line advanced melanoma; nivolumab 3 mg/kg monotherapy arm,first-line advanced melanoma; nivolumab 3 mg/kg monotherapy arm,,,"Investigator-assessed ORR for nivolumab-alone arm, confirmed across CheckMate-067 reports (same 43.7% in 2015 Larkin and 2017 Wolchok papers); corrected on recheck from extraction's 45 and table's 42"
cancer-apd1-response,HNSC/PD-1,HNSC,PD-1,ORR,19.0,PMID:31679945,prior_locator_source_section,"Abstract, Findings",numeric_source_location_not_verified;response_denominator_missing,R069,"Pembrolizumab alone or with chemotherapy versus cetuximab with chemotherapy for recurrent or metastatic squamous cell carcinoma of the head and neck (KEYNOTE-048): a randomised, open-label, phase 3 study.",https://pubmed.ncbi.nlm.nih.gov/31679945/,https://pubmed.ncbi.nlm.nih.gov/31679945/,cited_reference_found,ICI-61867d5430-01,https://pubmed.ncbi.nlm.nih.gov/31679945/,pubmed_abstract,,,301,percent,reported,KEYNOTE-048,NCT02358031,"first-line recurrent/metastatic HNSCC, pembrolizumab monotherapy arm, CPS>=1 population","first-line recurrent/metastatic HNSCC, pembrolizumab monotherapy arm, CPS>=1 population",,,CPS>=1 ORR; independently confirmed. n=301 is full monotherapy arm (total pop)
cancer-apd1-response,ESCA/PD-1,ESCA,PD-1,ORR,19.3,PMID:31582355,prior_locator_source_section,"Abstract, Findings",numeric_source_location_not_verified,R067,"Nivolumab versus chemotherapy in patients with advanced oesophageal squamous cell carcinoma refractory or intolerant to previous chemotherapy (ATTRACTION-3): a multicentre, randomised, open-label, phase 3 trial.",https://pubmed.ncbi.nlm.nih.gov/31582355/,https://pubmed.ncbi.nlm.nih.gov/31582355/,cited_reference_found,ICI-96b4d412b9-01,https://pubmed.ncbi.nlm.nih.gov/31582355/,pubmed_abstract,171,33,210,percent,reported,ATTRACTION-3,NCT02569242,"pretreated advanced esophageal squamous cell carcinoma, nivolumab arm","pretreated advanced esophageal squamous cell carcinoma, nivolumab arm",,,Response-evaluable population (n=171); 33/171 responders. ITT n=210. Table lists 18.0 (minor differ vs published 19.3%)
cancer-apd1-response,SCLC/PD-1,SCLC,PD-1,ORR,10.0,PMID:27269741,prior_locator_source_section,"Abstract, Findings",numeric_source_location_not_verified,R028,"Nivolumab alone and nivolumab plus ipilimumab in recurrent small-cell lung cancer (CheckMate 032): a multicentre, open-label, phase 1/2 trial.",https://pubmed.ncbi.nlm.nih.gov/27269741/,https://pubmed.ncbi.nlm.nih.gov/27269741/,cited_reference_found,ICI-367f3b5460-01,https://pubmed.ncbi.nlm.nih.gov/27269741/,pubmed_abstract,98,10,98,percent,reported,CheckMate 032,NCT01928394,"recurrent SCLC, nivolumab 3 mg/kg monotherapy, pretreated all-comers (>=1 prior platinum line)","recurrent SCLC, nivolumab 3 mg/kg monotherapy, pretreated all-comers (>=1 prior platinum line)",,,10/98 (10%; 95% CI 5-18) per Antonia et al 2016 CheckMate 032 source table; PubMed abstract confirms count
cancer-apd1-response,MESO/PD-1,MESO,PD-1,ORR,8.5,PMID:33836153,prior_locator_source_section,"Abstract, Findings",numeric_source_location_not_verified,R082,"Efficacy and safety of pembrolizumab in patients with advanced mesothelioma in the open-label, single-arm, phase 2 KEYNOTE-158 study.",https://pubmed.ncbi.nlm.nih.gov/33836153/,https://pubmed.ncbi.nlm.nih.gov/33836153/,cited_reference_found,ICI-96dcba4ace-01,https://pubmed.ncbi.nlm.nih.gov/33836153/,pubmed_abstract,118,10,118,percent,reported,KEYNOTE-158,NCT02628067,"Pretreated advanced (pleural) mesothelioma, all-comers; pembrolizumab 200 mg q3w","Pretreated advanced (pleural) mesothelioma, all-comers; pembrolizumab 200 mg q3w",,,"10/118 PR; reported as 8% (8.5%); no significant difference by PD-L1 status (PD-L1+ 8% [6/77], PD-L1- 13% [4/31])"
cancer-apd1-response,PAAD/PD-1,PAAD,PD-1,ORR,0.0,PMID:30557521,prior_locator_source_section,"Abstract, Results",numeric_source_location_not_verified,R057,"T-Cell-Inflamed Gene-Expression Profile, Programmed Death Ligand 1 Expression, and Tumor Mutational Burden Predict Efficacy in Patients Treated With Pembrolizumab Across 20 Cancers: KEYNOTE-028.",https://pubmed.ncbi.nlm.nih.gov/30557521/,https://pubmed.ncbi.nlm.nih.gov/30557521/,cited_reference_found,ICI-f39b833d2e-01,https://pubmed.ncbi.nlm.nih.gov/30557521/,pubmed_abstract,24,0,24,percent,reported,KEYNOTE-028,NCT02054806,"PD-L1-positive advanced pancreatic adenocarcinoma, pretreated","PD-L1-positive advanced pancreatic adenocarcinoma, pretreated",,,ORR 0% (0/24; 95% CI 0.0-14.2) in KEYNOTE-028 pancreatic cohort; rare MSI-H/dMMR PDAC is a biomarker-selected exception
cancer-apd1-response,UCEC_MSI/PD-1,UCEC_MSI,PD-1,ORR,48,PMID:39847999,prior_locator_source_section,"Abstract, Results",numeric_source_location_not_verified,R105,Pembrolizumab in microsatellite instability-high/mismatch repair deficient (MSI-H/dMMR) and non-MSI-H/non-dMMR advanced endometrial cancer: Phase 2 KEYNOTE-158 study results.,https://pubmed.ncbi.nlm.nih.gov/39847999/,https://pubmed.ncbi.nlm.nih.gov/39847999/,cited_reference_found,ICI-e3b25a0916-01,https://pubmed.ncbi.nlm.nih.gov/39847999/,pubmed_abstract,94,,94,percent,reported,KEYNOTE-158,NCT02628067,"MSI-H/dMMR advanced endometrial cancer, prior systemic therapy (long-term follow-up, median 54.5 mo)","MSI-H/dMMR advanced endometrial cancer, prior systemic therapy (long-term follow-up, median 54.5 mo)",,,"KEYNOTE-158 dMMR/MSI-H endometrial cohort, long-term follow-up (O'Malley 2022): ORR 48% (95% CI 37-60), n=94; earlier cutoff reported 50%"
cancer-apd1-response,OV/PD-1,OV,PD-1,ORR,8.0,PMID:31046082,prior_locator_source_section,"Abstract, Results",numeric_source_location_not_verified,R063,Antitumor activity and safety of pembrolizumab in patients with advanced recurrent ovarian cancer: results from the phase II KEYNOTE-100 study.,https://pubmed.ncbi.nlm.nih.gov/31046082/,https://pubmed.ncbi.nlm.nih.gov/31046082/,cited_reference_found,ICI-d9b891ea7b-01,https://pubmed.ncbi.nlm.nih.gov/31046082/,pubmed_abstract,376,,376,percent,reported,KEYNOTE-100,NCT02674061,"recurrent ovarian cancer, all-comers (overall study)","recurrent ovarian cancer, all-comers (overall study)",,,overall single-agent ORR ~8% across both cohorts (285 cohort A + 91 cohort B); matches row; CI not reported in source
cancer-apd1-response,SARC_UPS/PD-1,SARC_UPS,PD-1,ORR,23,DOI:10.1200/JCO.2019.37.15_suppl.11015,prior_locator_citation_only,,numeric_source_location_not_verified,R013,Clinical activity of pembrolizumab (P) in undifferentiated pleomorphic sarcoma (UPS) and dedifferentiated/pleomorphic liposarcoma (LPS): Final results of SARC028 expansion cohorts.,https://ascopubs.org/doi/10.1200/JCO.2019.37.15_suppl.11015,https://doi.org/10.1200/JCO.2019.37.15_suppl.11015,cited_reference_found,ICI-27d906d8d8-01,https://doi.org/10.1200/JCO.2019.37.15_suppl.11015,doi_record,40,9,40,percent,reported,SARC028 expansion cohorts,NCT02301039,"advanced/metastatic undifferentiated pleomorphic sarcoma (UPS), final expansion cohort","advanced/metastatic undifferentiated pleomorphic sarcoma (UPS), final expansion cohort",,,UPS final expansion ORR 23% (9/40; 2 CR + 7 PR); met primary endpoint
cancer-apd1-response,SARC_DDLPS/PD-1,SARC_DDLPS,PD-1,ORR,10,DOI:10.1200/JCO.2019.37.15_suppl.11015,prior_locator_citation_only,,numeric_source_location_not_verified,R013,Clinical activity of pembrolizumab (P) in undifferentiated pleomorphic sarcoma (UPS) and dedifferentiated/pleomorphic liposarcoma (LPS): Final results of SARC028 expansion cohorts.,https://ascopubs.org/doi/10.1200/JCO.2019.37.15_suppl.11015,https://doi.org/10.1200/JCO.2019.37.15_suppl.11015,cited_reference_found,ICI-8a975a40d8-01,https://doi.org/10.1200/JCO.2019.37.15_suppl.11015,doi_record,39,4,40,percent,reported,SARC028 expansion cohorts,NCT02301039,"advanced/metastatic dedifferentiated or pleomorphic liposarcoma (LPS), final expansion cohort","advanced/metastatic dedifferentiated or pleomorphic liposarcoma (LPS), final expansion cohort",,,LPS final expansion ORR 10% (4/39 evaluable; 40 enrolled); total 4 PR; did not meet predefined activity threshold
cancer-apd1-response,SARC_SYN/PD-1,SARC_SYN,PD-1,ORR,10.0,PMID:28988646,prior_locator_source_section,"Abstract, Findings:",numeric_source_location_not_verified,R039,"Pembrolizumab in advanced soft-tissue sarcoma and bone sarcoma (SARC028): a multicentre, two-cohort, single-arm, open-label, phase 2 trial.",https://pubmed.ncbi.nlm.nih.gov/28988646/,https://pmc.ncbi.nlm.nih.gov/articles/PMC7939029/,cited_reference_found,ICI-a166d88a43-01,https://pmc.ncbi.nlm.nih.gov/articles/PMC7939029/,pmc_full_text,10,1,10,percent,reported,SARC028,NCT02301039,"advanced/metastatic STS, synovial sarcoma subgroup, 2L+","advanced/metastatic STS, synovial sarcoma subgroup, 2L+",,,synovial sarcoma 1/10; confirmed 10%; tiny-n; immune-cold translocation sarcoma
cancer-apd1-response,SARC_MPNST/PD-1,SARC_MPNST,PD-1,ORR,12.5,PMID:41760889,prior_locator_source_section,Abstract,numeric_source_location_not_verified;small_denominator,R106,Pembrolizumab in advanced malignant peripheral nerve sheath tumors: a single-arm phase 2 trial.,https://pubmed.ncbi.nlm.nih.gov/41760889/,https://pmc.ncbi.nlm.nih.gov/articles/PMC13065800/,cited_reference_found,ICI-3d5c73d0ec-01,https://pmc.ncbi.nlm.nih.gov/articles/PMC13065800/,pmc_full_text,8,1,8,percent,reported,Pembrolizumab advanced MPNST phase 2,NCT02691026,advanced/metastatic MPNST single-arm phase 2 closed early for slow accrual,advanced/metastatic MPNST single-arm phase 2 closed early for slow accrual,,,1 durable objective response of 8 (abstract); 1 additional mixed response; response linked to PD-1+CD8+ T-cell density
cancer-apd1-response,SARC_CHON/PD-1,SARC_CHON,PD-1,ORR,20,PMID:28988646,prior_locator_verified,RESULTS,small_denominator,R039,"Pembrolizumab in advanced soft-tissue sarcoma and bone sarcoma (SARC028): a multicentre, two-cohort, single-arm, open-label, phase 2 trial.",https://pubmed.ncbi.nlm.nih.gov/28988646/,https://pmc.ncbi.nlm.nih.gov/articles/PMC7939029/,cited_reference_found,ICI-c813ebc19a-01,https://pmc.ncbi.nlm.nih.gov/articles/PMC7939029/,pmc_full_text,5,1,5,percent,reported,SARC028,NCT02301039,advanced chondrosarcoma subgroup within bone sarcoma cohort,advanced chondrosarcoma subgroup within bone sarcoma cohort,,,"chondrosarcoma 1/5 deep PR (>50% reduction), SARC028 bone cohort; tiny n"
cancer-apd1-response,SARC_ASPS/PD-L1,SARC_ASPS,PD-L1,ORR,37.0,PMID:37672694,prior_locator_source_section,"Abstract, RESULTS",numeric_source_location_not_verified,R099,Atezolizumab for Advanced Alveolar Soft Part Sarcoma.,https://pubmed.ncbi.nlm.nih.gov/37672694/,https://pmc.ncbi.nlm.nih.gov/articles/PMC10729808/,cited_reference_found,ICI-68f695eab6-01,https://pmc.ncbi.nlm.nih.gov/articles/PMC10729808/,pmc_full_text,52,19,52,percent,reported,atezolizumab alveolar soft part sarcoma phase 2,NCT03141684,"advanced/metastatic alveolar soft part sarcoma (ASPS), single-arm phase 2","advanced/metastatic alveolar soft part sarcoma (ASPS), single-arm phase 2",,,"19/52; 1 CR + 18 PR; RECIST v1.1. ORR percent, CR, PR confirmed verbatim from PubMed abstract. 95% CI 24-51 not in abstract but consistent with FDA long-term analysis ORR 35.8% [95% CI 23.1-50.2]."
cancer-apd1-response,BCC/PD-1,BCC,PD-1,ORR,31.0,PMID:34000246,prior_locator_source_section,"Abstract, Findings",numeric_source_location_not_verified,R084,"Cemiplimab in locally advanced basal cell carcinoma after hedgehog inhibitor therapy: an open-label, multi-centre, single-arm, phase 2 trial.",https://pubmed.ncbi.nlm.nih.gov/34000246/,https://pubmed.ncbi.nlm.nih.gov/34000246/,cited_reference_found,ICI-52dbc5d599-01,https://pubmed.ncbi.nlm.nih.gov/34000246/,pubmed_abstract,84,26,84,percent,reported,cemiplimab locally advanced basal cell carcinoma phase 2,NCT03132636,locally advanced BCC after progression on / intolerance to hedgehog inhibitor,locally advanced BCC after progression on / intolerance to hedgehog inhibitor,,,26/84 per independent central review; published 95% CI is 21-42 (corrected from cited 21.3). Source paper: Stratigos 2021 (PMID:34000246); cited PMID:33812497 is wrong (KEYNOTE-177)
cancer-apd1-response,ANSC/PD-1,ANSC,PD-1,ORR,24.0,PMID:28223062,prior_locator_source_section,"Abstract, Findings",numeric_source_location_not_verified,R033,"Nivolumab for previously treated unresectable metastatic anal cancer (NCI9673): a multicentre, single-arm, phase 2 study.",https://pubmed.ncbi.nlm.nih.gov/28223062/,https://pmc.ncbi.nlm.nih.gov/articles/PMC5809128/,cited_reference_found,ICI-8624416b0e-01,https://pmc.ncbi.nlm.nih.gov/articles/PMC5809128/,pmc_full_text,37,9,37,percent,reported,NCI9673,NCT02314169,refractory metastatic squamous cell carcinoma of the anal canal,refractory metastatic squamous cell carcinoma of the anal canal,,,9/37; matches table 24%
cancer-apd1-response,THYMCA/PD-1,THYMCA,PD-1,ORR,22.5,PMID:29395863,prior_locator_source_section,"Abstract, Findings",numeric_source_location_not_verified,R042,"Pembrolizumab in patients with thymic carcinoma: a single-arm, single-centre, phase 2 study.",https://pubmed.ncbi.nlm.nih.gov/29395863/,https://pmc.ncbi.nlm.nih.gov/articles/PMC10683856/,cited_reference_found,ICI-1db7f7a7ad-01,https://pmc.ncbi.nlm.nih.gov/articles/PMC10683856/,pmc_full_text,40,9,40,percent,reported,pembrolizumab thymic carcinoma phase 2,NCT02364076,"advanced/recurrent thymic carcinoma, >=1 prior chemo, single-centre phase 2","advanced/recurrent thymic carcinoma, >=1 prior chemo, single-centre phase 2",,,matches table 22.5%; 9/40 (1 CR + 8 PR)
cancer-apd1-response,THCA/PD-1,THCA,PD-1,ORR,6.8,DOI:10.1002/cncr.34657,prior_locator_citation_only,,numeric_source_location_not_verified,R001,Efficacy and safety of pembrolizumab monotherapy in patients with advanced thyroid cancer in the phase 2 KEYNOTE-158 study.,https://doi.org/10.1002/cncr.34657,https://doi.org/10.1002/cncr.34657,cited_reference_found,ICI-b738c2d9c3-01,https://doi.org/10.1002/cncr.34657,doi_record,103,7,103,percent,reported,KEYNOTE-158,NCT02628067,advanced/previously-treated papillary or follicular (differentiated) thyroid cancer,advanced/previously-treated papillary or follicular (differentiated) thyroid cancer,,,matches table 6.8% (7/103)
cancer-apd1-response,NEC_LUNG_LARGECELL/PD-1,NEC_LUNG_LARGECELL,PD-1,ORR,29.4,PMID:34590004,prior_locator_located_unverified,Results > Efficacy of Nivolumab,numeric_source_location_not_verified,R086,Brief Report on the Efficacy of Nivolumab in Patients With Previously Treated Advanced Large-Cell Neuroendocrine Cancer of the Lung.,https://pubmed.ncbi.nlm.nih.gov/34590004/,https://pmc.ncbi.nlm.nih.gov/articles/PMC8474479/,cited_reference_found,ICI-0415d548a7-01,https://pmc.ncbi.nlm.nih.gov/articles/PMC8474479/,pmc_full_text,17,5,29,percent,reported,nivolumab pulmonary LCNEC series,,previously treated advanced pulmonary LCNEC; nivolumab monotherapy 2L+,previously treated advanced pulmonary LCNEC; nivolumab monotherapy 2L+,,,"lung LCNEC nivolumab mono ORR 29.4% (5/17; 95% CI 10.3-56.0), Agar JTO CRR 2021; replaces prior extrapulmonary high-grade NEN value that EXCLUDED lung LCNEC"
cancer-apd1-response,SARC_SMARCA4/PD-1,SARC_SMARCA4,PD-1,ORR,25.0,PMID:37429302,prior_locator_source_section,"Abstract, Findings",numeric_source_location_not_verified,R098,"Pembrolizumab in patients with rare and ultra-rare sarcomas (AcSé Pembrolizumab): analysis of a subgroup from a non-randomised, open-label, phase 2, basket trial.",https://pubmed.ncbi.nlm.nih.gov/37429302/,https://pubmed.ncbi.nlm.nih.gov/37429302/,cited_reference_found,ICI-ede3c1f501-01,https://pubmed.ncbi.nlm.nih.gov/37429302/,pubmed_abstract,12,3,12,percent,reported,AcSe Pembrolizumab,NCT03012620,SMARCA4-deficient sarcoma / malignant rhabdoid tumour subgroup,SMARCA4-deficient sarcoma / malignant rhabdoid tumour subgroup,,,"3/12 partial responses, no CR; confirmed vs paper and multiple secondary sources"
cancer-apd1-response,SARC_EPITH/PD-1,SARC_EPITH,PD-1,ORR,16.7,PMID:37429302,prior_locator_source_section,"Abstract, Findings",numeric_source_location_not_verified;small_denominator,R098,"Pembrolizumab in patients with rare and ultra-rare sarcomas (AcSé Pembrolizumab): analysis of a subgroup from a non-randomised, open-label, phase 2, basket trial.",https://pubmed.ncbi.nlm.nih.gov/37429302/,https://pubmed.ncbi.nlm.nih.gov/37429302/,cited_reference_found,ICI-a2e719caec-01,https://pubmed.ncbi.nlm.nih.gov/37429302/,pubmed_abstract,6,1,6,percent,reported,AcSe Pembrolizumab,NCT03012620,advanced epithelioid sarcoma subgroup,advanced epithelioid sarcoma subgroup,,,"1 responder; paper rounds to 17%; response is a PR (abstract states NO complete responses in the whole cohort, so the single ES response cannot be a CR; secondary-source CR claims are erroneous)"
cancer-apd1-response,SARC_DSRCT/PD-1,SARC_DSRCT,PD-1,ORR,12.5,PMID:37429302,prior_locator_source_section,"Abstract, Findings",numeric_source_location_not_verified;small_denominator,R098,"Pembrolizumab in patients with rare and ultra-rare sarcomas (AcSé Pembrolizumab): analysis of a subgroup from a non-randomised, open-label, phase 2, basket trial.",https://pubmed.ncbi.nlm.nih.gov/37429302/,https://pubmed.ncbi.nlm.nih.gov/37429302/,cited_reference_found,ICI-c21f2242ff-01,https://pubmed.ncbi.nlm.nih.gov/37429302/,pubmed_abstract,8,1,8,percent,reported,AcSe Pembrolizumab,NCT03012620,advanced desmoplastic small round cell tumor (DSRCT) subgroup,advanced desmoplastic small round cell tumor (DSRCT) subgroup,,,1 PR; paper/ASCO Post round to 13%; no CR
cancer-apd1-response,SARC_GIST/PD-1,SARC_GIST,PD-1,ORR,0.0,PMID:39343511,prior_locator_source_section,"Abstract, Results",numeric_source_location_not_verified;small_denominator,R102,"A multicenter, randomized, non-comparative, phase II study of nivolumab ± ipilimumab for patients with metastatic sarcoma (Alliance A091401): expansion cohorts and correlative analyses.",https://pubmed.ncbi.nlm.nih.gov/39343511/,https://pmc.ncbi.nlm.nih.gov/articles/PMC11440204/,cited_reference_found,ICI-c5a846763f-01,https://pmc.ncbi.nlm.nih.gov/articles/PMC11440204/,pmc_full_text,9,0,9,percent,reported,Alliance A091401,NCT02500797,"advanced/metastatic GIST, nivolumab monotherapy arm (expansion cohort)","advanced/metastatic GIST, nivolumab monotherapy arm (expansion cohort)",,,0/9 confirmed responses (no CR/PR) in GIST nivolumab arm. Per-arm n=9 is the primary-endpoint-evaluable count reported directly in PMID:39343511 (21 GIST randomized: 10 N / 11 N+I; first 9 evaluable per arm analyzed). Enrollment halted early after no response in first 9 evaluable per arm.
cancer-apd1-response,TGCT/PD-1,TGCT,PD-1,ORR,0.0,PMID:29045540,prior_locator_source_section,"Abstract, Results",numeric_source_location_not_verified,R040,Phase II trial of pembrolizumab in patients with platinum refractory germ-cell tumors: a Hoosier Cancer Research Network Study GU14-206.,https://pubmed.ncbi.nlm.nih.gov/29045540/,https://pubmed.ncbi.nlm.nih.gov/29045540/,cited_reference_found,ICI-e37537fa7c-01,https://pubmed.ncbi.nlm.nih.gov/29045540/,pubmed_abstract,12,0,12,percent,reported,Hoosier GU14-206,NCT02499952,platinum-refractory germ cell tumors (relapsed after cisplatin + >=1 salvage),platinum-refractory germ cell tumors (relapsed after cisplatin + >=1 salvage),,,0 CR + 0 PR; checkpoint monotherapy inactive in GCT
cancer-apd1-response,MM/PD-1,MM,PD-1,ORR,0.0,PMID:30937889,prior_locator_citation_only,,numeric_source_location_not_verified,R061,Phase 1b trial of pembrolizumab monotherapy for relapsed/refractory multiple myeloma: KEYNOTE-013.,https://pubmed.ncbi.nlm.nih.gov/30937889/,https://pubmed.ncbi.nlm.nih.gov/30937889/,cited_reference_found,ICI-94980ac18f-01,https://pubmed.ncbi.nlm.nih.gov/30937889/,pubmed_abstract,30,0,30,percent,reported,KEYNOTE-013,NCT01953692,relapsed/refractory multiple myeloma; >=2 prior lines incl. PI and IMiD; monotherapy,relapsed/refractory multiple myeloma; >=2 prior lines incl. PI and IMiD; monotherapy,,,no objective responses (0/30 enrolled and analyzed; row cites 0/27 which is incorrect). 95% CI 0.0-9.5 per ClinicalTrials.gov NCT01953692 results record. Monotherapy inactive; safe but ineffective
cancer-apd1-response,CLL/PD-1,CLL,PD-1,ORR,0.0,DOI:10.1182/blood-2017-02-765685,prior_locator_source_section,Abstract,numeric_source_location_not_verified,R011,Pembrolizumab in patients with CLL and Richter transformation or with relapsed CLL.,https://doi.org/10.1182/blood-2017-02-765685,https://pmc.ncbi.nlm.nih.gov/articles/PMC5492091/,cited_reference_found,ICI-4f6402b639-01,https://pmc.ncbi.nlm.nih.gov/articles/PMC5492091/,pmc_abstract,16,0,16,percent,reported,Mayo Clinic phase 2 pembrolizumab CLL/Richter trial,NCT02332980,relapsed CLL cohort,relapsed CLL cohort,,,0/16; matches row 0.0%; independently verified
cancer-apd1-response,MENINGIOMA/PD-1,MENINGIOMA,PD-1,ORR,0.0,PMID:35289329,prior_locator_source_section,Abstract,numeric_source_location_not_verified,R091,Phase 2 study of pembrolizumab in patients with recurrent and residual high-grade meningiomas.,https://pubmed.ncbi.nlm.nih.gov/35289329/,https://pmc.ncbi.nlm.nih.gov/articles/PMC8921328/,cited_reference_found,ICI-7502d759c8-01,https://pmc.ncbi.nlm.nih.gov/articles/PMC8921328/,pmc_full_text,25,0,25,percent,reported,pembrolizumab recurrent high-grade meningioma phase 2,NCT03279692,Recurrent/progressive grade 2-3 (high-grade) meningioma,Recurrent/progressive grade 2-3 (high-grade) meningioma,,,No CR/PR; 2 patients had minor size decrease not meeting PR criteria; matches table 0/25
cancer-apd1-response,ATC/PD-1+CTLA-4,ATC,PD-1+CTLA-4,ORR,30.0,DOI:10.1200/JCO.2020.38.15_suppl.6513,prior_locator_citation_only,,numeric_source_location_not_verified,R015,A phase II study of nivolumab (N) plus ipilimumab (I) in radioidine refractory differentiated thyroid cancer (RAIR DTC) with exploratory cohorts in anaplastic (ATC) and medullary thyroid cancer (MTC).,https://ascopubs.org/doi/10.1200/JCO.2020.38.15_suppl.6513,https://doi.org/10.1200/JCO.2020.38.15_suppl.6513,cited_reference_found,ICI-deeb11dc2d-01,https://doi.org/10.1200/JCO.2020.38.15_suppl.6513,doi_record,10,3,10,percent,reported,nivolumab plus ipilimumab in aggressive thyroid cancer,NCT03246958,advanced anaplastic thyroid carcinoma (exploratory cohort),advanced anaplastic thyroid carcinoma (exploratory cohort),,,3/10 partial responses; independently confirmed 30% (95% CI 6.7-65.2%) via The ASCO Post; tiny-n exploratory cohort
cancer-apd1-response,STAD_MSI/PD-1,STAD_MSI,PD-1,ORR,57.1,PMID:29543932,prior_locator_verified,"Results, Microsatellite Instability",small_denominator,R044,Safety and Efficacy of Pembrolizumab Monotherapy in Patients With Previously Treated Advanced Gastric and Gastroesophageal Junction Cancer: Phase 2 Clinical KEYNOTE-059 Trial.,https://pubmed.ncbi.nlm.nih.gov/29543932/,https://pmc.ncbi.nlm.nih.gov/articles/PMC5885175/,cited_reference_found,ICI-2a7de231fa-01,https://pmc.ncbi.nlm.nih.gov/articles/PMC5885175/,pmc_full_text,7,4,7,percent,reported,KEYNOTE-059,NCT02335411,third-line or later advanced MSI-H gastric/GEJ adenocarcinoma,third-line or later advanced MSI-H gastric/GEJ adenocarcinoma,,,4/7 patients with MSI-high samples experienced objective response; the non-MSI-high subgroup ORR was 9.0% (15/167).
cancer-ici-response-estimates,ICI-9bfcbfbb51-01,SGC,PD-1,CRR,0.9,PMID:35777186,prior_locator_source_section,"Abstract, Results",numeric_source_location_not_verified,R094,Evaluation of pembrolizumab monotherapy in patients with previously treated advanced salivary gland carcinoma in the phase 2 KEYNOTE-158 study.,https://pubmed.ncbi.nlm.nih.gov/35777186/,https://pubmed.ncbi.nlm.nih.gov/35777186/,cited_reference_found,ICI-9bfcbfbb51-01,https://pubmed.ncbi.nlm.nih.gov/35777186/,pubmed_abstract,109,1,109,percent,reported,KEYNOTE-158,NCT02628067,previously treated advanced salivary gland carcinoma (pan-salivary source-scope estimate),previously treated advanced salivary gland carcinoma (pan-salivary source-scope estimate),,,1 complete response of 109; pan-salivary source-scope estimate; verified
cancer-ici-response-estimates,ICI-071eb5e3c9-01,SGC,PD-1,ORR,10.7,PMID:35777186,prior_locator_verified,"Abstract, Results",response_denominator_missing,R094,Evaluation of pembrolizumab monotherapy in patients with previously treated advanced salivary gland carcinoma in the phase 2 KEYNOTE-158 study.,https://pubmed.ncbi.nlm.nih.gov/35777186/,https://pubmed.ncbi.nlm.nih.gov/35777186/,cited_reference_found,ICI-071eb5e3c9-01,https://pubmed.ncbi.nlm.nih.gov/35777186/,pubmed_abstract,,,109,percent,reported,KEYNOTE-158,NCT02628067,previously treated advanced salivary gland carcinoma (pan-salivary source-scope estimate),previously treated advanced salivary gland carcinoma (pan-salivary source-scope estimate),,,PD-L1-positive subgroup; pan-salivary; verified
cancer-ici-response-estimates,ICI-ace3bf531f-01,SGC,PD-1,ORR,2.6,PMID:35777186,prior_locator_verified,"Abstract, Results",response_denominator_missing,R094,Evaluation of pembrolizumab monotherapy in patients with previously treated advanced salivary gland carcinoma in the phase 2 KEYNOTE-158 study.,https://pubmed.ncbi.nlm.nih.gov/35777186/,https://pubmed.ncbi.nlm.nih.gov/35777186/,cited_reference_found,ICI-ace3bf531f-01,https://pubmed.ncbi.nlm.nih.gov/35777186/,pubmed_abstract,,,109,percent,reported,KEYNOTE-158,NCT02628067,previously treated advanced salivary gland carcinoma (pan-salivary source-scope estimate),previously treated advanced salivary gland carcinoma (pan-salivary source-scope estimate),,,PD-L1-negative subgroup; pan-salivary; verified
cancer-ici-response-estimates,ICI-7c006ed354-01,SGC,PD-1,DOR,,PMID:35777186,audited_gap,"Abstract, Results",small_denominator,R094,Evaluation of pembrolizumab monotherapy in patients with previously treated advanced salivary gland carcinoma in the phase 2 KEYNOTE-158 study.,https://pubmed.ncbi.nlm.nih.gov/35777186/,https://pubmed.ncbi.nlm.nih.gov/35777186/,cited_reference_found,ICI-7c006ed354-01,https://pubmed.ncbi.nlm.nih.gov/35777186/,pubmed_abstract,5,,109,months,reported,KEYNOTE-158,NCT02628067,previously treated advanced salivary gland carcinoma (pan-salivary source-scope estimate),previously treated advanced salivary gland carcinoma (pan-salivary source-scope estimate),,,median DOR not reached; range 25.1-49.8+ months; all 5 responders >=24 months; pan-salivary; verified
cancer-ici-response-estimates,ICI-8624416b0e-01,ANSC,PD-1,ORR,24,PMID:28223062,prior_locator_source_section,"Abstract, Findings",numeric_source_location_not_verified,R033,"Nivolumab for previously treated unresectable metastatic anal cancer (NCI9673): a multicentre, single-arm, phase 2 study.",https://pubmed.ncbi.nlm.nih.gov/28223062/,https://pmc.ncbi.nlm.nih.gov/articles/PMC5809128/,cited_reference_found,ICI-8624416b0e-01,https://pmc.ncbi.nlm.nih.gov/articles/PMC5809128/,pmc_full_text,37,9,37,percent,reported,NCI9673,NCT02314169,refractory metastatic squamous cell carcinoma of the anal canal,refractory metastatic squamous cell carcinoma of the anal canal,,,9/37; matches table 24%
cancer-ici-response-estimates,ICI-8cd76d5098-01,ANSC,PD-1,CRR,5.4,PMID:28223062,prior_locator_source_section,"Abstract, Findings",numeric_source_location_not_verified,R033,"Nivolumab for previously treated unresectable metastatic anal cancer (NCI9673): a multicentre, single-arm, phase 2 study.",https://pubmed.ncbi.nlm.nih.gov/28223062/,https://pmc.ncbi.nlm.nih.gov/articles/PMC5809128/,cited_reference_found,ICI-8cd76d5098-01,https://pmc.ncbi.nlm.nih.gov/articles/PMC5809128/,pmc_full_text,37,2,37,percent,reported,NCI9673,NCT02314169,refractory metastatic squamous cell carcinoma of the anal canal,refractory metastatic squamous cell carcinoma of the anal canal,,,2 complete responses
cancer-ici-response-estimates,ICI-943547eb15-01,ANSC,PD-1,PR,18.9,PMID:28223062,prior_locator_source_section,"Abstract, Findings",numeric_source_location_not_verified,R033,"Nivolumab for previously treated unresectable metastatic anal cancer (NCI9673): a multicentre, single-arm, phase 2 study.",https://pubmed.ncbi.nlm.nih.gov/28223062/,https://pmc.ncbi.nlm.nih.gov/articles/PMC5809128/,cited_reference_found,ICI-943547eb15-01,https://pmc.ncbi.nlm.nih.gov/articles/PMC5809128/,pmc_full_text,37,7,37,percent,reported,NCI9673,NCT02314169,refractory metastatic squamous cell carcinoma of the anal canal,refractory metastatic squamous cell carcinoma of the anal canal,,,7 partial responses
cancer-ici-response-estimates,ICI-cfb30dbca5-01,ANSC,PD-1,ORR,11,PMID:35114169,prior_locator_source_section,"Abstract, Findings",numeric_source_location_not_verified,R090,"Pembrolizumab for previously treated advanced anal squamous cell carcinoma: results from the non-randomised, multicohort, multicentre, phase 2 KEYNOTE-158 study.",https://pubmed.ncbi.nlm.nih.gov/35114169/,https://pmc.ncbi.nlm.nih.gov/articles/PMC12012850/,cited_reference_found,ICI-cfb30dbca5-01,https://pmc.ncbi.nlm.nih.gov/articles/PMC12012850/,pmc_full_text,112,12,112,percent,reported,KEYNOTE-158,,previously treated advanced anal squamous cell carcinoma,previously treated advanced anal squamous cell carcinoma,,,12/112; supports row note 'pembro KEYNOTE-158 anal ~11%'
cancer-ici-response-estimates,ICI-ccc536e5e5-01,ANSC,PD-1,ORR,15,PMID:35114169,prior_locator_source_section,"Abstract, Findings",numeric_source_location_not_verified,R090,"Pembrolizumab for previously treated advanced anal squamous cell carcinoma: results from the non-randomised, multicohort, multicentre, phase 2 KEYNOTE-158 study.",https://pubmed.ncbi.nlm.nih.gov/35114169/,https://pmc.ncbi.nlm.nih.gov/articles/PMC12012850/,cited_reference_found,ICI-ccc536e5e5-01,https://pmc.ncbi.nlm.nih.gov/articles/PMC12012850/,pmc_full_text,75,11,112,percent,reported,KEYNOTE-158,,previously treated advanced anal squamous cell carcinoma,previously treated advanced anal squamous cell carcinoma,,,"PD-L1 CPS>=1 subgroup, 11/75"
cancer-ici-response-estimates,ICI-deeb11dc2d-01,ATC,PD-1+CTLA-4,ORR,30,DOI:10.1200/JCO.2020.38.15_suppl.6513,prior_locator_citation_only,,numeric_source_location_not_verified,R015,A phase II study of nivolumab (N) plus ipilimumab (I) in radioidine refractory differentiated thyroid cancer (RAIR DTC) with exploratory cohorts in anaplastic (ATC) and medullary thyroid cancer (MTC).,https://ascopubs.org/doi/10.1200/JCO.2020.38.15_suppl.6513,https://doi.org/10.1200/JCO.2020.38.15_suppl.6513,cited_reference_found,ICI-deeb11dc2d-01,https://doi.org/10.1200/JCO.2020.38.15_suppl.6513,doi_record,10,3,10,percent,reported,nivolumab plus ipilimumab in aggressive thyroid cancer,NCT03246958,advanced anaplastic thyroid carcinoma (exploratory cohort),advanced anaplastic thyroid carcinoma (exploratory cohort),,,3/10 partial responses; independently confirmed 30% (95% CI 6.7-65.2%) via The ASCO Post; tiny-n exploratory cohort
cancer-ici-response-estimates,ICI-cb72c7e2fd-01,ATC,PD-1+CTLA-4,CBR,50,DOI:10.1200/JCO.2020.38.15_suppl.6513,prior_locator_citation_only,,numeric_source_location_not_verified,R015,A phase II study of nivolumab (N) plus ipilimumab (I) in radioidine refractory differentiated thyroid cancer (RAIR DTC) with exploratory cohorts in anaplastic (ATC) and medullary thyroid cancer (MTC).,https://ascopubs.org/doi/10.1200/JCO.2020.38.15_suppl.6513,https://doi.org/10.1200/JCO.2020.38.15_suppl.6513,cited_reference_found,ICI-cb72c7e2fd-01,https://doi.org/10.1200/JCO.2020.38.15_suppl.6513,doi_record,10,,10,percent,reported,nivolumab plus ipilimumab in aggressive thyroid cancer,NCT03246958,advanced anaplastic thyroid carcinoma (exploratory cohort),advanced anaplastic thyroid carcinoma (exploratory cohort),,,The conference report describes approximately 50% clinical benefit; the legacy DCR label was not the named endpoint.
cancer-ici-response-estimates,ICI-966148cfb1-01,ATC,PD-1+CTLA-4,ORR,9.4,DOI:10.1200/JCO.2020.38.15_suppl.6513,prior_locator_citation_only,,excluded_from_pooling;numeric_source_location_not_verified,R015,A phase II study of nivolumab (N) plus ipilimumab (I) in radioidine refractory differentiated thyroid cancer (RAIR DTC) with exploratory cohorts in anaplastic (ATC) and medullary thyroid cancer (MTC).,https://ascopubs.org/doi/10.1200/JCO.2020.38.15_suppl.6513,https://doi.org/10.1200/JCO.2020.38.15_suppl.6513,cited_reference_found,ICI-966148cfb1-01,https://doi.org/10.1200/JCO.2020.38.15_suppl.6513,doi_record,32,3,32,percent,reported_context,"NCT03246958 (RAIR DTC primary cohort, abstr 6513)",NCT03246958,"radioiodine-refractory differentiated thyroid cancer (context cohort, not ATC)","radioiodine-refractory differentiated thyroid cancer (context cohort, not ATC)",,,"Different cancer: RAIR differentiated thyroid cohort (3/32), not ATC; retained only as contextual evidence and excluded from ATC pooling. Source abstract reports rounded CI 2-25%."
cancer-ici-response-estimates,ICI-52dbc5d599-01,BCC,PD-1,ORR,31,PMID:34000246,prior_locator_source_section,"Abstract, Findings",numeric_source_location_not_verified,R084,"Cemiplimab in locally advanced basal cell carcinoma after hedgehog inhibitor therapy: an open-label, multi-centre, single-arm, phase 2 trial.",https://pubmed.ncbi.nlm.nih.gov/34000246/,https://pubmed.ncbi.nlm.nih.gov/34000246/,cited_reference_found,ICI-52dbc5d599-01,https://pubmed.ncbi.nlm.nih.gov/34000246/,pubmed_abstract,84,26,84,percent,reported,cemiplimab locally advanced basal cell carcinoma phase 2,NCT03132636,locally advanced BCC after progression on / intolerance to hedgehog inhibitor,locally advanced BCC after progression on / intolerance to hedgehog inhibitor,,,26/84 per independent central review; published 95% CI is 21-42 (corrected from cited 21.3). Source paper: Stratigos 2021 (PMID:34000246); cited PMID:33812497 is wrong (KEYNOTE-177)
cancer-ici-response-estimates,ICI-9394b751d8-01,BCC,PD-1,DCR,80,PMID:34000246,prior_locator_source_section,"Abstract, Findings",numeric_source_location_not_verified,R084,"Cemiplimab in locally advanced basal cell carcinoma after hedgehog inhibitor therapy: an open-label, multi-centre, single-arm, phase 2 trial.",https://pubmed.ncbi.nlm.nih.gov/34000246/,https://pubmed.ncbi.nlm.nih.gov/34000246/,cited_reference_found,ICI-9394b751d8-01,https://pubmed.ncbi.nlm.nih.gov/34000246/,pubmed_abstract,84,67,84,percent,reported,cemiplimab locally advanced basal cell carcinoma phase 2,NCT03132636,locally advanced BCC after progression on / intolerance to hedgehog inhibitor,locally advanced BCC after progression on / intolerance to hedgehog inhibitor,,,"disease control rate 80% (67/84, 95% CI 70-88); corrected from prior extraction which mislabeled the 60% durable-disease-control figure as DCR"
cancer-ici-response-estimates,ICI-6eab5da93b-01,BCC,PD-1,DURABLE DISEASE CONTROL,60,PMID:34000246,prior_locator_source_section,"Abstract, Findings",numeric_source_location_not_verified,R084,"Cemiplimab in locally advanced basal cell carcinoma after hedgehog inhibitor therapy: an open-label, multi-centre, single-arm, phase 2 trial.",https://pubmed.ncbi.nlm.nih.gov/34000246/,https://pubmed.ncbi.nlm.nih.gov/34000246/,cited_reference_found,ICI-6eab5da93b-01,https://pubmed.ncbi.nlm.nih.gov/34000246/,pubmed_abstract,84,50,84,percent,reported,cemiplimab locally advanced basal cell carcinoma phase 2,NCT03132636,locally advanced BCC after progression on / intolerance to hedgehog inhibitor,locally advanced BCC after progression on / intolerance to hedgehog inhibitor,,,"durable disease control = no progressive disease for >=182 days; 50/84 (60%, 95% CI 48-70)"
cancer-ici-response-estimates,ICI-d465ee2e25-01,BCC,PD-1,PFS,19,PMID:34000246,prior_locator_source_section,"Abstract, Findings",numeric_source_location_not_verified,R084,"Cemiplimab in locally advanced basal cell carcinoma after hedgehog inhibitor therapy: an open-label, multi-centre, single-arm, phase 2 trial.",https://pubmed.ncbi.nlm.nih.gov/34000246/,https://pubmed.ncbi.nlm.nih.gov/34000246/,cited_reference_found,ICI-d465ee2e25-01,https://pubmed.ncbi.nlm.nih.gov/34000246/,pubmed_abstract,84,,84,months,reported,cemiplimab locally advanced basal cell carcinoma phase 2,NCT03132636,locally advanced BCC after progression on / intolerance to hedgehog inhibitor,locally advanced BCC after progression on / intolerance to hedgehog inhibitor,,,median PFS 19 months (95% CI 9-NE)
cancer-ici-response-estimates,ICI-19956d182d-01,BCC,PD-1,ORR,22,DOI:10.1016/j.annonc.2023.10.123,prior_locator_citation_only,,numeric_source_location_not_verified,R002,Final analysis of phase II results with cemiplimab in metastatic basal cell carcinoma after hedgehog pathway inhibitors.,https://doi.org/10.1016/j.annonc.2023.10.123,https://doi.org/10.1016/j.annonc.2023.10.123,cited_reference_found,ICI-19956d182d-01,https://doi.org/10.1016/j.annonc.2023.10.123,doi_record,54,12,54,percent,reported,"NCT03132636 (metastatic BCC cohort, final analysis)",NCT03132636,metastatic BCC after hedgehog pathway inhibitor,metastatic BCC after hedgehog pathway inhibitor,,,12/54 per ICR; independently confirmed from Ann Oncol 2023 final analysis (Lewis et al.). Supports row note 'metastatic BCC ~24%' (final analysis gives 22%)
cancer-ici-response-estimates,ICI-4398a82d1e-01,BCC,PD-1,CRR,3.7,DOI:10.1016/j.annonc.2023.10.123,prior_locator_citation_only,,numeric_source_location_not_verified,R002,Final analysis of phase II results with cemiplimab in metastatic basal cell carcinoma after hedgehog pathway inhibitors.,https://doi.org/10.1016/j.annonc.2023.10.123,https://doi.org/10.1016/j.annonc.2023.10.123,cited_reference_found,ICI-4398a82d1e-01,https://doi.org/10.1016/j.annonc.2023.10.123,doi_record,54,2,54,percent,reported,"NCT03132636 (metastatic BCC cohort, final analysis)",NCT03132636,metastatic BCC after hedgehog pathway inhibitor,metastatic BCC after hedgehog pathway inhibitor,,,2/54 complete responses; rate computed from the reported count.
cancer-ici-response-estimates,ICI-143d70f5e9-01,BCC,PD-1,PR,18.5,DOI:10.1016/j.annonc.2023.10.123,prior_locator_citation_only,,numeric_source_location_not_verified,R002,Final analysis of phase II results with cemiplimab in metastatic basal cell carcinoma after hedgehog pathway inhibitors.,https://doi.org/10.1016/j.annonc.2023.10.123,https://doi.org/10.1016/j.annonc.2023.10.123,cited_reference_found,ICI-143d70f5e9-01,https://doi.org/10.1016/j.annonc.2023.10.123,doi_record,54,10,54,percent,reported,"NCT03132636 (metastatic BCC cohort, final analysis)",NCT03132636,metastatic BCC after hedgehog pathway inhibitor,metastatic BCC after hedgehog pathway inhibitor,,,10/54 partial responses; rate computed from the reported count.
cancer-ici-response-estimates,ICI-cb7e1bb636-01,BCC,PD-1,PFS,10,DOI:10.1016/j.annonc.2023.10.123,prior_locator_not_verified,,numeric_source_location_not_verified,R002,Final analysis of phase II results with cemiplimab in metastatic basal cell carcinoma after hedgehog pathway inhibitors.,https://doi.org/10.1016/j.annonc.2023.10.123,https://doi.org/10.1016/j.annonc.2023.10.123,cited_reference_found,ICI-cb7e1bb636-01,https://doi.org/10.1016/j.annonc.2023.10.123,doi_record,54,,54,months,reported,"NCT03132636 (metastatic BCC cohort, final analysis)",NCT03132636,metastatic BCC after hedgehog pathway inhibitor,metastatic BCC after hedgehog pathway inhibitor,,,median PFS per ICR 10 months (95% CI 4-16); added from final analysis
cancer-ici-response-estimates,ICI-ed94d6f902-01,BCC,PD-1,OS,50,DOI:10.1016/j.annonc.2023.10.123,prior_locator_not_verified,,numeric_source_location_not_verified,R002,Final analysis of phase II results with cemiplimab in metastatic basal cell carcinoma after hedgehog pathway inhibitors.,https://doi.org/10.1016/j.annonc.2023.10.123,https://doi.org/10.1016/j.annonc.2023.10.123,cited_reference_found,ICI-ed94d6f902-01,https://doi.org/10.1016/j.annonc.2023.10.123,doi_record,54,,54,months,reported,"NCT03132636 (metastatic BCC cohort, final analysis)",NCT03132636,metastatic BCC after hedgehog pathway inhibitor,metastatic BCC after hedgehog pathway inhibitor,,,median OS 50 months (95% CI 28-NE); added from final analysis
cancer-ici-response-estimates,ICI-278a4de643-01,BLCA,PD-1,CRR,8.9,PMID:32552471,prior_locator_source_section,"Abstract, Results",numeric_source_location_not_verified,R072,Long-Term Outcomes in KEYNOTE-052: Phase II Study Investigating First-Line Pembrolizumab in Cisplatin-Ineligible Patients With Locally Advanced or Metastatic Urothelial Cancer.,https://pubmed.ncbi.nlm.nih.gov/32552471/,https://pubmed.ncbi.nlm.nih.gov/32552471/,cited_reference_found,ICI-278a4de643-01,https://pubmed.ncbi.nlm.nih.gov/32552471/,pubmed_abstract,370,33,370,percent,reported,KEYNOTE-052,NCT02335424,"first-line cisplatin-ineligible; all-comers (final/long-term analysis, Vuky 2020)","first-line cisplatin-ineligible; all-comers (final/long-term analysis, Vuky 2020)",,,
cancer-ici-response-estimates,ICI-def378bec0-01,BLCA,PD-1,ORR,47.3,PMID:32552471,prior_locator_verified,"Abstract, Results",response_denominator_missing,R072,Long-Term Outcomes in KEYNOTE-052: Phase II Study Investigating First-Line Pembrolizumab in Cisplatin-Ineligible Patients With Locally Advanced or Metastatic Urothelial Cancer.,https://pubmed.ncbi.nlm.nih.gov/32552471/,https://pubmed.ncbi.nlm.nih.gov/32552471/,cited_reference_found,ICI-def378bec0-01,https://pubmed.ncbi.nlm.nih.gov/32552471/,pubmed_abstract,,,,percent,reported,KEYNOTE-052,,first-line cisplatin-ineligible; PD-L1 CPS>=10 subgroup,first-line cisplatin-ineligible; PD-L1 CPS>=10 subgroup,,,CPS>=10; row note ~47%
cancer-ici-response-estimates,ICI-22d7ca6935-01,BLCA,PD-1,ORR,19.6,PMID:28131785,prior_locator_source_section,"Abstract, Findings",numeric_source_location_not_verified,R032,"Nivolumab in metastatic urothelial carcinoma after platinum therapy (CheckMate 275): a multicentre, single-arm, phase 2 trial.",https://pubmed.ncbi.nlm.nih.gov/28131785/,https://pubmed.ncbi.nlm.nih.gov/28131785/,cited_reference_found,ICI-22d7ca6935-01,https://pubmed.ncbi.nlm.nih.gov/28131785/,pubmed_abstract,265,52,270,percent,reported,CheckMate-275,,"metastatic urothelial carcinoma, pretreated (>=1 prior platinum); all-comers","metastatic urothelial carcinoma, pretreated (>=1 prior platinum); all-comers",,,Sharma 2017 Lancet Oncol; row note pretreated ~20%; ORR pop n=265
cancer-ici-response-estimates,ICI-1c4c4cfa84-01,BLCA,PD-1,ORR,28.4,PMID:28131785,prior_locator_source_section,"Abstract, Findings",numeric_source_location_not_verified,R032,"Nivolumab in metastatic urothelial carcinoma after platinum therapy (CheckMate 275): a multicentre, single-arm, phase 2 trial.",https://pubmed.ncbi.nlm.nih.gov/28131785/,https://pubmed.ncbi.nlm.nih.gov/28131785/,cited_reference_found,ICI-1c4c4cfa84-01,https://pubmed.ncbi.nlm.nih.gov/28131785/,pubmed_abstract,81,23,270,percent,reported,CheckMate-275,,"metastatic urothelial carcinoma, pretreated (>=1 prior platinum); all-comers","metastatic urothelial carcinoma, pretreated (>=1 prior platinum); all-comers",,,PD-L1>=5%
cancer-ici-response-estimates,ICI-bde6ff938a-01,BLCA,PD-1,ORR,16.1,PMID:28131785,prior_locator_source_section,"Abstract, Findings",numeric_source_location_not_verified,R032,"Nivolumab in metastatic urothelial carcinoma after platinum therapy (CheckMate 275): a multicentre, single-arm, phase 2 trial.",https://pubmed.ncbi.nlm.nih.gov/28131785/,https://pubmed.ncbi.nlm.nih.gov/28131785/,cited_reference_found,ICI-bde6ff938a-01,https://pubmed.ncbi.nlm.nih.gov/28131785/,pubmed_abstract,143,23,270,percent,reported,CheckMate-275,,"metastatic urothelial carcinoma, pretreated (>=1 prior platinum); all-comers","metastatic urothelial carcinoma, pretreated (>=1 prior platinum); all-comers",,,PD-L1<1%
cancer-ici-response-estimates,ICI-c4d53723ca-01,BLCA,PD-1,PFS,2,PMID:28131785,prior_locator_source_section,"Abstract, Findings",numeric_source_location_not_verified,R032,"Nivolumab in metastatic urothelial carcinoma after platinum therapy (CheckMate 275): a multicentre, single-arm, phase 2 trial.",https://pubmed.ncbi.nlm.nih.gov/28131785/,https://pubmed.ncbi.nlm.nih.gov/28131785/,cited_reference_found,ICI-c4d53723ca-01,https://pubmed.ncbi.nlm.nih.gov/28131785/,pubmed_abstract,270,,270,months,reported,CheckMate-275,,"metastatic urothelial carcinoma, pretreated (>=1 prior platinum); all-comers","metastatic urothelial carcinoma, pretreated (>=1 prior platinum); all-comers",,,
cancer-ici-response-estimates,ICI-9e11d8b7bd-01,BLCA,PD-L1,ORR,17,PMID:29217288,prior_locator_source_section,"Abstract, Findings",numeric_source_location_not_verified,R041,"Avelumab in metastatic urothelial carcinoma after platinum failure (JAVELIN Solid Tumor): pooled results from two expansion cohorts of an open-label, phase 1 trial.",https://pubmed.ncbi.nlm.nih.gov/29217288/,https://pmc.ncbi.nlm.nih.gov/articles/PMC7984727/,cited_reference_found,ICI-9e11d8b7bd-01,https://pmc.ncbi.nlm.nih.gov/articles/PMC7984727/,pmc_full_text,161,,249,percent,reported,JAVELIN Solid Tumor,,metastatic urothelial carcinoma after platinum failure (Patel 2018 Lancet Oncol),metastatic urothelial carcinoma after platinum failure (Patel 2018 Lancet Oncol),,,row note avelumab 17%; ORR ~17% in >=6mo follow-up subset
cancer-ici-response-estimates,ICI-00a12fc413-01,BRCA_TNBC,PD-1,ORR,5.7,PMID:30475950,prior_locator_verified,"Abstract, Results",response_denominator_missing,R056,Pembrolizumab monotherapy for previously treated metastatic triple-negative breast cancer: cohort A of the phase II KEYNOTE-086 study.,https://pubmed.ncbi.nlm.nih.gov/30475950/,https://pubmed.ncbi.nlm.nih.gov/30475950/,cited_reference_found,ICI-00a12fc413-01,https://pubmed.ncbi.nlm.nih.gov/30475950/,pubmed_abstract,,,170,percent,reported,KEYNOTE-086,NCT02447003,pretreated metastatic TNBC; all-comers (Adams 2019),pretreated metastatic TNBC; all-comers (Adams 2019),,,PD-L1-positive subgroup
cancer-ici-response-estimates,ICI-9fc9ca17f2-01,BRCA_TNBC,PD-1,CRR,4.8,PMID:30475947,prior_locator_source_section,"Abstract, Results",numeric_source_location_not_verified,R055,"Pembrolizumab monotherapy for previously untreated, PD-L1-positive, metastatic triple-negative breast cancer: cohort B of the phase II KEYNOTE-086 study.",https://pubmed.ncbi.nlm.nih.gov/30475947/,https://pubmed.ncbi.nlm.nih.gov/30475947/,cited_reference_found,ICI-9fc9ca17f2-01,https://pubmed.ncbi.nlm.nih.gov/30475947/,pubmed_abstract,84,4,84,percent,reported,KEYNOTE-086 cohort B,,"previously untreated, PD-L1-positive metastatic TNBC (Adams 2019, Ann Oncol 30(3):405-411)","previously untreated, PD-L1-positive metastatic TNBC (Adams 2019, Ann Oncol 30(3):405-411)",,,4 complete responses / 84
cancer-ici-response-estimates,ICI-3792c43928-01,BRCA_TNBC,PD-L1,ORR,10,PMID:30242306,prior_locator_source_section,"Abstract, Findings",numeric_source_location_not_verified,R053,Long-term Clinical Outcomes and Biomarker Analyses of Atezolizumab Therapy for Patients With Metastatic Triple-Negative Breast Cancer: A Phase 1 Study.,https://pubmed.ncbi.nlm.nih.gov/30242306/,https://pmc.ncbi.nlm.nih.gov/articles/PMC6439773/,cited_reference_found,ICI-3792c43928-01,https://pmc.ncbi.nlm.nih.gov/articles/PMC6439773/,pmc_abstract,115,11,116,percent,reported,PCD4989g,NCT01375842,"metastatic TNBC all-comers (any line), phase 1 monotherapy","metastatic TNBC all-comers (any line), phase 1 monotherapy",,,all-comer ORR 10% (11/115 evaluable; 95% CI 4.9-16.5 by RECIST); CI verified present in JAMA full text
cancer-ici-response-estimates,ICI-7353d7284b-01,BRCA_TNBC,PD-L1,ORR,24,PMID:30242306,prior_locator_source_section,"Abstract, Findings",numeric_source_location_not_verified,R053,Long-term Clinical Outcomes and Biomarker Analyses of Atezolizumab Therapy for Patients With Metastatic Triple-Negative Breast Cancer: A Phase 1 Study.,https://pubmed.ncbi.nlm.nih.gov/30242306/,https://pmc.ncbi.nlm.nih.gov/articles/PMC6439773/,cited_reference_found,ICI-7353d7284b-01,https://pmc.ncbi.nlm.nih.gov/articles/PMC6439773/,pmc_abstract,21,5,21,percent,reported,PCD4989g,,first-line (1L) metastatic TNBC subset,first-line (1L) metastatic TNBC subset,,,1L subset; 95% CI 8.2-47.2 by RECIST
cancer-ici-response-estimates,ICI-6bbe217c59-01,BRCA_TNBC,PD-L1,ORR,6,PMID:30242306,prior_locator_source_section,"Abstract, Findings",numeric_source_location_not_verified,R053,Long-term Clinical Outcomes and Biomarker Analyses of Atezolizumab Therapy for Patients With Metastatic Triple-Negative Breast Cancer: A Phase 1 Study.,https://pubmed.ncbi.nlm.nih.gov/30242306/,https://pmc.ncbi.nlm.nih.gov/articles/PMC6439773/,cited_reference_found,ICI-6bbe217c59-01,https://pmc.ncbi.nlm.nih.gov/articles/PMC6439773/,pmc_abstract,94,6,94,percent,reported,PCD4989g,,second-line or greater (2L+) metastatic TNBC subset,second-line or greater (2L+) metastatic TNBC subset,,,2L+ subset; 95% CI 2.4-13.4 by RECIST
cancer-ici-response-estimates,ICI-dd8d58275c-01,BRCA_TNBC,PD-L1,ORR,12,PMID:30242306,prior_locator_source_section,"Abstract, Findings",numeric_source_location_not_verified,R053,Long-term Clinical Outcomes and Biomarker Analyses of Atezolizumab Therapy for Patients With Metastatic Triple-Negative Breast Cancer: A Phase 1 Study.,https://pubmed.ncbi.nlm.nih.gov/30242306/,https://pmc.ncbi.nlm.nih.gov/articles/PMC6439773/,cited_reference_found,ICI-dd8d58275c-01,https://pmc.ncbi.nlm.nih.gov/articles/PMC6439773/,pmc_abstract,91,11,91,percent,reported,PCD4989g,,PD-L1 IC>=1% (IC1/2/3) immune-cell positive subset,PD-L1 IC>=1% (IC1/2/3) immune-cell positive subset,,,responses enriched in PD-L1 expressing tumor-infiltrating immune cells; 95% CI 6-21 by RECIST; PD-L1 IC>=1% median OS 10.1 mo
cancer-ici-response-estimates,ICI-ddd8d6f347-01,CESC,PD-1,CRR,3.1,PMID:30943124,prior_locator_source_section,"Abstract, Results",numeric_source_location_not_verified,R062,Efficacy and Safety of Pembrolizumab in Previously Treated Advanced Cervical Cancer: Results From the Phase II KEYNOTE-158 Study.,https://pubmed.ncbi.nlm.nih.gov/30943124/,https://pubmed.ncbi.nlm.nih.gov/30943124/,cited_reference_found,ICI-ddd8d6f347-01,https://pubmed.ncbi.nlm.nih.gov/30943124/,pubmed_abstract,98,3,98,percent,reported,KEYNOTE-158,,all-comer pretreated advanced cervical cancer (full cohort),all-comer pretreated advanced cervical cancer (full cohort),,,3 complete responses; 9 partial responses; verified
cancer-ici-response-estimates,ICI-2e11ae750c-01,CESC,PD-1,DCR,30.6,PMID:30943124,prior_locator_source_section,"Abstract, Results",numeric_source_location_not_verified,R062,Efficacy and Safety of Pembrolizumab in Previously Treated Advanced Cervical Cancer: Results From the Phase II KEYNOTE-158 Study.,https://pubmed.ncbi.nlm.nih.gov/30943124/,https://pubmed.ncbi.nlm.nih.gov/30943124/,cited_reference_found,ICI-2e11ae750c-01,https://pubmed.ncbi.nlm.nih.gov/30943124/,pubmed_abstract,98,30,98,percent,computed_from_counts,KEYNOTE-158,,all-comer pretreated advanced cervical cancer (full cohort),all-comer pretreated advanced cervical cancer (full cohort),,,Disease control is computed as 12 objective responses plus 18 patients with stable disease among 98 treated patients.
cancer-ici-response-estimates,ICI-13c6b42ce9-01,CESC,PD-L1+TIGIT,ORR,19,PMID:38858106,prior_locator_source_section,"Abstract, Results",numeric_source_location_not_verified,R100,"A non-comparative, randomized, phase II trial of atezolizumab or atezolizumab plus tiragolumab for programmed death-ligand 1-positive recurrent cervical cancer (SKYSCRAPER-04).",https://pubmed.ncbi.nlm.nih.gov/38858106/,https://pubmed.ncbi.nlm.nih.gov/38858106/,cited_reference_found,ICI-13c6b42ce9-01,https://pubmed.ncbi.nlm.nih.gov/38858106/,pubmed_abstract,126,,126,percent,reported,SKYSCRAPER-04 (combination arm),,"2L/3L PD-L1+ recurrent/persistent cervical cancer, atezo + tiragolumab","2L/3L PD-L1+ recurrent/persistent cervical cancer, atezo + tiragolumab",,,p=0.0787 vs historical reference (21%); not statistically significant
cancer-ici-response-estimates,ICI-2814c8c5da-01,CESC,PD-L1,ORR,20.7,PMID:38858106,prior_locator_not_verified,,numeric_source_location_not_verified;response_denominator_missing,R100,"A non-comparative, randomized, phase II trial of atezolizumab or atezolizumab plus tiragolumab for programmed death-ligand 1-positive recurrent cervical cancer (SKYSCRAPER-04).",https://pubmed.ncbi.nlm.nih.gov/38858106/,https://pubmed.ncbi.nlm.nih.gov/38858106/,cited_reference_found,ICI-2814c8c5da-01,https://pubmed.ncbi.nlm.nih.gov/38858106/,pubmed_abstract,,,,percent,reported,"SKYSCRAPER-04 (mono arm, PD-L1 high subgroup)",,"PD-L1 high recurrent cervical cancer, monotherapy","PD-L1 high recurrent cervical cancer, monotherapy",,,PD-L1 high subgroup mono arm; PD-L1 high subgroup totaled 105 across both arms; combo PD-L1 high ORR 25.0% reported by secondary summary; PubMed abstract does not report this subgroup value
cancer-ici-response-estimates,ICI-784ad2abd2-01,BTC,PD-1,PFS,1.8,PMID:32359091,prior_locator_located_unverified,Abstract,numeric_source_location_not_verified,R071,Efficacy and safety of pembrolizumab for the treatment of advanced biliary cancer: Results from the KEYNOTE-158 and KEYNOTE-028 studies.,https://pubmed.ncbi.nlm.nih.gov/32359091/,https://pubmed.ncbi.nlm.nih.gov/32359091/,cited_reference_found,ICI-784ad2abd2-01,https://pubmed.ncbi.nlm.nih.gov/32359091/,pubmed_abstract,,,23,months,reported,KEYNOTE-028,,"advanced biliary tract cancer, PD-L1+ phase 1b cohort","advanced biliary tract cancer, PD-L1+ phase 1b cohort",,,
cancer-ici-response-estimates,ICI-45d73edf58-01,BTC,PD-1,OS,5.7,PMID:32359091,prior_locator_located_unverified,Abstract,numeric_source_location_not_verified,R071,Efficacy and safety of pembrolizumab for the treatment of advanced biliary cancer: Results from the KEYNOTE-158 and KEYNOTE-028 studies.,https://pubmed.ncbi.nlm.nih.gov/32359091/,https://pubmed.ncbi.nlm.nih.gov/32359091/,cited_reference_found,ICI-45d73edf58-01,https://pubmed.ncbi.nlm.nih.gov/32359091/,pubmed_abstract,,,23,months,reported,KEYNOTE-028,,"advanced biliary tract cancer, PD-L1+ phase 1b cohort","advanced biliary tract cancer, PD-L1+ phase 1b cohort",,,
cancer-ici-response-estimates,ICI-1a2bac306d-01,BTC,PD-L1,CRR,0,PMID:35611499,prior_locator_source_section,"Abstract, Results",numeric_source_location_not_verified,R093,"Tolerability and efficacy of durvalumab, either as monotherapy or in combination with tremelimumab, in patients from Asia with advanced biliary tract, esophageal, or head-and-neck cancer.",https://pubmed.ncbi.nlm.nih.gov/35611499/,https://pmc.ncbi.nlm.nih.gov/articles/PMC9249982/,cited_reference_found,ICI-1a2bac306d-01,https://pmc.ncbi.nlm.nih.gov/articles/PMC9249982/,pmc_full_text,42,0,42,percent,reported,"durvalumab biliary tract cancer phase 1, Asian dose-expansion",NCT01938612,"advanced BTC, durvalumab monotherapy, prior-treated Asian pts","advanced BTC, durvalumab monotherapy, prior-treated Asian pts",,,
cancer-ici-response-estimates,ICI-37635ad717-01,BTC,PD-L1+CTLA-4,CRR,0,PMID:35611499,prior_locator_source_section,"Abstract, Results",numeric_source_location_not_verified,R093,"Tolerability and efficacy of durvalumab, either as monotherapy or in combination with tremelimumab, in patients from Asia with advanced biliary tract, esophageal, or head-and-neck cancer.",https://pubmed.ncbi.nlm.nih.gov/35611499/,https://pmc.ncbi.nlm.nih.gov/articles/PMC9249982/,cited_reference_found,ICI-37635ad717-01,https://pmc.ncbi.nlm.nih.gov/articles/PMC9249982/,pmc_full_text,65,0,65,percent,reported,NCT01938612 phase 1 Asian expansion,NCT01938612,"advanced BTC, durvalumab+tremelimumab combo, prior-treated Asian pts","advanced BTC, durvalumab+tremelimumab combo, prior-treated Asian pts",,,
cancer-ici-response-estimates,ICI-4f6402b639-01,CLL,PD-1,ORR,0,DOI:10.1182/blood-2017-02-765685,prior_locator_source_section,Abstract,numeric_source_location_not_verified,R011,Pembrolizumab in patients with CLL and Richter transformation or with relapsed CLL.,https://doi.org/10.1182/blood-2017-02-765685,https://pmc.ncbi.nlm.nih.gov/articles/PMC5492091/,cited_reference_found,ICI-4f6402b639-01,https://pmc.ncbi.nlm.nih.gov/articles/PMC5492091/,pmc_abstract,16,0,16,percent,reported,Mayo Clinic phase 2 pembrolizumab CLL/Richter trial,NCT02332980,relapsed CLL cohort,relapsed CLL cohort,,,0/16; matches row 0.0%; independently verified
cancer-ici-response-estimates,ICI-c319898ee7-01,CLL,PD-1,ORR,44.4,DOI:10.1182/blood-2017-02-765685,prior_locator_source_section,Abstract,numeric_source_location_not_verified;small_denominator,R011,Pembrolizumab in patients with CLL and Richter transformation or with relapsed CLL.,https://doi.org/10.1182/blood-2017-02-765685,https://pmc.ncbi.nlm.nih.gov/articles/PMC5492091/,cited_reference_found,ICI-c319898ee7-01,https://pmc.ncbi.nlm.nih.gov/articles/PMC5492091/,pmc_abstract,9,4,9,percent,reported,Mayo Clinic phase 2,NCT02332980,"Richter transformation (RT, DLBCL-like) cohort","Richter transformation (RT, DLBCL-like) cohort",,,"4/9 ~44%; all responses in prior-ibrutinib progressors; RT is DLBCL-like, distinct from CLL proper"
cancer-ici-response-estimates,ICI-dfd5824394-01,COAD,PD-1,ORR,5.0,,prior_locator_not_applicable,,excluded_from_pooling;no_direct_reference;numeric_source_location_not_verified;response_denominator_missing,,,,,no_direct_reference,ICI-dfd5824394-01,,missing_citation,,,,percent,derived_blend,KEYNOTE-177,NCT02563002,all-comers (MMR-dependent),all-comers (MMR-dependent),,,prevalence-weighted blend of CRC_MSI source-scope ORR (43.8%) + COAD_MSS (0%) at dMMR prevalence ~13%; not a single-trial value; 43.8*0.13 = 5.7% ~ 5%
cancer-ici-response-estimates,ICI-c51444aea4-01,CRC_MSI,PD-1,ORR,45.8,PMID:39631622,prior_locator_source_section,"Abstract, Results",numeric_source_location_not_verified,R104,Pembrolizumab versus chemotherapy in microsatellite instability-high or mismatch repair-deficient metastatic colorectal cancer: 5-year follow-up from the randomized phase III KEYNOTE-177 study.,https://pubmed.ncbi.nlm.nih.gov/39631622/,https://pubmed.ncbi.nlm.nih.gov/39631622/,cited_reference_found,ICI-c51444aea4-01,https://pubmed.ncbi.nlm.nih.gov/39631622/,pubmed_abstract,153,,153,percent,reported,KEYNOTE-177 (5-year follow-up),,"first-line MSI-H/dMMR mCRC, ~73.3 mo median follow-up (Andre et al, Ann Oncol 2025, Epub Dec 2024)","first-line MSI-H/dMMR mCRC, ~73.3 mo median follow-up (Andre et al, Ann Oncol 2025, Epub Dec 2024)",,,5-yr follow-up ORR pembrolizumab 45.8% vs 33.1% chemo.
cancer-ici-response-estimates,ICI-072ab82577-01,CRC_MSI,non-ICI,ORR,33.1,PMID:33264544,prior_locator_source_section,"Abstract, Results",excluded_from_pooling;numeric_source_location_not_verified,R078,Pembrolizumab in Microsatellite-Instability-High Advanced Colorectal Cancer.,https://pubmed.ncbi.nlm.nih.gov/33264544/,https://pubmed.ncbi.nlm.nih.gov/33264544/,cited_reference_found,ICI-072ab82577-01,https://pubmed.ncbi.nlm.nih.gov/33264544/,pubmed_abstract,154,,154,percent,reported_context,KEYNOTE-177,,first-line MSI-H/dMMR mCRC (chemotherapy comparator arm),first-line MSI-H/dMMR mCRC (chemotherapy comparator arm),,,Chemotherapy arm
cancer-ici-response-estimates,ICI-4ab1cc05e0-01,CRC_MSI,PD-1,PFS_RATE,78,PMID:26028255,prior_locator_verified,RESULTS > PRIMARY END POINT,small_denominator,R024,PD-1 Blockade in Tumors with Mismatch-Repair Deficiency.,https://pubmed.ncbi.nlm.nih.gov/26028255/,https://pmc.ncbi.nlm.nih.gov/articles/PMC4481136/,cited_reference_found,ICI-4ab1cc05e0-01,https://pmc.ncbi.nlm.nih.gov/articles/PMC4481136/,pmc_full_text,9,7,10,rate_percent,reported,KEYNOTE-016 dMMR CRC cohort,,mismatch-repair-deficient (MSI-H) metastatic colorectal cancer cohort from KEYNOTE-016,mismatch-repair-deficient (MSI-H) metastatic colorectal cancer cohort from KEYNOTE-016,,,dMMR CRC; 20-week immune-related PFS 78% (7 of 9; 95% CI 40 to 97)
cancer-ici-response-estimates,ICI-8f71cb2eac-01,CTCL,PD-1,CRR,8.3,PMID:31532724,prior_locator_source_section,"Abstract, RESULTS",numeric_source_location_not_verified,R065,Pembrolizumab in Relapsed and Refractory Mycosis Fungoides and Sézary Syndrome: A Multicenter Phase II Study.,https://pubmed.ncbi.nlm.nih.gov/31532724/,https://pmc.ncbi.nlm.nih.gov/articles/PMC6943974/,cited_reference_found,ICI-8f71cb2eac-01,https://pmc.ncbi.nlm.nih.gov/articles/PMC6943974/,pmc_abstract,24,2,24,percent,reported,CITN-10,NCT02243579,relapsed/refractory mycosis fungoides / Sezary syndrome (CTCL),relapsed/refractory mycosis fungoides / Sezary syndrome (CTCL),,,2 complete responses
cancer-ici-response-estimates,ICI-c32679e1c3-01,CTCL,PD-1,PR_RATE,29.2,PMID:31532724,prior_locator_source_section,"Abstract, RESULTS",numeric_source_location_not_verified,R065,Pembrolizumab in Relapsed and Refractory Mycosis Fungoides and Sézary Syndrome: A Multicenter Phase II Study.,https://pubmed.ncbi.nlm.nih.gov/31532724/,https://pmc.ncbi.nlm.nih.gov/articles/PMC6943974/,cited_reference_found,ICI-c32679e1c3-01,https://pmc.ncbi.nlm.nih.gov/articles/PMC6943974/,pmc_abstract,24,7,24,percent,reported,CITN-10,NCT02243579,relapsed/refractory mycosis fungoides / Sezary syndrome (CTCL),relapsed/refractory mycosis fungoides / Sezary syndrome (CTCL),,,7 partial responses
cancer-ici-response-estimates,ICI-9459107c19-01,DIPG,PD-1,ORR,0,PMID:36808285,prior_locator_source_section,"Abstract, Results",excluded_from_pooling;numeric_source_location_not_verified,R096,"Nivolumab with or without ipilimumab in pediatric patients with high-grade CNS malignancies: Safety, efficacy, biomarker, and pharmacokinetics-CheckMate 908.",https://pubmed.ncbi.nlm.nih.gov/36808285/,https://pmc.ncbi.nlm.nih.gov/articles/PMC10398811/,cited_reference_found,ICI-9459107c19-01,https://pmc.ncbi.nlm.nih.gov/articles/PMC10398811/,pmc_full_text,23,0,23,percent,inferred_from_outcomes,CheckMate 908,NCT03130959,"newly diagnosed diffuse intrinsic pontine glioma (DIPG), cohort 1, nivolumab monotherapy (NIVO3)","newly diagnosed diffuse intrinsic pontine glioma (DIPG), cohort 1, nivolumab monotherapy (NIVO3)",,,"No objective responses in the DIPG cohort. The only PR in the whole study was in a relapsed/resistant ependymoma patient (cohort 4, NIVO3). ORR not a formal/tabulated endpoint for cohort 1 (OS/PFS were endpoints); value 0 is an inference, not an explicitly tabulated 0/23."
cancer-ici-response-estimates,ICI-fad62b3255-01,DLBC,PD-1,CRR,3,PMID:30620669,prior_locator_not_verified,,numeric_source_location_not_verified,R059,"Nivolumab for Relapsed/Refractory Diffuse Large B-Cell Lymphoma in Patients Ineligible for or Having Failed Autologous Transplantation: A Single-Arm, Phase II Study.",https://pubmed.ncbi.nlm.nih.gov/30620669/,https://pmc.ncbi.nlm.nih.gov/articles/PMC6528729/,cited_reference_found,ICI-fad62b3255-01,https://pmc.ncbi.nlm.nih.gov/articles/PMC6528729/,pmc_abstract,87,3,87,percent,reported,CheckMate 139,NCT02038933,"R/R DLBCL, auto-HCT-failed cohort","R/R DLBCL, auto-HCT-failed cohort",,,"3 complete responses, durable (11+, 14+, 17 mo at cutoff)"
cancer-ici-response-estimates,ICI-b8f9719958-01,DLBC,PD-1,DOR,11,PMID:30620669,prior_locator_not_verified,,numeric_source_location_not_verified,R059,"Nivolumab for Relapsed/Refractory Diffuse Large B-Cell Lymphoma in Patients Ineligible for or Having Failed Autologous Transplantation: A Single-Arm, Phase II Study.",https://pubmed.ncbi.nlm.nih.gov/30620669/,https://pmc.ncbi.nlm.nih.gov/articles/PMC6528729/,cited_reference_found,ICI-b8f9719958-01,https://pmc.ncbi.nlm.nih.gov/articles/PMC6528729/,pmc_abstract,,,87,months,reported,CheckMate 139,NCT02038933,"R/R DLBCL, auto-HCT-failed cohort","R/R DLBCL, auto-HCT-failed cohort",,,"median DOR for CR subset, auto-HCT-failed cohort (PRs ~7 mo)"
cancer-ici-response-estimates,ICI-4182f54785-01,DLBC,PD-1,PFS,1.9,PMID:30620669,prior_locator_located_unverified,"Abstract, Results",numeric_source_location_not_verified,R059,"Nivolumab for Relapsed/Refractory Diffuse Large B-Cell Lymphoma in Patients Ineligible for or Having Failed Autologous Transplantation: A Single-Arm, Phase II Study.",https://pubmed.ncbi.nlm.nih.gov/30620669/,https://pmc.ncbi.nlm.nih.gov/articles/PMC6528729/,cited_reference_found,ICI-4182f54785-01,https://pmc.ncbi.nlm.nih.gov/articles/PMC6528729/,pmc_abstract,87,,87,months,reported,CheckMate 139,NCT02038933,"R/R DLBCL, auto-HCT-failed cohort","R/R DLBCL, auto-HCT-failed cohort",,,median PFS auto-HCT-failed
cancer-ici-response-estimates,ICI-1978c8ccd2-01,DLBC,PD-1,OS,12.2,PMID:30620669,prior_locator_located_unverified,"Abstract, Results",numeric_source_location_not_verified,R059,"Nivolumab for Relapsed/Refractory Diffuse Large B-Cell Lymphoma in Patients Ineligible for or Having Failed Autologous Transplantation: A Single-Arm, Phase II Study.",https://pubmed.ncbi.nlm.nih.gov/30620669/,https://pmc.ncbi.nlm.nih.gov/articles/PMC6528729/,cited_reference_found,ICI-1978c8ccd2-01,https://pmc.ncbi.nlm.nih.gov/articles/PMC6528729/,pmc_abstract,87,,87,months,reported,CheckMate 139,NCT02038933,"R/R DLBCL, auto-HCT-failed cohort","R/R DLBCL, auto-HCT-failed cohort",,,median OS auto-HCT-failed
cancer-ici-response-estimates,ICI-5ccaa6b719-01,DLBC,PD-1,ORR,3,PMID:30620669,prior_locator_located_unverified,"Abstract, Results",numeric_source_location_not_verified,R059,"Nivolumab for Relapsed/Refractory Diffuse Large B-Cell Lymphoma in Patients Ineligible for or Having Failed Autologous Transplantation: A Single-Arm, Phase II Study.",https://pubmed.ncbi.nlm.nih.gov/30620669/,https://pmc.ncbi.nlm.nih.gov/articles/PMC6528729/,cited_reference_found,ICI-5ccaa6b719-01,https://pmc.ncbi.nlm.nih.gov/articles/PMC6528729/,pmc_abstract,34,1,34,percent,reported,CheckMate 139,NCT02038933,"R/R DLBCL, auto-HCT-ineligible cohort","R/R DLBCL, auto-HCT-ineligible cohort",,,ORR 3% (1/34) in auto-HCT-ineligible cohort; the single responder was a PR (CR rate 0%)
cancer-ici-response-estimates,ICI-c8e2ba8f45-01,DLBC,PD-1,CRR,0,PMID:30620669,prior_locator_not_verified,,numeric_source_location_not_verified,R059,"Nivolumab for Relapsed/Refractory Diffuse Large B-Cell Lymphoma in Patients Ineligible for or Having Failed Autologous Transplantation: A Single-Arm, Phase II Study.",https://pubmed.ncbi.nlm.nih.gov/30620669/,https://pmc.ncbi.nlm.nih.gov/articles/PMC6528729/,cited_reference_found,ICI-c8e2ba8f45-01,https://pmc.ncbi.nlm.nih.gov/articles/PMC6528729/,pmc_abstract,34,0,34,percent,reported,CheckMate 139,NCT02038933,"R/R DLBCL, auto-HCT-ineligible cohort","R/R DLBCL, auto-HCT-ineligible cohort",,,no complete responses in ineligible cohort per full text
cancer-ici-response-estimates,ICI-aef2b3301d-01,DLBC,PD-1,DOR,8.3,PMID:30620669,prior_locator_not_verified,,numeric_source_location_not_verified,R059,"Nivolumab for Relapsed/Refractory Diffuse Large B-Cell Lymphoma in Patients Ineligible for or Having Failed Autologous Transplantation: A Single-Arm, Phase II Study.",https://pubmed.ncbi.nlm.nih.gov/30620669/,https://pmc.ncbi.nlm.nih.gov/articles/PMC6528729/,cited_reference_found,ICI-aef2b3301d-01,https://pmc.ncbi.nlm.nih.gov/articles/PMC6528729/,pmc_abstract,,,34,months,reported,CheckMate 139,NCT02038933,"R/R DLBCL, auto-HCT-ineligible cohort","R/R DLBCL, auto-HCT-ineligible cohort",,,median DOR ineligible cohort (~8.3 mo per full text)
cancer-ici-response-estimates,ICI-732c723e34-01,DLBC,PD-1,PFS,1.4,PMID:30620669,prior_locator_located_unverified,"Abstract, Results",numeric_source_location_not_verified,R059,"Nivolumab for Relapsed/Refractory Diffuse Large B-Cell Lymphoma in Patients Ineligible for or Having Failed Autologous Transplantation: A Single-Arm, Phase II Study.",https://pubmed.ncbi.nlm.nih.gov/30620669/,https://pmc.ncbi.nlm.nih.gov/articles/PMC6528729/,cited_reference_found,ICI-732c723e34-01,https://pmc.ncbi.nlm.nih.gov/articles/PMC6528729/,pmc_abstract,34,,34,months,reported,CheckMate 139,NCT02038933,"R/R DLBCL, auto-HCT-ineligible cohort","R/R DLBCL, auto-HCT-ineligible cohort",,,median PFS ineligible
cancer-ici-response-estimates,ICI-1452386811-01,DLBC,PD-1,OS,5.8,PMID:30620669,prior_locator_located_unverified,"Abstract, Results",numeric_source_location_not_verified,R059,"Nivolumab for Relapsed/Refractory Diffuse Large B-Cell Lymphoma in Patients Ineligible for or Having Failed Autologous Transplantation: A Single-Arm, Phase II Study.",https://pubmed.ncbi.nlm.nih.gov/30620669/,https://pmc.ncbi.nlm.nih.gov/articles/PMC6528729/,cited_reference_found,ICI-1452386811-01,https://pmc.ncbi.nlm.nih.gov/articles/PMC6528729/,pmc_abstract,34,,34,months,reported,CheckMate 139,NCT02038933,"R/R DLBCL, auto-HCT-ineligible cohort","R/R DLBCL, auto-HCT-ineligible cohort",,,median OS ineligible
cancer-ici-response-estimates,ICI-d318c83a29-01,EPN,PD-1,PFS_RATE,27.3,PMID:36808285,prior_locator_located_unverified,Results > No Survival Benefit Was Observed Across Cohorts,numeric_source_location_not_verified,R096,"Nivolumab with or without ipilimumab in pediatric patients with high-grade CNS malignancies: Safety, efficacy, biomarker, and pharmacokinetics-CheckMate 908.",https://pubmed.ncbi.nlm.nih.gov/36808285/,https://pmc.ncbi.nlm.nih.gov/articles/PMC10398811/,cited_reference_found,ICI-d318c83a29-01,https://pmc.ncbi.nlm.nih.gov/articles/PMC10398811/,pmc_full_text,12,,12,rate_percent,reported,CheckMate 908,NCT03130959,"relapsed/resistant ependymoma, nivolumab monotherapy arm","relapsed/resistant ependymoma, nivolumab monotherapy arm",,,"6-month PFS rate, nivo arm; 95% CI 6.5-53.9 per full text (CIs added)"
cancer-ici-response-estimates,ICI-0ec5911eda-01,EPN,PD-1+CTLA-4,ORR,0,PMID:36808285,prior_locator_source_section,"Abstract, Results",excluded_from_pooling;numeric_source_location_not_verified,R096,"Nivolumab with or without ipilimumab in pediatric patients with high-grade CNS malignancies: Safety, efficacy, biomarker, and pharmacokinetics-CheckMate 908.",https://pubmed.ncbi.nlm.nih.gov/36808285/,https://pmc.ncbi.nlm.nih.gov/articles/PMC10398811/,cited_reference_found,ICI-0ec5911eda-01,https://pmc.ncbi.nlm.nih.gov/articles/PMC10398811/,pmc_full_text,10,0,10,percent,inferred_from_outcomes,CheckMate-908,NCT03130959,"relapsed/resistant ependymoma, nivolumab+ipilimumab arm","relapsed/resistant ependymoma, nivolumab+ipilimumab arm",,,No response inferred in the separate NIVO3+IPI1 ependymoma arm (n=10); ORR was not a formal endpoint.
cancer-ici-response-estimates,ICI-ab59b6106e-01,EPN,PD-1+CTLA-4,PFS_RATE,11.4,PMID:36808285,prior_locator_located_unverified,Results > No Survival Benefit Was Observed Across Cohorts,numeric_source_location_not_verified,R096,"Nivolumab with or without ipilimumab in pediatric patients with high-grade CNS malignancies: Safety, efficacy, biomarker, and pharmacokinetics-CheckMate 908.",https://pubmed.ncbi.nlm.nih.gov/36808285/,https://pmc.ncbi.nlm.nih.gov/articles/PMC10398811/,cited_reference_found,ICI-ab59b6106e-01,https://pmc.ncbi.nlm.nih.gov/articles/PMC10398811/,pmc_full_text,10,,10,rate_percent,reported,CheckMate-908,NCT03130959,"relapsed/resistant ependymoma, nivolumab+ipilimumab arm","relapsed/resistant ependymoma, nivolumab+ipilimumab arm",,,"6-month PFS rate, nivo+ipi arm; 95% CI 0.6-39.5 per full text (CIs added)"
cancer-ici-response-estimates,ICI-96b4d412b9-01,ESCA,PD-1,ORR,19.3,PMID:31582355,prior_locator_source_section,"Abstract, Findings",numeric_source_location_not_verified,R067,"Nivolumab versus chemotherapy in patients with advanced oesophageal squamous cell carcinoma refractory or intolerant to previous chemotherapy (ATTRACTION-3): a multicentre, randomised, open-label, phase 3 trial.",https://pubmed.ncbi.nlm.nih.gov/31582355/,https://pubmed.ncbi.nlm.nih.gov/31582355/,cited_reference_found,ICI-96b4d412b9-01,https://pubmed.ncbi.nlm.nih.gov/31582355/,pubmed_abstract,171,33,210,percent,reported,ATTRACTION-3,NCT02569242,"pretreated advanced esophageal squamous cell carcinoma, nivolumab arm","pretreated advanced esophageal squamous cell carcinoma, nivolumab arm",,,Response-evaluable population (n=171); 33/171 responders. ITT n=210. Table lists 18.0 (minor differ vs published 19.3%)
cancer-ici-response-estimates,ICI-f81f4324e3-01,ESCA,PD-1,DOR,6.9,PMID:31582355,prior_locator_source_section,"Abstract, Findings",numeric_source_location_not_verified,R067,"Nivolumab versus chemotherapy in patients with advanced oesophageal squamous cell carcinoma refractory or intolerant to previous chemotherapy (ATTRACTION-3): a multicentre, randomised, open-label, phase 3 trial.",https://pubmed.ncbi.nlm.nih.gov/31582355/,https://pubmed.ncbi.nlm.nih.gov/31582355/,cited_reference_found,ICI-f81f4324e3-01,https://pubmed.ncbi.nlm.nih.gov/31582355/,pubmed_abstract,33,,210,months,reported,ATTRACTION-3,NCT02569242,"pretreated advanced esophageal squamous cell carcinoma, nivolumab arm","pretreated advanced esophageal squamous cell carcinoma, nivolumab arm",,,median DOR nivo (vs 3.9 mo chemo)
cancer-ici-response-estimates,ICI-db97f9fefe-01,ESCA,non-ICI,ORR,21.5,PMID:31582355,prior_locator_source_section,"Abstract, Findings",excluded_from_pooling;numeric_source_location_not_verified,R067,"Nivolumab versus chemotherapy in patients with advanced oesophageal squamous cell carcinoma refractory or intolerant to previous chemotherapy (ATTRACTION-3): a multicentre, randomised, open-label, phase 3 trial.",https://pubmed.ncbi.nlm.nih.gov/31582355/,https://pubmed.ncbi.nlm.nih.gov/31582355/,cited_reference_found,ICI-db97f9fefe-01,https://pubmed.ncbi.nlm.nih.gov/31582355/,pubmed_abstract,158,34,209,percent,reported_context,ATTRACTION-3,NCT02569242,"pretreated advanced esophageal squamous cell carcinoma, chemotherapy comparator arm","pretreated advanced esophageal squamous cell carcinoma, chemotherapy comparator arm",,,Response-evaluable population (n=158); 34/158 responders. ITT n=209. Numerically higher than nivo despite OS benefit for nivo
cancer-ici-response-estimates,ICI-a89af1a5e9-01,ESCA,non-ICI,DOR,3.9,PMID:31582355,prior_locator_source_section,"Abstract, Findings",numeric_source_location_not_verified,R067,"Nivolumab versus chemotherapy in patients with advanced oesophageal squamous cell carcinoma refractory or intolerant to previous chemotherapy (ATTRACTION-3): a multicentre, randomised, open-label, phase 3 trial.",https://pubmed.ncbi.nlm.nih.gov/31582355/,https://pubmed.ncbi.nlm.nih.gov/31582355/,cited_reference_found,ICI-a89af1a5e9-01,https://pubmed.ncbi.nlm.nih.gov/31582355/,pubmed_abstract,34,,209,months,reported_context,ATTRACTION-3,NCT02569242,"pretreated advanced esophageal squamous cell carcinoma, chemotherapy comparator arm","pretreated advanced esophageal squamous cell carcinoma, chemotherapy comparator arm",,,median DOR chemo (shorter than nivo 6.9 mo)
cancer-ici-response-estimates,ICI-a4abe5b031-01,ESCA,PD-1,ORR,16.7,PMID:33026938,prior_locator_source_section,"Abstract, Results",numeric_source_location_not_verified;response_denominator_missing,R076,Randomized Phase III KEYNOTE-181 Study of Pembrolizumab Versus Chemotherapy in Advanced Esophageal Cancer.,https://pubmed.ncbi.nlm.nih.gov/33026938/,https://pubmed.ncbi.nlm.nih.gov/33026938/,cited_reference_found,ICI-a4abe5b031-01,https://pubmed.ncbi.nlm.nih.gov/33026938/,pubmed_abstract,,,,percent,reported,KEYNOTE-181 (ESCC subgroup),,"pretreated advanced esophageal squamous cell carcinoma, ESCC subgroup","pretreated advanced esophageal squamous cell carcinoma, ESCC subgroup",,,"KEYNOTE-181 ESCC subgroup ORR 16.7% pembro vs 7.4% chemo (Kojima et al, JCO 2020;38(35):4138-4148). CORRECTED ref from bad PMID:32852995 (unrelated article) to PMID:33026938"
cancer-ici-response-estimates,ICI-b6aab72384-01,ESCA,PD-1+CTLA-4,DOR,11.1,PMID:35108470,prior_locator_source_section,"Abstract, Results",numeric_source_location_not_verified,R089,Nivolumab Combination Therapy in Advanced Esophageal Squamous-Cell Carcinoma.,https://pubmed.ncbi.nlm.nih.gov/35108470/,https://pubmed.ncbi.nlm.nih.gov/35108470/,cited_reference_found,ICI-b6aab72384-01,https://pubmed.ncbi.nlm.nih.gov/35108470/,pubmed_abstract,,,325,months,reported,CheckMate 648,NCT03143153,"1L advanced ESCC, all randomized","1L advanced ESCC, all randomized",,,"all-randomized nivo+ipi arm, primary NEJM analysis (95% CI 7.1-14.3); PD-L1>=1% subgroup DOR was 11.8 mo"
cancer-ici-response-estimates,ICI-1a821e877e-01,ESCA,PD-1+CTLA-4,ORR,35,PMID:35108470,prior_locator_source_section,"Abstract, Results",numeric_source_location_not_verified,R089,Nivolumab Combination Therapy in Advanced Esophageal Squamous-Cell Carcinoma.,https://pubmed.ncbi.nlm.nih.gov/35108470/,https://pubmed.ncbi.nlm.nih.gov/35108470/,cited_reference_found,ICI-1a821e877e-01,https://pubmed.ncbi.nlm.nih.gov/35108470/,pubmed_abstract,158,55,158,percent,reported,CheckMate-648,,"1L advanced ESCC, PD-L1 tumor-cell >=1% subgroup","1L advanced ESCC, PD-L1 tumor-cell >=1% subgroup",,,"PD-L1 TC>=1% subgroup, nivo+ipi (55/158); matches table note"
cancer-ici-response-estimates,ICI-7adb9b1ccb-01,ESCA,PD-1+chemotherapy,ORR,47,PMID:35108470,prior_locator_source_section,"Abstract, Results",numeric_source_location_not_verified,R089,Nivolumab Combination Therapy in Advanced Esophageal Squamous-Cell Carcinoma.,https://pubmed.ncbi.nlm.nih.gov/35108470/,https://pubmed.ncbi.nlm.nih.gov/35108470/,cited_reference_found,ICI-7adb9b1ccb-01,https://pubmed.ncbi.nlm.nih.gov/35108470/,pubmed_abstract,321,152,321,percent,reported,CheckMate-648,,"1L advanced ESCC, nivo+chemo arm (comparator regimen, same trial)","1L advanced ESCC, nivo+chemo arm (comparator regimen, same trial)",,,all randomized; nivo+chemo arm (152/321)
cancer-ici-response-estimates,ICI-30fdf982ae-01,ESCA,PD-1+chemotherapy,ORR,53,PMID:35108470,prior_locator_source_section,"Abstract, Results",numeric_source_location_not_verified,R089,Nivolumab Combination Therapy in Advanced Esophageal Squamous-Cell Carcinoma.,https://pubmed.ncbi.nlm.nih.gov/35108470/,https://pubmed.ncbi.nlm.nih.gov/35108470/,cited_reference_found,ICI-30fdf982ae-01,https://pubmed.ncbi.nlm.nih.gov/35108470/,pubmed_abstract,158,83,321,percent,reported,CheckMate-648,,"1L advanced ESCC, nivo+chemo arm (comparator regimen, same trial)","1L advanced ESCC, nivo+chemo arm (comparator regimen, same trial)",,,PD-L1 TC>=1% subgroup; nivo+chemo arm (83/158)
cancer-ici-response-estimates,ICI-7b62042b23-01,FL,PD-1,CRR,1,DOI:10.1182/blood.2019004753,prior_locator_source_section,Abstract,numeric_source_location_not_verified,R012,"Efficacy and safety results from CheckMate 140, a phase 2 study of nivolumab for relapsed/refractory follicular lymphoma.",https://doi.org/10.1182/blood.2019004753,https://pmc.ncbi.nlm.nih.gov/articles/PMC7869188/,cited_reference_found,ICI-7b62042b23-01,https://pmc.ncbi.nlm.nih.gov/articles/PMC7869188/,pmc_abstract,92,1,92,percent,reported,CheckMate 140,NCT02038946,"relapsed/refractory follicular lymphoma, >=2 prior lines","relapsed/refractory follicular lymphoma, >=2 prior lines",,,"1/92 CR, IRC; confirmed"
cancer-ici-response-estimates,ICI-ad7e64190e-01,FL,PD-1,PRR,3,DOI:10.1182/blood.2019004753,prior_locator_source_section,Abstract,numeric_source_location_not_verified,R012,"Efficacy and safety results from CheckMate 140, a phase 2 study of nivolumab for relapsed/refractory follicular lymphoma.",https://doi.org/10.1182/blood.2019004753,https://pmc.ncbi.nlm.nih.gov/articles/PMC7869188/,cited_reference_found,ICI-ad7e64190e-01,https://pmc.ncbi.nlm.nih.gov/articles/PMC7869188/,pmc_abstract,92,3,92,percent,reported,CheckMate 140,NCT02038946,"relapsed/refractory follicular lymphoma, >=2 prior lines","relapsed/refractory follicular lymphoma, >=2 prior lines",,,"3/92 PR, IRC; confirmed"
cancer-ici-response-estimates,ICI-abaced8733-01,FL,PD-1,OS_RATE,78,DOI:10.1182/blood.2019004753,prior_locator_source_section,Abstract,numeric_source_location_not_verified,R012,"Efficacy and safety results from CheckMate 140, a phase 2 study of nivolumab for relapsed/refractory follicular lymphoma.",https://doi.org/10.1182/blood.2019004753,https://pmc.ncbi.nlm.nih.gov/articles/PMC7869188/,cited_reference_found,ICI-abaced8733-01,https://pmc.ncbi.nlm.nih.gov/articles/PMC7869188/,pmc_abstract,,,92,rate_percent,reported,CheckMate 140,NCT02038946,"relapsed/refractory follicular lymphoma, >=2 prior lines","relapsed/refractory follicular lymphoma, >=2 prior lines",,,confirmed
cancer-ici-response-estimates,ICI-b6231dd107-01,FL,PD-1,OS_RATE,88,DOI:10.1182/blood.2019004753,prior_locator_source_section,Abstract,numeric_source_location_not_verified,R012,"Efficacy and safety results from CheckMate 140, a phase 2 study of nivolumab for relapsed/refractory follicular lymphoma.",https://doi.org/10.1182/blood.2019004753,https://pmc.ncbi.nlm.nih.gov/articles/PMC7869188/,cited_reference_found,ICI-b6231dd107-01,https://pmc.ncbi.nlm.nih.gov/articles/PMC7869188/,pmc_abstract,,,92,rate_percent,reported,CheckMate 140,NCT02038946,"relapsed/refractory follicular lymphoma, >=2 prior lines","relapsed/refractory follicular lymphoma, >=2 prior lines",,,confirmed
cancer-ici-response-estimates,ICI-b18146c252-01,FL,PD-1,ORR,11,DOI:10.1182/blood.2019004753,prior_locator_source_section,Abstract,numeric_source_location_not_verified,R012,"Efficacy and safety results from CheckMate 140, a phase 2 study of nivolumab for relapsed/refractory follicular lymphoma.",https://doi.org/10.1182/blood.2019004753,https://pmc.ncbi.nlm.nih.gov/articles/PMC7869188/,cited_reference_found,ICI-b18146c252-01,https://pmc.ncbi.nlm.nih.gov/articles/PMC7869188/,pmc_abstract,92,10,92,percent,reported,CheckMate 140,NCT02038946,"relapsed/refractory follicular lymphoma, >=2 prior lines","relapsed/refractory follicular lymphoma, >=2 prior lines",,,"investigator-assessed ORR (10/92, 2 CR + 8 PR); higher than IRC; confirmed"
cancer-ici-response-estimates,ICI-2588285332-01,HL,PD-1,IRORR,71,PMID:29584546,prior_locator_source_section,"Abstract, Results",numeric_source_location_not_verified,R046,Nivolumab for Relapsed/Refractory Classic Hodgkin Lymphoma After Failure of Autologous Hematopoietic Cell Transplantation: Extended Follow-Up of the Multicohort Single-Arm Phase II CheckMate 205 Trial.,https://pubmed.ncbi.nlm.nih.gov/29584546/,https://pmc.ncbi.nlm.nih.gov/articles/PMC6075855/,cited_reference_found,ICI-2588285332-01,https://pmc.ncbi.nlm.nih.gov/articles/PMC6075855/,pmc_full_text,80,,243,percent,reported,CheckMate 205,NCT02181738,relapsed/refractory classic Hodgkin lymphoma after autologous HCT (cohorts A/B/C pooled),relapsed/refractory classic Hodgkin lymphoma after autologous HCT (cohorts A/B/C pooled),,,verified: cohort-B post-auto-HCT BV-after subgroup ORR 71% (95% CI 63-78); likely source of row's 71.0
cancer-ici-response-estimates,ICI-61867d5430-01,HNSC,PD-1,ORR,19,PMID:31679945,prior_locator_source_section,"Abstract, Findings",numeric_source_location_not_verified;response_denominator_missing,R069,"Pembrolizumab alone or with chemotherapy versus cetuximab with chemotherapy for recurrent or metastatic squamous cell carcinoma of the head and neck (KEYNOTE-048): a randomised, open-label, phase 3 study.",https://pubmed.ncbi.nlm.nih.gov/31679945/,https://pubmed.ncbi.nlm.nih.gov/31679945/,cited_reference_found,ICI-61867d5430-01,https://pubmed.ncbi.nlm.nih.gov/31679945/,pubmed_abstract,,,301,percent,reported,KEYNOTE-048,NCT02358031,"first-line recurrent/metastatic HNSCC, pembrolizumab monotherapy arm, CPS>=1 population","first-line recurrent/metastatic HNSCC, pembrolizumab monotherapy arm, CPS>=1 population",,,CPS>=1 ORR; independently confirmed. n=301 is full monotherapy arm (total pop)
cancer-ici-response-estimates,ICI-3d65890d97-01,HNSC,PD-1,DOR,23.4,PMID:31679945,prior_locator_source_section,"Abstract, Findings",numeric_source_location_not_verified,R069,"Pembrolizumab alone or with chemotherapy versus cetuximab with chemotherapy for recurrent or metastatic squamous cell carcinoma of the head and neck (KEYNOTE-048): a randomised, open-label, phase 3 study.",https://pubmed.ncbi.nlm.nih.gov/31679945/,https://pubmed.ncbi.nlm.nih.gov/31679945/,cited_reference_found,ICI-3d65890d97-01,https://pubmed.ncbi.nlm.nih.gov/31679945/,pubmed_abstract,,,301,months,reported,KEYNOTE-048,NCT02358031,"first-line recurrent/metastatic HNSCC, pembrolizumab monotherapy arm, CPS>=1 population","first-line recurrent/metastatic HNSCC, pembrolizumab monotherapy arm, CPS>=1 population",,,pembro monotherapy CPS>=1 (vs 4.5 mo cetuximab-chemo); Lancet 2019; confirmed
cancer-ici-response-estimates,ICI-3db57f96fc-01,HNSC,PD-1,ORR,17,PMID:31679945,prior_locator_source_section,"Abstract, Findings",numeric_source_location_not_verified,R069,"Pembrolizumab alone or with chemotherapy versus cetuximab with chemotherapy for recurrent or metastatic squamous cell carcinoma of the head and neck (KEYNOTE-048): a randomised, open-label, phase 3 study.",https://pubmed.ncbi.nlm.nih.gov/31679945/,https://pubmed.ncbi.nlm.nih.gov/31679945/,cited_reference_found,ICI-3db57f96fc-01,https://pubmed.ncbi.nlm.nih.gov/31679945/,pubmed_abstract,301,,301,percent,reported,KEYNOTE-048,,"first-line R/M HNSCC, pembrolizumab monotherapy, total population","first-line R/M HNSCC, pembrolizumab monotherapy, total population",,,total population; independently confirmed via ASCO Post 2019 report of Lancet paper
cancer-ici-response-estimates,ICI-4c8dcac8de-01,HNSC,PD-1,DOR,22.6,PMID:31679945,prior_locator_source_section,"Abstract, Findings",numeric_source_location_not_verified,R069,"Pembrolizumab alone or with chemotherapy versus cetuximab with chemotherapy for recurrent or metastatic squamous cell carcinoma of the head and neck (KEYNOTE-048): a randomised, open-label, phase 3 study.",https://pubmed.ncbi.nlm.nih.gov/31679945/,https://pubmed.ncbi.nlm.nih.gov/31679945/,cited_reference_found,ICI-4c8dcac8de-01,https://pubmed.ncbi.nlm.nih.gov/31679945/,pubmed_abstract,301,,301,months,reported,KEYNOTE-048,,"first-line R/M HNSCC, pembrolizumab monotherapy, total population","first-line R/M HNSCC, pembrolizumab monotherapy, total population",,,total pop (vs 4.5 mo cetuximab-chemo); Lancet 2019; confirmed
cancer-ici-response-estimates,ICI-743e9b1529-01,HNSC,PD-1,ORR,23,PMID:31679945,prior_locator_source_section,"Abstract, Findings",numeric_source_location_not_verified;response_denominator_missing,R069,"Pembrolizumab alone or with chemotherapy versus cetuximab with chemotherapy for recurrent or metastatic squamous cell carcinoma of the head and neck (KEYNOTE-048): a randomised, open-label, phase 3 study.",https://pubmed.ncbi.nlm.nih.gov/31679945/,https://pubmed.ncbi.nlm.nih.gov/31679945/,cited_reference_found,ICI-743e9b1529-01,https://pubmed.ncbi.nlm.nih.gov/31679945/,pubmed_abstract,,,,percent,reported,KEYNOTE-048,,"first-line R/M HNSCC, pembrolizumab monotherapy, CPS>=20 population","first-line R/M HNSCC, pembrolizumab monotherapy, CPS>=20 population",,,CPS>=20; independently confirmed
cancer-ici-response-estimates,ICI-6d0e8d650e-01,HNSC,PD-1,DOR,22.6,PMID:31679945,prior_locator_source_section,"Abstract, Findings",numeric_source_location_not_verified,R069,"Pembrolizumab alone or with chemotherapy versus cetuximab with chemotherapy for recurrent or metastatic squamous cell carcinoma of the head and neck (KEYNOTE-048): a randomised, open-label, phase 3 study.",https://pubmed.ncbi.nlm.nih.gov/31679945/,https://pubmed.ncbi.nlm.nih.gov/31679945/,cited_reference_found,ICI-6d0e8d650e-01,https://pubmed.ncbi.nlm.nih.gov/31679945/,pubmed_abstract,,,,months,reported,KEYNOTE-048,,"first-line R/M HNSCC, pembrolizumab monotherapy, CPS>=20 population","first-line R/M HNSCC, pembrolizumab monotherapy, CPS>=20 population",,,CPS>=20 (vs 4.2 mo cetuximab-chemo); Lancet 2019; confirmed
cancer-ici-response-estimates,ICI-115459b2ac-01,HNSC,PD-L1,ORR,16.2,DOI:10.1016/j.ejca.2018.11.015,prior_locator_citation_only,,numeric_source_location_not_verified,R005,"Durvalumab for recurrent or metastatic head and neck squamous cell carcinoma: Results from a single-arm, phase II study in patients with ≥25% tumour cell PD-L1 expression who have progressed on platinum-based chemotherapy.",https://doi.org/10.1016/j.ejca.2018.11.015,https://doi.org/10.1016/j.ejca.2018.11.015,cited_reference_found,ICI-115459b2ac-01,https://doi.org/10.1016/j.ejca.2018.11.015,doi_record,111,18,112,percent,reported,HAWK,NCT02207530,"2L+ platinum-refractory R/M HNSCC, PD-L1-high (TC>=25%)","2L+ platinum-refractory R/M HNSCC, PD-L1-high (TC>=25%)",,,Central review (BICR RECIST v1.1); ORR on 111 response-evaluable pts
cancer-ici-response-estimates,ICI-1c58e794bd-01,HNSC,PD-L1,PFS,2.1,DOI:10.1016/j.ejca.2018.11.015,prior_locator_citation_only,,numeric_source_location_not_verified,R005,"Durvalumab for recurrent or metastatic head and neck squamous cell carcinoma: Results from a single-arm, phase II study in patients with ≥25% tumour cell PD-L1 expression who have progressed on platinum-based chemotherapy.",https://doi.org/10.1016/j.ejca.2018.11.015,https://doi.org/10.1016/j.ejca.2018.11.015,cited_reference_found,ICI-1c58e794bd-01,https://doi.org/10.1016/j.ejca.2018.11.015,doi_record,112,,112,months,reported,HAWK,NCT02207530,"2L+ platinum-refractory R/M HNSCC, PD-L1-high (TC>=25%)","2L+ platinum-refractory R/M HNSCC, PD-L1-high (TC>=25%)",,,
cancer-ici-response-estimates,ICI-0806626c27-01,HNSC,PD-L1,OS,7.1,DOI:10.1016/j.ejca.2018.11.015,prior_locator_citation_only,,numeric_source_location_not_verified,R005,"Durvalumab for recurrent or metastatic head and neck squamous cell carcinoma: Results from a single-arm, phase II study in patients with ≥25% tumour cell PD-L1 expression who have progressed on platinum-based chemotherapy.",https://doi.org/10.1016/j.ejca.2018.11.015,https://doi.org/10.1016/j.ejca.2018.11.015,cited_reference_found,ICI-0806626c27-01,https://doi.org/10.1016/j.ejca.2018.11.015,doi_record,112,,112,months,reported,HAWK,NCT02207530,"2L+ platinum-refractory R/M HNSCC, PD-L1-high (TC>=25%)","2L+ platinum-refractory R/M HNSCC, PD-L1-high (TC>=25%)",,,
cancer-ici-response-estimates,ICI-68b73b8a7c-01,HNSC,PD-L1,OS_RATE,33.6,DOI:10.1016/j.ejca.2018.11.015,prior_locator_citation_only,,numeric_source_location_not_verified,R005,"Durvalumab for recurrent or metastatic head and neck squamous cell carcinoma: Results from a single-arm, phase II study in patients with ≥25% tumour cell PD-L1 expression who have progressed on platinum-based chemotherapy.",https://doi.org/10.1016/j.ejca.2018.11.015,https://doi.org/10.1016/j.ejca.2018.11.015,cited_reference_found,ICI-68b73b8a7c-01,https://doi.org/10.1016/j.ejca.2018.11.015,doi_record,112,,112,rate_percent,reported,HAWK,NCT02207530,"2L+ platinum-refractory R/M HNSCC, PD-L1-high (TC>=25%)","2L+ platinum-refractory R/M HNSCC, PD-L1-high (TC>=25%)",,,
cancer-ici-response-estimates,ICI-63197a5a9a-01,HNSC,PD-L1,PFS_RATE,14.6,DOI:10.1016/j.ejca.2018.11.015,prior_locator_citation_only,,numeric_source_location_not_verified,R005,"Durvalumab for recurrent or metastatic head and neck squamous cell carcinoma: Results from a single-arm, phase II study in patients with ≥25% tumour cell PD-L1 expression who have progressed on platinum-based chemotherapy.",https://doi.org/10.1016/j.ejca.2018.11.015,https://doi.org/10.1016/j.ejca.2018.11.015,cited_reference_found,ICI-63197a5a9a-01,https://doi.org/10.1016/j.ejca.2018.11.015,doi_record,112,,112,rate_percent,reported,HAWK,NCT02207530,"2L+ platinum-refractory R/M HNSCC, PD-L1-high (TC>=25%)","2L+ platinum-refractory R/M HNSCC, PD-L1-high (TC>=25%)",,,
cancer-ici-response-estimates,ICI-33e04a560a-01,HNSC,PD-L1,ORR,29.4,DOI:10.1016/j.ejca.2018.11.015,prior_locator_citation_only,,numeric_source_location_not_verified;response_denominator_missing,R005,"Durvalumab for recurrent or metastatic head and neck squamous cell carcinoma: Results from a single-arm, phase II study in patients with ≥25% tumour cell PD-L1 expression who have progressed on platinum-based chemotherapy.",https://doi.org/10.1016/j.ejca.2018.11.015,https://doi.org/10.1016/j.ejca.2018.11.015,cited_reference_found,ICI-33e04a560a-01,https://doi.org/10.1016/j.ejca.2018.11.015,doi_record,,,112,percent,reported,HAWK,NCT02207530,"2L+ platinum-refractory R/M HNSCC, PD-L1-high (TC>=25%)","2L+ platinum-refractory R/M HNSCC, PD-L1-high (TC>=25%)",,,HPV-positive subgroup
cancer-ici-response-estimates,ICI-399cb5d0cb-01,HNSC,PD-L1,ORR,10.9,DOI:10.1016/j.ejca.2018.11.015,prior_locator_citation_only,,numeric_source_location_not_verified;response_denominator_missing,R005,"Durvalumab for recurrent or metastatic head and neck squamous cell carcinoma: Results from a single-arm, phase II study in patients with ≥25% tumour cell PD-L1 expression who have progressed on platinum-based chemotherapy.",https://doi.org/10.1016/j.ejca.2018.11.015,https://doi.org/10.1016/j.ejca.2018.11.015,cited_reference_found,ICI-399cb5d0cb-01,https://doi.org/10.1016/j.ejca.2018.11.015,doi_record,,,112,percent,reported,HAWK,NCT02207530,"2L+ platinum-refractory R/M HNSCC, PD-L1-high (TC>=25%)","2L+ platinum-refractory R/M HNSCC, PD-L1-high (TC>=25%)",,,HPV-negative subgroup
cancer-ici-response-estimates,ICI-ae503046aa-01,HNSC,PD-L1,ORR,9.2,PMID:30383184,prior_locator_verified,"Abstract, Results",response_denominator_missing,R054,Safety and Efficacy of Durvalumab With or Without Tremelimumab in Patients With PD-L1-Low/Negative Recurrent or Metastatic HNSCC: The Phase 2 CONDOR Randomized Clinical Trial.,https://pubmed.ncbi.nlm.nih.gov/30383184/,https://pmc.ncbi.nlm.nih.gov/articles/PMC6439564/,cited_reference_found,ICI-ae503046aa-01,https://pmc.ncbi.nlm.nih.gov/articles/PMC6439564/,pmc_abstract,,6,67,percent,reported,CONDOR,,"2L+ R/M HNSCC, PD-L1-low/negative; durvalumab monotherapy arm","2L+ R/M HNSCC, PD-L1-low/negative; durvalumab monotherapy arm",,,"Durvalumab monotherapy arm, PD-L1-low/neg; 6 responders confirmed independently"
cancer-ici-response-estimates,ICI-4614dbd717-01,HNSC,PD-L1+CTLA-4,ORR,7.8,PMID:30383184,prior_locator_verified,"Abstract, Results",response_denominator_missing,R054,Safety and Efficacy of Durvalumab With or Without Tremelimumab in Patients With PD-L1-Low/Negative Recurrent or Metastatic HNSCC: The Phase 2 CONDOR Randomized Clinical Trial.,https://pubmed.ncbi.nlm.nih.gov/30383184/,https://pmc.ncbi.nlm.nih.gov/articles/PMC6439564/,cited_reference_found,ICI-4614dbd717-01,https://pmc.ncbi.nlm.nih.gov/articles/PMC6439564/,pmc_abstract,,10,129,percent,reported,CONDOR,,"2L+ R/M HNSCC, PD-L1-low/negative; combination arm","2L+ R/M HNSCC, PD-L1-low/negative; combination arm",,,Durvalumab+tremelimumab combo arm; 10 responders confirmed independently
cancer-ici-response-estimates,ICI-c9a3ab079d-01,HNSC,CTLA-4,ORR,1.6,PMID:30383184,prior_locator_verified,"Abstract, Results",response_denominator_missing,R054,Safety and Efficacy of Durvalumab With or Without Tremelimumab in Patients With PD-L1-Low/Negative Recurrent or Metastatic HNSCC: The Phase 2 CONDOR Randomized Clinical Trial.,https://pubmed.ncbi.nlm.nih.gov/30383184/,https://pmc.ncbi.nlm.nih.gov/articles/PMC6439564/,cited_reference_found,ICI-c9a3ab079d-01,https://pmc.ncbi.nlm.nih.gov/articles/PMC6439564/,pmc_abstract,,1,63,percent,reported,CONDOR,,"2L+ R/M HNSCC, PD-L1-low/negative; tremelimumab monotherapy arm","2L+ R/M HNSCC, PD-L1-low/negative; tremelimumab monotherapy arm",,,Tremelimumab monotherapy arm; 1 responder confirmed independently
cancer-ici-response-estimates,ICI-5b931e41ff-01,RCC_NCC,PD-1,CRR,6.7,PMID:33529058,prior_locator_source_section,"Abstract, RESULTS",numeric_source_location_not_verified,R081,"Open-Label, Single-Arm, Phase II Study of Pembrolizumab Monotherapy as First-Line Therapy in Patients With Advanced Non-Clear Cell Renal Cell Carcinoma.",https://pubmed.ncbi.nlm.nih.gov/33529058/,https://pmc.ncbi.nlm.nih.gov/articles/PMC8078262/,cited_reference_found,ICI-5b931e41ff-01,https://pmc.ncbi.nlm.nih.gov/articles/PMC8078262/,pmc_full_text,165,11,165,percent,reported,KEYNOTE-427 cohort B,NCT02853344,"1L advanced non-clear-cell RCC, overall cohort, final analysis","1L advanced non-clear-cell RCC, overall cohort, final analysis",,,overall cohort complete response rate; 11/165 complete responses
cancer-ici-response-estimates,ICI-e1696a6eee-01,RCC_NCC,PD-1,ORR,24.8,DOI:10.1200/JCO.2019.37.15_suppl.4569,prior_locator_not_verified,,numeric_source_location_not_verified,R014,KEYNOTE-427 cohort B: First-line pembrolizumab (pembro) monotherapy for advanced non‒clear cell renal cell carcinoma (NCC-RCC).,https://ascopubs.org/doi/10.1200/JCO.2019.37.15_suppl.4569,https://doi.org/10.1200/JCO.2019.37.15_suppl.4569,cited_reference_found,ICI-e1696a6eee-01,https://doi.org/10.1200/JCO.2019.37.15_suppl.4569,doi_record,165,41,165,percent,reported,KEYNOTE-427 cohort B (ASCO 2019 interim),,"1L advanced non-clear-cell RCC, overall cohort, ASCO 2019 interim","1L advanced non-clear-cell RCC, overall cohort, ASCO 2019 interim",,,"interim overall; CR 4.8% (8), PR 20.0% (33); 41/165"
cancer-ici-response-estimates,ICI-ba2c15eea4-01,RCC_NCC,PD-1,CRR,4.8,DOI:10.1200/JCO.2019.37.15_suppl.4569,prior_locator_not_verified,,numeric_source_location_not_verified,R014,KEYNOTE-427 cohort B: First-line pembrolizumab (pembro) monotherapy for advanced non‒clear cell renal cell carcinoma (NCC-RCC).,https://ascopubs.org/doi/10.1200/JCO.2019.37.15_suppl.4569,https://doi.org/10.1200/JCO.2019.37.15_suppl.4569,cited_reference_found,ICI-ba2c15eea4-01,https://doi.org/10.1200/JCO.2019.37.15_suppl.4569,doi_record,165,8,165,percent,reported,KEYNOTE-427 cohort B (ASCO 2019 interim),,"1L advanced non-clear-cell RCC, overall cohort, ASCO 2019 interim","1L advanced non-clear-cell RCC, overall cohort, ASCO 2019 interim",,,interim overall complete response rate; 8/165 complete responses
cancer-ici-response-estimates,ICI-3c0861434d-01,RCC_NCC_UNCLASSIFIED,PD-1,ORR,34.6,DOI:10.1200/JCO.2019.37.15_suppl.4569,prior_locator_not_verified,,numeric_source_location_not_verified,R014,KEYNOTE-427 cohort B: First-line pembrolizumab (pembro) monotherapy for advanced non‒clear cell renal cell carcinoma (NCC-RCC).,https://ascopubs.org/doi/10.1200/JCO.2019.37.15_suppl.4569,https://doi.org/10.1200/JCO.2019.37.15_suppl.4569,cited_reference_found,ICI-3c0861434d-01,https://doi.org/10.1200/JCO.2019.37.15_suppl.4569,doi_record,26,9,26,percent,reported,KEYNOTE-427 cohort B (ASCO 2019 interim),,unclassified non-clear-cell RCC subgroup (ASCO 2019 interim),unclassified non-clear-cell RCC subgroup (ASCO 2019 interim),,,unclassified subgroup interim; 9/26 responders
cancer-ici-response-estimates,ICI-dd6e17da69-01,KIRC,PD-1+CTLA-4,ORR,41.6,PMID:29562145,prior_locator_source_section,"Abstract, RESULTS",numeric_source_location_not_verified,R045,Nivolumab plus Ipilimumab versus Sunitinib in Advanced Renal-Cell Carcinoma.,https://pubmed.ncbi.nlm.nih.gov/29562145/,https://pmc.ncbi.nlm.nih.gov/articles/PMC5972549/,cited_reference_found,ICI-dd6e17da69-01,https://pmc.ncbi.nlm.nih.gov/articles/PMC5972549/,pmc_full_text,425,,425,percent,reported,CheckMate 214,NCT02231749,1L IMDC intermediate/poor-risk (co-primary population); nivo+ipi arm,1L IMDC intermediate/poor-risk (co-primary population); nivo+ipi arm,,,confirmed ORR per IRRC; reported as 42% in NEJM; P<0.001 vs sunitinib (27%)
cancer-ici-response-estimates,ICI-a400b2be5c-01,KIRC,PD-1+CTLA-4,CRR,9.4,PMID:29562145,prior_locator_source_section,"Abstract, RESULTS",numeric_source_location_not_verified,R045,Nivolumab plus Ipilimumab versus Sunitinib in Advanced Renal-Cell Carcinoma.,https://pubmed.ncbi.nlm.nih.gov/29562145/,https://pmc.ncbi.nlm.nih.gov/articles/PMC5972549/,cited_reference_found,ICI-a400b2be5c-01,https://pmc.ncbi.nlm.nih.gov/articles/PMC5972549/,pmc_full_text,425,,425,percent,reported,CheckMate 214,NCT02231749,1L IMDC intermediate/poor-risk (co-primary population); nivo+ipi arm,1L IMDC intermediate/poor-risk (co-primary population); nivo+ipi arm,,,reported ~9% complete response
cancer-ici-response-estimates,ICI-558467b418-01,KIRC,non-ICI,ORR,26.5,PMID:29562145,prior_locator_source_section,"Abstract, RESULTS",excluded_from_pooling;numeric_source_location_not_verified,R045,Nivolumab plus Ipilimumab versus Sunitinib in Advanced Renal-Cell Carcinoma.,https://pubmed.ncbi.nlm.nih.gov/29562145/,https://pmc.ncbi.nlm.nih.gov/articles/PMC5972549/,cited_reference_found,ICI-558467b418-01,https://pmc.ncbi.nlm.nih.gov/articles/PMC5972549/,pmc_full_text,422,,422,percent,reported_context,CheckMate-214,,"1L IMDC intermediate/poor-risk, comparator arm","1L IMDC intermediate/poor-risk, comparator arm",,,reported as 27% in NEJM
cancer-ici-response-estimates,ICI-e02a6a2af9-01,KIRC,PD-1+CTLA-4,ORR,39,PMID:29562145,prior_locator_source_section,"Abstract, RESULTS",numeric_source_location_not_verified,R045,Nivolumab plus Ipilimumab versus Sunitinib in Advanced Renal-Cell Carcinoma.,https://pubmed.ncbi.nlm.nih.gov/29562145/,https://pmc.ncbi.nlm.nih.gov/articles/PMC5972549/,cited_reference_found,ICI-e02a6a2af9-01,https://pmc.ncbi.nlm.nih.gov/articles/PMC5972549/,pmc_full_text,550,,550,percent,reported,CheckMate-214,,1L ITT (all randomized) population; nivo+ipi arm,1L ITT (all randomized) population; nivo+ipi arm,,,"ITT; 39% vs 32% sunitinib, P=0.02 (did not meet significance threshold)"
cancer-ici-response-estimates,ICI-e6fa7070be-01,KIRC,PD-L1,ORR,28,PMID:29867230,prior_locator_verified,Results > Efficacy.,response_denominator_missing,R049,Clinical activity and molecular correlates of response to atezolizumab alone or in combination with bevacizumab versus sunitinib in renal cell carcinoma.,https://pubmed.ncbi.nlm.nih.gov/29867230/,https://pmc.ncbi.nlm.nih.gov/articles/PMC6721896/,cited_reference_found,ICI-e6fa7070be-01,https://pmc.ncbi.nlm.nih.gov/articles/PMC6721896/,pmc_full_text,,,,percent,reported,IMmotion150 (atezo mono arm),,"1L metastatic RCC, atezo mono, PD-L1+ subgroup","1L metastatic RCC, atezo mono, PD-L1+ subgroup",,,"PD-L1+ subgroup; CR 15%, PR 13%"
cancer-ici-response-estimates,ICI-36e5ed46b2-01,KIRC,PD-L1+VEGF,ORR,46,PMID:29867230,prior_locator_verified,Results > Efficacy.,response_denominator_missing,R049,Clinical activity and molecular correlates of response to atezolizumab alone or in combination with bevacizumab versus sunitinib in renal cell carcinoma.,https://pubmed.ncbi.nlm.nih.gov/29867230/,https://pmc.ncbi.nlm.nih.gov/articles/PMC6721896/,cited_reference_found,ICI-36e5ed46b2-01,https://pmc.ncbi.nlm.nih.gov/articles/PMC6721896/,pmc_full_text,,,,percent,reported,IMmotion150 (atezo+bev arm),,"1L metastatic RCC, atezo+bev, PD-L1+ subgroup","1L metastatic RCC, atezo+bev, PD-L1+ subgroup",,,PD-L1+ subgroup
cancer-ici-response-estimates,ICI-ee55df807c-01,LIHC,PD-1+CTLA-4,DCR,64,PMID:33001135,prior_locator_source_section,"Abstract, Findings",numeric_source_location_not_verified,R075,Efficacy and Safety of Nivolumab Plus Ipilimumab in Patients With Advanced Hepatocellular Carcinoma Previously Treated With Sorafenib: The CheckMate 040 Randomized Clinical Trial.,https://pubmed.ncbi.nlm.nih.gov/33001135/,https://pmc.ncbi.nlm.nih.gov/articles/PMC7530824/,cited_reference_found,ICI-ee55df807c-01,https://pmc.ncbi.nlm.nih.gov/articles/PMC7530824/,pmc_full_text,50,,50,percent,reported,CheckMate 040,NCT01658878,sorafenib-experienced advanced HCC; nivo 1mg/kg + ipi 3mg/kg q3w x4 then nivo 240mg q2w,sorafenib-experienced advanced HCC; nivo 1mg/kg + ipi 3mg/kg q3w x4 then nivo 240mg q2w,,,
cancer-ici-response-estimates,ICI-e29b6e85a5-01,LIHC,PD-L1,ORR,17,DOI:10.1056/EVIDoa2100070,prior_locator_citation_only,,numeric_source_location_not_verified,R008,Tremelimumab plus Durvalumab in Unresectable Hepatocellular Carcinoma,https://doi.org/10.1056/EVIDoa2100070,https://doi.org/10.1056/EVIDoa2100070,cited_reference_found,ICI-e29b6e85a5-01,https://doi.org/10.1056/EVIDoa2100070,doi_record,389,,389,percent,reported,HIMALAYA,NCT03298451,1L unresectable HCC; durvalumab monotherapy,1L unresectable HCC; durvalumab monotherapy,,,n approximate; arm sizes not broken out in abstract
cancer-ici-response-estimates,ICI-3356419757-01,LIHC,PD-L1,CRR,1.5,DOI:10.1056/EVIDoa2100070,prior_locator_citation_only,,numeric_source_location_not_verified,R008,Tremelimumab plus Durvalumab in Unresectable Hepatocellular Carcinoma,https://doi.org/10.1056/EVIDoa2100070,https://doi.org/10.1056/EVIDoa2100070,cited_reference_found,ICI-3356419757-01,https://doi.org/10.1056/EVIDoa2100070,doi_record,389,,389,percent,reported,HIMALAYA,NCT03298451,1L unresectable HCC; durvalumab monotherapy,1L unresectable HCC; durvalumab monotherapy,,,
cancer-ici-response-estimates,ICI-212d27db9c-01,LIHC,PD-L1,OS,16.6,DOI:10.1056/EVIDoa2100070,prior_locator_citation_only,,numeric_source_location_not_verified,R008,Tremelimumab plus Durvalumab in Unresectable Hepatocellular Carcinoma,https://doi.org/10.1056/EVIDoa2100070,https://doi.org/10.1056/EVIDoa2100070,cited_reference_found,ICI-212d27db9c-01,https://doi.org/10.1056/EVIDoa2100070,doi_record,389,,389,months,reported,HIMALAYA,NCT03298451,1L unresectable HCC; durvalumab monotherapy,1L unresectable HCC; durvalumab monotherapy,,,OS non-inferior to sorafenib
cancer-ici-response-estimates,ICI-15e3b58699-01,LIHC,PD-L1,OS_RATE,24.7,DOI:10.1056/EVIDoa2100070,prior_locator_citation_only,,numeric_source_location_not_verified,R008,Tremelimumab plus Durvalumab in Unresectable Hepatocellular Carcinoma,https://doi.org/10.1056/EVIDoa2100070,https://doi.org/10.1056/EVIDoa2100070,cited_reference_found,ICI-15e3b58699-01,https://doi.org/10.1056/EVIDoa2100070,doi_record,389,,389,rate_percent,reported,HIMALAYA,NCT03298451,1L unresectable HCC; durvalumab monotherapy,1L unresectable HCC; durvalumab monotherapy,,,
cancer-ici-response-estimates,ICI-83bfc48f29-01,LIHC,PD-L1+CTLA-4,ORR,20.1,DOI:10.1056/EVIDoa2100070,prior_locator_citation_only,,numeric_source_location_not_verified,R008,Tremelimumab plus Durvalumab in Unresectable Hepatocellular Carcinoma,https://doi.org/10.1056/EVIDoa2100070,https://doi.org/10.1056/EVIDoa2100070,cited_reference_found,ICI-83bfc48f29-01,https://doi.org/10.1056/EVIDoa2100070,doi_record,393,,393,percent,reported,HIMALAYA (STRIDE arm),,1L unresectable HCC; single treme 300mg priming + durvalumab,1L unresectable HCC; single treme 300mg priming + durvalumab,,,
cancer-ici-response-estimates,ICI-608df4bed5-01,LIHC,PD-L1+CTLA-4,CRR,3.1,DOI:10.1056/EVIDoa2100070,prior_locator_citation_only,,numeric_source_location_not_verified,R008,Tremelimumab plus Durvalumab in Unresectable Hepatocellular Carcinoma,https://doi.org/10.1056/EVIDoa2100070,https://doi.org/10.1056/EVIDoa2100070,cited_reference_found,ICI-608df4bed5-01,https://doi.org/10.1056/EVIDoa2100070,doi_record,393,,393,percent,reported,HIMALAYA (STRIDE arm),,1L unresectable HCC; single treme 300mg priming + durvalumab,1L unresectable HCC; single treme 300mg priming + durvalumab,,,
cancer-ici-response-estimates,ICI-ad825ad73b-01,LIHC,PD-L1+CTLA-4,PFS,3.78,DOI:10.1056/EVIDoa2100070,prior_locator_citation_only,,numeric_source_location_not_verified,R008,Tremelimumab plus Durvalumab in Unresectable Hepatocellular Carcinoma,https://doi.org/10.1056/EVIDoa2100070,https://doi.org/10.1056/EVIDoa2100070,cited_reference_found,ICI-ad825ad73b-01,https://doi.org/10.1056/EVIDoa2100070,doi_record,393,,393,months,reported,HIMALAYA (STRIDE arm),,1L unresectable HCC; single treme 300mg priming + durvalumab,1L unresectable HCC; single treme 300mg priming + durvalumab,,,~3.8 mo
cancer-ici-response-estimates,ICI-ef9705b258-01,LIHC,PD-L1+CTLA-4,OS,16.43,DOI:10.1056/EVIDoa2100070,prior_locator_citation_only,,numeric_source_location_not_verified,R008,Tremelimumab plus Durvalumab in Unresectable Hepatocellular Carcinoma,https://doi.org/10.1056/EVIDoa2100070,https://doi.org/10.1056/EVIDoa2100070,cited_reference_found,ICI-ef9705b258-01,https://doi.org/10.1056/EVIDoa2100070,doi_record,393,,393,months,reported,HIMALAYA (STRIDE arm),,1L unresectable HCC; single treme 300mg priming + durvalumab,1L unresectable HCC; single treme 300mg priming + durvalumab,,,HR 0.78 vs sorafenib (96.02% CI 0.65-0.93; P=0.0035)
cancer-ici-response-estimates,ICI-50158d5c35-01,LIHC,PD-L1+CTLA-4,OS_RATE,30.7,DOI:10.1056/EVIDoa2100070,prior_locator_citation_only,,numeric_source_location_not_verified,R008,Tremelimumab plus Durvalumab in Unresectable Hepatocellular Carcinoma,https://doi.org/10.1056/EVIDoa2100070,https://doi.org/10.1056/EVIDoa2100070,cited_reference_found,ICI-50158d5c35-01,https://doi.org/10.1056/EVIDoa2100070,doi_record,393,,393,rate_percent,reported,HIMALAYA (STRIDE arm),,1L unresectable HCC; single treme 300mg priming + durvalumab,1L unresectable HCC; single treme 300mg priming + durvalumab,,,
cancer-ici-response-estimates,ICI-243fff63b6-01,LIHC,non-ICI,ORR,5.1,DOI:10.1056/EVIDoa2100070,prior_locator_citation_only,,excluded_from_pooling;numeric_source_location_not_verified,R008,Tremelimumab plus Durvalumab in Unresectable Hepatocellular Carcinoma,https://doi.org/10.1056/EVIDoa2100070,https://doi.org/10.1056/EVIDoa2100070,cited_reference_found,ICI-243fff63b6-01,https://doi.org/10.1056/EVIDoa2100070,doi_record,389,,389,percent,reported_context,HIMALAYA (sorafenib comparator arm),,1L unresectable HCC; control,1L unresectable HCC; control,,,
cancer-ici-response-estimates,ICI-f834cd0444-01,LIHC,non-ICI,CRR,0,DOI:10.1056/EVIDoa2100070,prior_locator_citation_only,,excluded_from_pooling;numeric_source_location_not_verified,R008,Tremelimumab plus Durvalumab in Unresectable Hepatocellular Carcinoma,https://doi.org/10.1056/EVIDoa2100070,https://doi.org/10.1056/EVIDoa2100070,cited_reference_found,ICI-f834cd0444-01,https://doi.org/10.1056/EVIDoa2100070,doi_record,389,,389,percent,reported_context,HIMALAYA (sorafenib comparator arm),,1L unresectable HCC; control,1L unresectable HCC; control,,,
cancer-ici-response-estimates,ICI-17b105bce4-01,LIHC,non-ICI,PFS,4.07,DOI:10.1056/EVIDoa2100070,prior_locator_citation_only,,numeric_source_location_not_verified,R008,Tremelimumab plus Durvalumab in Unresectable Hepatocellular Carcinoma,https://doi.org/10.1056/EVIDoa2100070,https://doi.org/10.1056/EVIDoa2100070,cited_reference_found,ICI-17b105bce4-01,https://doi.org/10.1056/EVIDoa2100070,doi_record,389,,389,months,reported_context,HIMALAYA (sorafenib comparator arm),,1L unresectable HCC; control,1L unresectable HCC; control,,,~4.1 mo
cancer-ici-response-estimates,ICI-35b9cfa565-01,LIHC,non-ICI,OS,13.77,DOI:10.1056/EVIDoa2100070,prior_locator_citation_only,,numeric_source_location_not_verified,R008,Tremelimumab plus Durvalumab in Unresectable Hepatocellular Carcinoma,https://doi.org/10.1056/EVIDoa2100070,https://doi.org/10.1056/EVIDoa2100070,cited_reference_found,ICI-35b9cfa565-01,https://doi.org/10.1056/EVIDoa2100070,doi_record,389,,389,months,reported_context,HIMALAYA (sorafenib comparator arm),,1L unresectable HCC; control,1L unresectable HCC; control,,,
cancer-ici-response-estimates,ICI-1a577b99d3-01,LIHC,non-ICI,OS_RATE,20.2,DOI:10.1056/EVIDoa2100070,prior_locator_citation_only,,numeric_source_location_not_verified,R008,Tremelimumab plus Durvalumab in Unresectable Hepatocellular Carcinoma,https://doi.org/10.1056/EVIDoa2100070,https://doi.org/10.1056/EVIDoa2100070,cited_reference_found,ICI-1a577b99d3-01,https://doi.org/10.1056/EVIDoa2100070,doi_record,389,,389,rate_percent,reported_context,HIMALAYA (sorafenib comparator arm),,1L unresectable HCC; control,1L unresectable HCC; control,,,
cancer-ici-response-estimates,ICI-21dbb61b2b-01,LUAD,PD-1,ORR,31,PMID:26412456,prior_locator_source_section,"Abstract, Results",numeric_source_location_not_verified;response_denominator_missing,R026,Nivolumab versus Docetaxel in Advanced Nonsquamous Non-Small-Cell Lung Cancer.,https://pubmed.ncbi.nlm.nih.gov/26412456/,https://pmc.ncbi.nlm.nih.gov/articles/PMC5705936/,cited_reference_found,ICI-21dbb61b2b-01,https://pmc.ncbi.nlm.nih.gov/articles/PMC5705936/,pmc_full_text,,,,percent,reported,CheckMate-057 PD-L1>=1% subgroup,,pretreated non-squamous NSCLC; PD-L1 >=1% (~53% of cohort),pretreated non-squamous NSCLC; PD-L1 >=1% (~53% of cohort),,,subgroup analysis
cancer-ici-response-estimates,ICI-9abbc81fd4-01,LUAD,PD-1,ORR,36,PMID:26412456,prior_locator_source_section,"Abstract, Results",numeric_source_location_not_verified;response_denominator_missing,R026,Nivolumab versus Docetaxel in Advanced Nonsquamous Non-Small-Cell Lung Cancer.,https://pubmed.ncbi.nlm.nih.gov/26412456/,https://pmc.ncbi.nlm.nih.gov/articles/PMC5705936/,cited_reference_found,ICI-9abbc81fd4-01,https://pmc.ncbi.nlm.nih.gov/articles/PMC5705936/,pmc_full_text,,,,percent,reported,CheckMate-057 PD-L1>=5% subgroup,,pretreated non-squamous NSCLC; PD-L1 >=5% (~41% of cohort),pretreated non-squamous NSCLC; PD-L1 >=5% (~41% of cohort),,,subgroup; PD-L1>=5%
cancer-ici-response-estimates,ICI-d7be178df9-01,LUAD,PD-1,ORR,9,PMID:26412456,prior_locator_source_section,"Abstract, Results",numeric_source_location_not_verified;response_denominator_missing,R026,Nivolumab versus Docetaxel in Advanced Nonsquamous Non-Small-Cell Lung Cancer.,https://pubmed.ncbi.nlm.nih.gov/26412456/,https://pmc.ncbi.nlm.nih.gov/articles/PMC5705936/,cited_reference_found,ICI-d7be178df9-01,https://pmc.ncbi.nlm.nih.gov/articles/PMC5705936/,pmc_full_text,,,,percent,reported,CheckMate-057 PD-L1 <1% subgroup,,pretreated non-squamous NSCLC; PD-L1 non-expressors (~47% of cohort),pretreated non-squamous NSCLC; PD-L1 non-expressors (~47% of cohort),,,
cancer-ici-response-estimates,ICI-0f54d83fe4-01,LUAD,PD-1,ORR,44.8,PMID:27718847,prior_locator_source_section,"Abstract, Results",numeric_source_location_not_verified,R031,Pembrolizumab versus Chemotherapy for PD-L1-Positive Non-Small-Cell Lung Cancer.,https://pubmed.ncbi.nlm.nih.gov/27718847/,https://pubmed.ncbi.nlm.nih.gov/27718847/,cited_reference_found,ICI-0f54d83fe4-01,https://pubmed.ncbi.nlm.nih.gov/27718847/,pubmed_abstract,154,,154,percent,reported,KEYNOTE-024,,1L NSCLC; PD-L1 TPS >=50% (Reck 2016),1L NSCLC; PD-L1 TPS >=50% (Reck 2016),,,"note: 1L PD-L1>=50% population, NOT population-matched to CheckMate-057 all-comer pretreated cohort; row's matching claim is questionable"
cancer-ici-response-estimates,ICI-629c395ded-01,LUAD,PD-1+CTLA-4,ORR,35.9,PMID:31562796,prior_locator_source_section,"Abstract, Results",numeric_source_location_not_verified,R066,Nivolumab plus Ipilimumab in Advanced Non-Small-Cell Lung Cancer.,https://pubmed.ncbi.nlm.nih.gov/31562796/,https://pubmed.ncbi.nlm.nih.gov/31562796/,cited_reference_found,ICI-629c395ded-01,https://pubmed.ncbi.nlm.nih.gov/31562796/,pubmed_abstract,396,,396,percent,reported,CheckMate 227,NCT02477826,"1L metastatic NSCLC, PD-L1>=1%, EGFR/ALK-WT","1L metastatic NSCLC, PD-L1>=1%, EGFR/ALK-WT",,,"BICR-confirmed, PD-L1>=1%; matches table value exactly; chemo arm 30.0%; independently verified"
cancer-ici-response-estimates,ICI-baed09d614-01,LUAD,PD-1+CTLA-4,CRR,5.8,PMID:31562796,prior_locator_source_section,"Abstract, Results",numeric_source_location_not_verified,R066,Nivolumab plus Ipilimumab in Advanced Non-Small-Cell Lung Cancer.,https://pubmed.ncbi.nlm.nih.gov/31562796/,https://pubmed.ncbi.nlm.nih.gov/31562796/,cited_reference_found,ICI-baed09d614-01,https://pubmed.ncbi.nlm.nih.gov/31562796/,pubmed_abstract,396,,396,percent,reported,CheckMate 227,NCT02477826,"1L metastatic NSCLC, PD-L1>=1%, EGFR/ALK-WT","1L metastatic NSCLC, PD-L1>=1%, EGFR/ALK-WT",,,"complete response, nivo+ipi; chemo 1.8%; independently verified"
cancer-ici-response-estimates,ICI-f7bf901d27-01,LUAD,PD-1+CTLA-4,PFS,5.1,PMID:31562796,prior_locator_source_section,"Abstract, Results",numeric_source_location_not_verified,R066,Nivolumab plus Ipilimumab in Advanced Non-Small-Cell Lung Cancer.,https://pubmed.ncbi.nlm.nih.gov/31562796/,https://pubmed.ncbi.nlm.nih.gov/31562796/,cited_reference_found,ICI-f7bf901d27-01,https://pubmed.ncbi.nlm.nih.gov/31562796/,pubmed_abstract,396,,396,months,reported,CheckMate 227,NCT02477826,"1L metastatic NSCLC, PD-L1>=1%, EGFR/ALK-WT","1L metastatic NSCLC, PD-L1>=1%, EGFR/ALK-WT",,,"BICR-assessed, PD-L1>=1%; independently verified"
cancer-ici-response-estimates,ICI-e0081e5893-01,NSCLC,PD-L1,ORR,38.3,PMID:32997907,prior_locator_source_section,"Abstract, Results",numeric_source_location_not_verified,R074,Atezolizumab for First-Line Treatment of PD-L1-Selected Patients with NSCLC.,https://pubmed.ncbi.nlm.nih.gov/32997907/,https://pubmed.ncbi.nlm.nih.gov/32997907/,cited_reference_found,ICI-e0081e5893-01,https://pubmed.ncbi.nlm.nih.gov/32997907/,pubmed_abstract,107,41,205,percent,reported,IMpower110,NCT02409342,"1L metastatic NSCLC, PD-L1-high TC3 or IC3 wild-type (EGFR/ALK WT); all histologies","1L metastatic NSCLC, PD-L1-high TC3 or IC3 wild-type (EGFR/ALK WT); all histologies",,,ClinicalTrials.gov reports TC3/IC3-WT atezolizumab ORR 38.3% with 107 participants; 38.3% corresponds to 41/107. All-histology NSCLC source-scope row; not LUAD- or LUSC-specific.
cancer-ici-response-estimates,ICI-b3d0d4438b-01,LUAD_STK11,PD-1,ORR,8,PMID:29773717,prior_locator_not_verified,,excluded_from_pooling;numeric_source_location_not_verified;response_denominator_missing,R047,STK11/LKB1 Mutations and PD-1 Inhibitor Resistance in KRAS-Mutant Lung Adenocarcinoma.,https://pubmed.ncbi.nlm.nih.gov/29773717/,https://pmc.ncbi.nlm.nih.gov/articles/PMC6030433/,cited_reference_found,ICI-b3d0d4438b-01,https://pmc.ncbi.nlm.nih.gov/articles/PMC6030433/,pmc_full_text,,,,percent,reported_context,Skoulidis STK11/LKB1 aPD1-resistance analysis,,STK11/LKB1-mutant (KRAS-comutant) LUAD; aPD1 monotherapy,STK11/LKB1-mutant (KRAS-comutant) LUAD; aPD1 monotherapy,,,Legacy approximate 8% retained only as rejected context. The 637 genomic samples are not treated/evaluable patients; KRAS/STK11 subset evidence cannot anchor the broader STK11/KEAP1 code.
cancer-ici-response-estimates,ICI-40ee4f78ab-01,LUAD_STK11,PD-1,ORR,8,PMID:29773717,prior_locator_not_verified,,excluded_from_pooling;numeric_source_location_not_verified;response_denominator_missing,R047,STK11/LKB1 Mutations and PD-1 Inhibitor Resistance in KRAS-Mutant Lung Adenocarcinoma.,https://pubmed.ncbi.nlm.nih.gov/29773717/,https://pmc.ncbi.nlm.nih.gov/articles/PMC6030433/,cited_reference_found,ICI-40ee4f78ab-01,https://pmc.ncbi.nlm.nih.gov/articles/PMC6030433/,pmc_full_text,,,,percent,reported_context,Skoulidis STK11/LKB1 aPD1-resistance analysis,,STK11/LKB1-mutant (KRAS-comutant) LUAD; aPD1 monotherapy,STK11/LKB1-mutant (KRAS-comutant) LUAD; aPD1 monotherapy,,,Legacy approximate 8% retained only as rejected context. The 637 genomic samples are not treated/evaluable patients; KRAS/STK11 subset evidence cannot anchor the broader STK11/KEAP1 code.
cancer-ici-response-estimates,ICI-40ee4f78ab-02,LUAD_STK11,PD-1,ORR,8,PMID:29773717,prior_locator_not_verified,,excluded_from_pooling;numeric_source_location_not_verified;response_denominator_missing,R047,STK11/LKB1 Mutations and PD-1 Inhibitor Resistance in KRAS-Mutant Lung Adenocarcinoma.,https://pubmed.ncbi.nlm.nih.gov/29773717/,https://pmc.ncbi.nlm.nih.gov/articles/PMC6030433/,cited_reference_found,ICI-40ee4f78ab-02,https://pmc.ncbi.nlm.nih.gov/articles/PMC6030433/,pmc_full_text,,,,percent,reported_context,Skoulidis STK11/LKB1 aPD1-resistance analysis,,STK11/LKB1-mutant (KRAS-comutant) LUAD; aPD1 monotherapy,STK11/LKB1-mutant (KRAS-comutant) LUAD; aPD1 monotherapy,,,Legacy approximate 8% retained only as rejected context. The 637 genomic samples are not treated/evaluable patients; KRAS/STK11 subset evidence cannot anchor the broader STK11/KEAP1 code.
cancer-ici-response-estimates,ICI-1c401c554d-01,LUAD_STK11,PD-1,ORR,0,PMID:29773717,prior_locator_verified,"Figure 1B; Results, Co-mutations in STK11/LKB1",excluded_from_pooling;small_denominator,R047,STK11/LKB1 Mutations and PD-1 Inhibitor Resistance in KRAS-Mutant Lung Adenocarcinoma.,https://pubmed.ncbi.nlm.nih.gov/29773717/,https://pmc.ncbi.nlm.nih.gov/articles/PMC6030433/,cited_reference_found,ICI-1c401c554d-01,https://pmc.ncbi.nlm.nih.gov/articles/PMC6030433/,pmc_full_text,6,0,24,percent,reported_context,"CheckMate 057, KRAS/STK11 subgroup",NCT01673867,"KRAS/STK11 (KL) subgroup in the nivolumab arm, WES-profiled KRAS-mutant subset",previously treated advanced KRAS/STK11-mutant non-squamous NSCLC; nivolumab arm,,,Explicit response 0/6 in KL subgroup; nivolumab KRAS-mutant arm n=24 and nivolumab/docetaxel genomic subset n=44. Old 0/24 denominator and its computed CI were invalid. No source CI reported. Context only for STK11/KEAP1 union.
cancer-ici-response-estimates,ICI-fef3211a5c-01,LUSC,PD-1,ORR,44.8,PMID:27718847,prior_locator_source_section,"Abstract, Results",numeric_source_location_not_verified,R031,Pembrolizumab versus Chemotherapy for PD-L1-Positive Non-Small-Cell Lung Cancer.,https://pubmed.ncbi.nlm.nih.gov/27718847/,https://pubmed.ncbi.nlm.nih.gov/27718847/,cited_reference_found,ICI-fef3211a5c-01,https://pubmed.ncbi.nlm.nih.gov/27718847/,pubmed_abstract,154,,154,percent,reported,KEYNOTE-024,,"1L NSCLC, PD-L1 TPS >=50% (cross-reference; mixed histology, not squamous-only)","1L NSCLC, PD-L1 TPS >=50% (cross-reference; mixed histology, not squamous-only)",,,"pembro 44.8% vs 27.8% chemo — confirmed; mixed histology, not squamous-specific"
cancer-ici-response-estimates,ICI-d9f97a062f-01,MBL,PD-1,ORR,0,PMID:36808285,prior_locator_source_section,"Abstract, Results",excluded_from_pooling;numeric_source_location_not_verified,R096,"Nivolumab with or without ipilimumab in pediatric patients with high-grade CNS malignancies: Safety, efficacy, biomarker, and pharmacokinetics-CheckMate 908.",https://pubmed.ncbi.nlm.nih.gov/36808285/,https://pmc.ncbi.nlm.nih.gov/articles/PMC10398811/,cited_reference_found,ICI-d9f97a062f-01,https://pmc.ncbi.nlm.nih.gov/articles/PMC10398811/,pmc_full_text,15,0,15,percent,inferred_from_outcomes,CheckMate 908,NCT03130959,"relapsed/resistant medulloblastoma, nivolumab monotherapy 3 mg/kg q2w","relapsed/resistant medulloblastoma, nivolumab monotherapy 3 mg/kg q2w",,,"ORR not a formal endpoint; only objective response in entire trial was 1 PR in ependymoma cohort, so 0 responses in medulloblastoma confirmed"
cancer-ici-response-estimates,ICI-9374924e16-01,MBL,PD-1+CTLA-4,ORR,0,PMID:36808285,prior_locator_source_section,"Abstract, Results",excluded_from_pooling;numeric_source_location_not_verified,R096,"Nivolumab with or without ipilimumab in pediatric patients with high-grade CNS malignancies: Safety, efficacy, biomarker, and pharmacokinetics-CheckMate 908.",https://pubmed.ncbi.nlm.nih.gov/36808285/,https://pmc.ncbi.nlm.nih.gov/articles/PMC10398811/,cited_reference_found,ICI-9374924e16-01,https://pmc.ncbi.nlm.nih.gov/articles/PMC10398811/,pmc_full_text,15,0,15,percent,inferred_from_outcomes,CheckMate-908,,"relapsed/resistant medulloblastoma, nivolumab 3 mg/kg + ipilimumab 1 mg/kg","relapsed/resistant medulloblastoma, nivolumab 3 mg/kg + ipilimumab 1 mg/kg",,,ORR not a formal endpoint; no objective responses in medulloblastoma cohort confirmed (only trial PR was in ependymoma)
cancer-ici-response-estimates,ICI-13b1a410d0-01,MDS,PD-1,OS,6,DOI:10.1080/10428194.2022.2034155,prior_locator_citation_only,,numeric_source_location_not_verified,R009,Pembrolizumab for myelodysplastic syndromes after failure of hypomethylating agents in the phase 1b KEYNOTE-013 study.,https://doi.org/10.1080/10428194.2022.2034155,https://doi.org/10.1080/10428194.2022.2034155,cited_reference_found,ICI-13b1a410d0-01,https://doi.org/10.1080/10428194.2022.2034155,doi_record,28,,28,months,reported,KEYNOTE-013,NCT01953692,MDS refractory to/after failure of hypomethylating agent (post-HMA); pembrolizumab 10 mg/kg q2w,MDS refractory to/after failure of hypomethylating agent (post-HMA); pembrolizumab 10 mg/kg q2w,,,"median OS 6.0 mo, 95% CI 4-12 mo"
cancer-ici-response-estimates,ICI-ba05b51ac5-01,MDS,PD-1,OS_RATE,17,DOI:10.1080/10428194.2022.2034155,prior_locator_citation_only,,numeric_source_location_not_verified,R009,Pembrolizumab for myelodysplastic syndromes after failure of hypomethylating agents in the phase 1b KEYNOTE-013 study.,https://doi.org/10.1080/10428194.2022.2034155,https://doi.org/10.1080/10428194.2022.2034155,cited_reference_found,ICI-ba05b51ac5-01,https://doi.org/10.1080/10428194.2022.2034155,doi_record,28,,28,rate_percent,reported,KEYNOTE-013,NCT01953692,MDS refractory to/after failure of hypomethylating agent (post-HMA); pembrolizumab 10 mg/kg q2w,MDS refractory to/after failure of hypomethylating agent (post-HMA); pembrolizumab 10 mg/kg q2w,,,2-yr OS 17%; median follow-up 5.6 mo
cancer-ici-response-estimates,ICI-7502d759c8-01,MENINGIOMA,PD-1,ORR,0,PMID:35289329,prior_locator_source_section,Abstract,numeric_source_location_not_verified,R091,Phase 2 study of pembrolizumab in patients with recurrent and residual high-grade meningiomas.,https://pubmed.ncbi.nlm.nih.gov/35289329/,https://pmc.ncbi.nlm.nih.gov/articles/PMC8921328/,cited_reference_found,ICI-7502d759c8-01,https://pmc.ncbi.nlm.nih.gov/articles/PMC8921328/,pmc_full_text,25,0,25,percent,reported,pembrolizumab recurrent high-grade meningioma phase 2,NCT03279692,Recurrent/progressive grade 2-3 (high-grade) meningioma,Recurrent/progressive grade 2-3 (high-grade) meningioma,,,No CR/PR; 2 patients had minor size decrease not meeting PR criteria; matches table 0/25
cancer-ici-response-estimates,ICI-52e16b7ccb-01,MENINGIOMA,PD-1,PFS_RATE,48,PMID:35289329,prior_locator_source_section,Abstract,numeric_source_location_not_verified,R091,Phase 2 study of pembrolizumab in patients with recurrent and residual high-grade meningiomas.,https://pubmed.ncbi.nlm.nih.gov/35289329/,https://pmc.ncbi.nlm.nih.gov/articles/PMC8921328/,cited_reference_found,ICI-52e16b7ccb-01,https://pmc.ncbi.nlm.nih.gov/articles/PMC8921328/,pmc_full_text,25,,25,rate_percent,reported,pembrolizumab recurrent high-grade meningioma phase 2,NCT03279692,Recurrent/progressive grade 2-3 (high-grade) meningioma,Recurrent/progressive grade 2-3 (high-grade) meningioma,,,"PFS-6 0.48, 90% exact CI 0.31-0.66; primary endpoint met"
cancer-ici-response-estimates,ICI-6391ac3bad-01,MENINGIOMA,PD-1,PFS_RATE,50,PMID:35289329,prior_locator_source_section,Abstract,numeric_source_location_not_verified,R091,Phase 2 study of pembrolizumab in patients with recurrent and residual high-grade meningiomas.,https://pubmed.ncbi.nlm.nih.gov/35289329/,https://pmc.ncbi.nlm.nih.gov/articles/PMC8921328/,cited_reference_found,ICI-6391ac3bad-01,https://pmc.ncbi.nlm.nih.gov/articles/PMC8921328/,pmc_full_text,24,,24,rate_percent,reported,NCT03279692,NCT03279692,"Earlier conference readout (SNO 2021, Neuro-Oncology suppl) of same trial, 24 pts","Earlier conference readout (SNO 2021, Neuro-Oncology suppl) of same trial, 24 pts",,,"PFS-6 0.50, 90% CI 0.32-0.68 (abstract)"
cancer-ici-response-estimates,ICI-96dcba4ace-01,MESO,PD-1,ORR,8.5,PMID:33836153,prior_locator_source_section,"Abstract, Findings",numeric_source_location_not_verified,R082,"Efficacy and safety of pembrolizumab in patients with advanced mesothelioma in the open-label, single-arm, phase 2 KEYNOTE-158 study.",https://pubmed.ncbi.nlm.nih.gov/33836153/,https://pubmed.ncbi.nlm.nih.gov/33836153/,cited_reference_found,ICI-96dcba4ace-01,https://pubmed.ncbi.nlm.nih.gov/33836153/,pubmed_abstract,118,10,118,percent,reported,KEYNOTE-158,NCT02628067,"Pretreated advanced (pleural) mesothelioma, all-comers; pembrolizumab 200 mg q3w","Pretreated advanced (pleural) mesothelioma, all-comers; pembrolizumab 200 mg q3w",,,"10/118 PR; reported as 8% (8.5%); no significant difference by PD-L1 status (PD-L1+ 8% [6/77], PD-L1- 13% [4/31])"
cancer-ici-response-estimates,ICI-789050bded-01,MESO,PD-1,CRR,0,PMID:33836153,prior_locator_source_section,"Abstract, Findings",numeric_source_location_not_verified,R082,"Efficacy and safety of pembrolizumab in patients with advanced mesothelioma in the open-label, single-arm, phase 2 KEYNOTE-158 study.",https://pubmed.ncbi.nlm.nih.gov/33836153/,https://pubmed.ncbi.nlm.nih.gov/33836153/,cited_reference_found,ICI-789050bded-01,https://pubmed.ncbi.nlm.nih.gov/33836153/,pubmed_abstract,118,0,118,percent,reported,KEYNOTE-158,NCT02628067,"Pretreated advanced (pleural) mesothelioma, all-comers; pembrolizumab 200 mg q3w","Pretreated advanced (pleural) mesothelioma, all-comers; pembrolizumab 200 mg q3w",,,no complete responses
cancer-ici-response-estimates,ICI-94c74816c2-01,MESO,PD-1,DOR,14.3,PMID:33836153,prior_locator_source_section,"Abstract, Findings",numeric_source_location_not_verified,R082,"Efficacy and safety of pembrolizumab in patients with advanced mesothelioma in the open-label, single-arm, phase 2 KEYNOTE-158 study.",https://pubmed.ncbi.nlm.nih.gov/33836153/,https://pubmed.ncbi.nlm.nih.gov/33836153/,cited_reference_found,ICI-94c74816c2-01,https://pubmed.ncbi.nlm.nih.gov/33836153/,pubmed_abstract,10,,118,months,reported,KEYNOTE-158,NCT02628067,"Pretreated advanced (pleural) mesothelioma, all-comers; pembrolizumab 200 mg q3w","Pretreated advanced (pleural) mesothelioma, all-comers; pembrolizumab 200 mg q3w",,,median DOR in 10 responders; 60% maintained at 12 mo
cancer-ici-response-estimates,ICI-17009f0210-01,MESO,PD-1,PFS_RATE,27,PMID:33836153,prior_locator_source_section,"Abstract, Findings",numeric_source_location_not_verified,R082,"Efficacy and safety of pembrolizumab in patients with advanced mesothelioma in the open-label, single-arm, phase 2 KEYNOTE-158 study.",https://pubmed.ncbi.nlm.nih.gov/33836153/,https://pubmed.ncbi.nlm.nih.gov/33836153/,cited_reference_found,ICI-17009f0210-01,https://pubmed.ncbi.nlm.nih.gov/33836153/,pubmed_abstract,118,,118,rate_percent,reported,KEYNOTE-158,NCT02628067,"Pretreated advanced (pleural) mesothelioma, all-comers; pembrolizumab 200 mg q3w","Pretreated advanced (pleural) mesothelioma, all-comers; pembrolizumab 200 mg q3w",,,6-mo PFS rate
cancer-ici-response-estimates,ICI-2ba924d213-01,MESO,PD-1,PFS_RATE,11,PMID:33836153,prior_locator_source_section,"Abstract, Findings",numeric_source_location_not_verified,R082,"Efficacy and safety of pembrolizumab in patients with advanced mesothelioma in the open-label, single-arm, phase 2 KEYNOTE-158 study.",https://pubmed.ncbi.nlm.nih.gov/33836153/,https://pubmed.ncbi.nlm.nih.gov/33836153/,cited_reference_found,ICI-2ba924d213-01,https://pubmed.ncbi.nlm.nih.gov/33836153/,pubmed_abstract,118,,118,rate_percent,reported,KEYNOTE-158,NCT02628067,"Pretreated advanced (pleural) mesothelioma, all-comers; pembrolizumab 200 mg q3w","Pretreated advanced (pleural) mesothelioma, all-comers; pembrolizumab 200 mg q3w",,,12-mo PFS rate
cancer-ici-response-estimates,ICI-b69c9f3b38-01,MESO,PD-1,OS_RATE,45,PMID:33836153,prior_locator_source_section,"Abstract, Findings",numeric_source_location_not_verified,R082,"Efficacy and safety of pembrolizumab in patients with advanced mesothelioma in the open-label, single-arm, phase 2 KEYNOTE-158 study.",https://pubmed.ncbi.nlm.nih.gov/33836153/,https://pubmed.ncbi.nlm.nih.gov/33836153/,cited_reference_found,ICI-b69c9f3b38-01,https://pubmed.ncbi.nlm.nih.gov/33836153/,pubmed_abstract,118,,118,rate_percent,reported,KEYNOTE-158,NCT02628067,"Pretreated advanced (pleural) mesothelioma, all-comers; pembrolizumab 200 mg q3w","Pretreated advanced (pleural) mesothelioma, all-comers; pembrolizumab 200 mg q3w",,,approx 45% alive at 12 mo (confirmed in primary: 'approximately 45% of the patients were alive')
cancer-ici-response-estimates,ICI-436bf42bcc-01,MESO,PD-1+CTLA-4,ORR,40,PMID:33485464,prior_locator_source_section,"Abstract, Findings",numeric_source_location_not_verified,R080,"First-line nivolumab plus ipilimumab in unresectable malignant pleural mesothelioma (CheckMate 743): a multicentre, randomised, open-label, phase 3 trial.",https://pubmed.ncbi.nlm.nih.gov/33485464/,https://pubmed.ncbi.nlm.nih.gov/33485464/,cited_reference_found,ICI-436bf42bcc-01,https://pubmed.ncbi.nlm.nih.gov/33485464/,pubmed_abstract,303,,303,percent,reported,CheckMate 743,NCT02899299,1L unresectable malignant pleural mesothelioma; all-comers,1L unresectable malignant pleural mesothelioma; all-comers,,,BICR; comparable to chemo (43%); benefit is OS not ORR
cancer-ici-response-estimates,ICI-b076397f08-01,MESO,PD-1+CTLA-4,PFS,6.8,PMID:33485464,prior_locator_source_section,"Abstract, Findings",numeric_source_location_not_verified,R080,"First-line nivolumab plus ipilimumab in unresectable malignant pleural mesothelioma (CheckMate 743): a multicentre, randomised, open-label, phase 3 trial.",https://pubmed.ncbi.nlm.nih.gov/33485464/,https://pubmed.ncbi.nlm.nih.gov/33485464/,cited_reference_found,ICI-b076397f08-01,https://pubmed.ncbi.nlm.nih.gov/33485464/,pubmed_abstract,303,,303,months,reported,CheckMate 743,NCT02899299,1L unresectable malignant pleural mesothelioma; all-comers,1L unresectable malignant pleural mesothelioma; all-comers,,,BICR; HR 1.00 (95% CI 0.82-1.21); no PFS benefit vs chemo
cancer-ici-response-estimates,ICI-3eedef77bf-01,MESO,PD-1+CTLA-4,DOR,11,PMID:33485464,prior_locator_source_section,"Abstract, Findings",numeric_source_location_not_verified,R080,"First-line nivolumab plus ipilimumab in unresectable malignant pleural mesothelioma (CheckMate 743): a multicentre, randomised, open-label, phase 3 trial.",https://pubmed.ncbi.nlm.nih.gov/33485464/,https://pubmed.ncbi.nlm.nih.gov/33485464/,cited_reference_found,ICI-3eedef77bf-01,https://pubmed.ncbi.nlm.nih.gov/33485464/,pubmed_abstract,,,303,months,reported,CheckMate 743,NCT02899299,1L unresectable malignant pleural mesothelioma; all-comers,1L unresectable malignant pleural mesothelioma; all-comers,,,vs 6.7 mo with chemo (primary analysis)
cancer-ici-response-estimates,ICI-fc34e216db-01,MESO,non-ICI,ORR,43,PMID:33485464,prior_locator_source_section,"Abstract, Findings",excluded_from_pooling;numeric_source_location_not_verified,R080,"First-line nivolumab plus ipilimumab in unresectable malignant pleural mesothelioma (CheckMate 743): a multicentre, randomised, open-label, phase 3 trial.",https://pubmed.ncbi.nlm.nih.gov/33485464/,https://pubmed.ncbi.nlm.nih.gov/33485464/,cited_reference_found,ICI-fc34e216db-01,https://pubmed.ncbi.nlm.nih.gov/33485464/,pubmed_abstract,302,,302,percent,reported_context,CheckMate-743 (chemo comparator arm),,1L unresectable MPM; platinum-pemetrexed chemotherapy arm,1L unresectable MPM; platinum-pemetrexed chemotherapy arm,,,BICR; ORR numerically higher than immunotherapy
cancer-ici-response-estimates,ICI-ec1c116e7f-01,MESO,non-ICI,PFS,7.2,PMID:33485464,prior_locator_source_section,"Abstract, Findings",numeric_source_location_not_verified,R080,"First-line nivolumab plus ipilimumab in unresectable malignant pleural mesothelioma (CheckMate 743): a multicentre, randomised, open-label, phase 3 trial.",https://pubmed.ncbi.nlm.nih.gov/33485464/,https://pubmed.ncbi.nlm.nih.gov/33485464/,cited_reference_found,ICI-ec1c116e7f-01,https://pubmed.ncbi.nlm.nih.gov/33485464/,pubmed_abstract,302,,302,months,reported_context,CheckMate-743 (chemo comparator arm),,1L unresectable MPM; platinum-pemetrexed chemotherapy arm,1L unresectable MPM; platinum-pemetrexed chemotherapy arm,,,
cancer-ici-response-estimates,ICI-d8b4271412-01,MESO,non-ICI,DOR,6.7,PMID:33485464,prior_locator_source_section,"Abstract, Findings",numeric_source_location_not_verified,R080,"First-line nivolumab plus ipilimumab in unresectable malignant pleural mesothelioma (CheckMate 743): a multicentre, randomised, open-label, phase 3 trial.",https://pubmed.ncbi.nlm.nih.gov/33485464/,https://pubmed.ncbi.nlm.nih.gov/33485464/,cited_reference_found,ICI-d8b4271412-01,https://pubmed.ncbi.nlm.nih.gov/33485464/,pubmed_abstract,,,302,months,reported_context,CheckMate-743 (chemo comparator arm),,1L unresectable MPM; platinum-pemetrexed chemotherapy arm,1L unresectable MPM; platinum-pemetrexed chemotherapy arm,,,
cancer-ici-response-estimates,ICI-a2b8ab3474-01,MESO,PD-1+CTLA-4,OS_RATE,23,PMID:33485464,prior_locator_source_section,"Abstract, Findings",numeric_source_location_not_verified,R080,"First-line nivolumab plus ipilimumab in unresectable malignant pleural mesothelioma (CheckMate 743): a multicentre, randomised, open-label, phase 3 trial.",https://pubmed.ncbi.nlm.nih.gov/33485464/,https://pubmed.ncbi.nlm.nih.gov/33485464/,cited_reference_found,ICI-a2b8ab3474-01,https://pubmed.ncbi.nlm.nih.gov/33485464/,pubmed_abstract,303,,303,rate_percent,reported,CheckMate-743 (3-year update),,"1L unresectable MPM; extended follow-up (later analysis, not in primary paper)","1L unresectable MPM; extended follow-up (later analysis, not in primary paper)",,,"3-yr OS vs 15% chemo; from later follow-up reports, not primary Baas 2021"
cancer-ici-response-estimates,ICI-334657565c-01,MESO,PD-1+CTLA-4,DOR,11.6,PMID:33485464,prior_locator_source_section,"Abstract, Findings",numeric_source_location_not_verified,R080,"First-line nivolumab plus ipilimumab in unresectable malignant pleural mesothelioma (CheckMate 743): a multicentre, randomised, open-label, phase 3 trial.",https://pubmed.ncbi.nlm.nih.gov/33485464/,https://pubmed.ncbi.nlm.nih.gov/33485464/,cited_reference_found,ICI-334657565c-01,https://pubmed.ncbi.nlm.nih.gov/33485464/,pubmed_abstract,,,303,months,reported,CheckMate-743 (3-year update),,"1L unresectable MPM; extended follow-up (later analysis, not in primary paper)","1L unresectable MPM; extended follow-up (later analysis, not in primary paper)",,,3-yr update value (slightly differs from 11.0 in primary)
cancer-ici-response-estimates,ICI-bc313ba925-01,MESO,PD-L1,DOR,15.2,PMID:30605211,prior_locator_source_section,"Abstract, Findings",numeric_source_location_not_verified,R058,Efficacy and Safety of Avelumab Treatment in Patients With Advanced Unresectable Mesothelioma: Phase 1b Results From the JAVELIN Solid Tumor Trial.,https://pubmed.ncbi.nlm.nih.gov/30605211/,https://pmc.ncbi.nlm.nih.gov/articles/PMC6439847/,cited_reference_found,ICI-bc313ba925-01,https://pmc.ncbi.nlm.nih.gov/articles/PMC6439847/,pmc_abstract,,,53,months,reported,JAVELIN Solid Tumor,NCT01772004,"2L+ unresectable mesothelioma, progressed after platinum+pemetrexed","2L+ unresectable mesothelioma, progressed after platinum+pemetrexed",,,95% CI 11.1 to not estimable; matches row note on durability
cancer-ici-response-estimates,ICI-94980ac18f-01,MM,PD-1,ORR,0,PMID:30937889,prior_locator_citation_only,,numeric_source_location_not_verified,R061,Phase 1b trial of pembrolizumab monotherapy for relapsed/refractory multiple myeloma: KEYNOTE-013.,https://pubmed.ncbi.nlm.nih.gov/30937889/,https://pubmed.ncbi.nlm.nih.gov/30937889/,cited_reference_found,ICI-94980ac18f-01,https://pubmed.ncbi.nlm.nih.gov/30937889/,pubmed_abstract,30,0,30,percent,reported,KEYNOTE-013,NCT01953692,relapsed/refractory multiple myeloma; >=2 prior lines incl. PI and IMiD; monotherapy,relapsed/refractory multiple myeloma; >=2 prior lines incl. PI and IMiD; monotherapy,,,no objective responses (0/30 enrolled and analyzed; row cites 0/27 which is incorrect). 95% CI 0.0-9.5 per ClinicalTrials.gov NCT01953692 results record. Monotherapy inactive; safe but ineffective
cancer-ici-response-estimates,ICI-a45ca3ed48-01,MM,PD-1,DCR,56.7,PMID:30937889,prior_locator_citation_only,,numeric_source_location_not_verified,R061,Phase 1b trial of pembrolizumab monotherapy for relapsed/refractory multiple myeloma: KEYNOTE-013.,https://pubmed.ncbi.nlm.nih.gov/30937889/,https://pubmed.ncbi.nlm.nih.gov/30937889/,cited_reference_found,ICI-a45ca3ed48-01,https://pubmed.ncbi.nlm.nih.gov/30937889/,pubmed_abstract,30,17,30,percent,reported,KEYNOTE-013,NCT01953692,relapsed/refractory multiple myeloma; >=2 prior lines incl. PI and IMiD; monotherapy,relapsed/refractory multiple myeloma; >=2 prior lines incl. PI and IMiD; monotherapy,,,best response = stable disease in 56.7% (17/30); no CR/PR
cancer-ici-response-estimates,ICI-0415d548a7-01,NEC_LUNG_LARGECELL,PD-1,ORR,29.4,PMID:34590004,prior_locator_located_unverified,Results > Efficacy of Nivolumab,numeric_source_location_not_verified,R086,Brief Report on the Efficacy of Nivolumab in Patients With Previously Treated Advanced Large-Cell Neuroendocrine Cancer of the Lung.,https://pubmed.ncbi.nlm.nih.gov/34590004/,https://pmc.ncbi.nlm.nih.gov/articles/PMC8474479/,cited_reference_found,ICI-0415d548a7-01,https://pmc.ncbi.nlm.nih.gov/articles/PMC8474479/,pmc_full_text,17,5,29,percent,reported,nivolumab pulmonary LCNEC series,,previously treated advanced pulmonary LCNEC; nivolumab monotherapy 2L+,previously treated advanced pulmonary LCNEC; nivolumab monotherapy 2L+,,,"lung LCNEC nivolumab mono ORR 29.4% (5/17; 95% CI 10.3-56.0), Agar JTO CRR 2021; replaces prior extrapulmonary high-grade NEN value that EXCLUDED lung LCNEC"
cancer-ici-response-estimates,ICI-460c94526d-01,NEN_EXTRAPULMONARY_HG,PD-1,CRR,0,DOI:10.1038/s41416-020-0775-0,prior_locator_source_section,"Abstract, Results",numeric_source_location_not_verified,R006,"Pembrolizumab monotherapy in patients with previously treated metastatic high-grade neuroendocrine neoplasms: joint analysis of two prospective, non-randomised trials.",https://doi.org/10.1038/s41416-020-0775-0,https://pmc.ncbi.nlm.nih.gov/articles/PMC7188798/,cited_reference_found,ICI-460c94526d-01,https://pmc.ncbi.nlm.nih.gov/articles/PMC7188798/,pmc_full_text,29,0,29,percent,reported,pooled high-grade NEN analysis,,previously treated metastatic high-grade NEN (extrapulmonary; lung G3 large/small cell & Merkel cell explicitly excluded),previously treated metastatic high-grade NEN (extrapulmonary; lung G3 large/small cell & Merkel cell explicitly excluded),,,No complete responses (verified)
cancer-ici-response-estimates,ICI-c01eb65fd7-01,NEN_EXTRAPULMONARY_HG,PD-1,DOR,13,DOI:10.1038/s41416-020-0775-0,prior_locator_source_section,"Abstract, Results",numeric_source_location_not_verified;small_denominator,R006,"Pembrolizumab monotherapy in patients with previously treated metastatic high-grade neuroendocrine neoplasms: joint analysis of two prospective, non-randomised trials.",https://doi.org/10.1038/s41416-020-0775-0,https://pmc.ncbi.nlm.nih.gov/articles/PMC7188798/,cited_reference_found,ICI-c01eb65fd7-01,https://pmc.ncbi.nlm.nih.gov/articles/PMC7188798/,pmc_full_text,1,,29,months,reported,pooled high-grade NEN analysis,,previously treated metastatic high-grade NEN (extrapulmonary; lung G3 large/small cell & Merkel cell explicitly excluded),previously treated metastatic high-grade NEN (extrapulmonary; lung G3 large/small cell & Merkel cell explicitly excluded),,,Ongoing response at 13 months for the single responder; n=1. Verified.
cancer-ici-response-estimates,ICI-60d4f8bbbc-01,NEC_LUNG_LARGECELL,PD-1+CTLA-4,CRR,3,DOI:10.1158/1078-0432.CCR-19-3356,prior_locator_not_verified,,numeric_source_location_not_verified,R010,A Phase II Basket Trial of Dual Anti–CTLA-4 and Anti–PD-1 Blockade in Rare Tumors (DART SWOG 1609) in Patients with Nonpancreatic Neuroendocrine Tumors,https://doi.org/10.1158/1078-0432.CCR-19-3356,https://pmc.ncbi.nlm.nih.gov/articles/PMC7231627/,cited_reference_found,ICI-60d4f8bbbc-01,https://pmc.ncbi.nlm.nih.gov/articles/PMC7231627/,pmc_full_text,32,1,32,percent,reported,DART SWOG S1609 (nonpancreatic NEN cohort),,advanced nonpancreatic neuroendocrine tumors (all grades; 56% high-grade),advanced nonpancreatic neuroendocrine tumors (all grades; 56% high-grade),,,1 CR
cancer-ici-response-estimates,ICI-b5215aa0e8-01,NEC_LUNG_LARGECELL,PD-1+CTLA-4,PFS,4,DOI:10.1158/1078-0432.CCR-19-3356,prior_locator_located_unverified,RESULTS > Outcomes,numeric_source_location_not_verified,R010,A Phase II Basket Trial of Dual Anti–CTLA-4 and Anti–PD-1 Blockade in Rare Tumors (DART SWOG 1609) in Patients with Nonpancreatic Neuroendocrine Tumors,https://doi.org/10.1158/1078-0432.CCR-19-3356,https://pmc.ncbi.nlm.nih.gov/articles/PMC7231627/,cited_reference_found,ICI-b5215aa0e8-01,https://pmc.ncbi.nlm.nih.gov/articles/PMC7231627/,pmc_full_text,32,,32,months,reported,DART SWOG S1609 (nonpancreatic NEN cohort),,advanced nonpancreatic neuroendocrine tumors (all grades; 56% high-grade),advanced nonpancreatic neuroendocrine tumors (all grades; 56% high-grade),,,Whole cohort
cancer-ici-response-estimates,ICI-738e4fb409-01,NEC_LUNG_LARGECELL,PD-1+CTLA-4,OS,11,DOI:10.1158/1078-0432.CCR-19-3356,prior_locator_located_unverified,RESULTS > Outcomes,numeric_source_location_not_verified,R010,A Phase II Basket Trial of Dual Anti–CTLA-4 and Anti–PD-1 Blockade in Rare Tumors (DART SWOG 1609) in Patients with Nonpancreatic Neuroendocrine Tumors,https://doi.org/10.1158/1078-0432.CCR-19-3356,https://pmc.ncbi.nlm.nih.gov/articles/PMC7231627/,cited_reference_found,ICI-738e4fb409-01,https://pmc.ncbi.nlm.nih.gov/articles/PMC7231627/,pmc_full_text,32,,32,months,reported,DART SWOG S1609 (nonpancreatic NEN cohort),,advanced nonpancreatic neuroendocrine tumors (all grades; 56% high-grade),advanced nonpancreatic neuroendocrine tumors (all grades; 56% high-grade),,,Whole cohort; CI upper bound not estimable
cancer-ici-response-estimates,ICI-0bf25b2b25-01,NEC_LUNG_LARGECELL,PD-1+CTLA-4,PFS_RATE,31,DOI:10.1158/1078-0432.CCR-19-3356,prior_locator_located_unverified,RESULTS > Outcomes,numeric_source_location_not_verified,R010,A Phase II Basket Trial of Dual Anti–CTLA-4 and Anti–PD-1 Blockade in Rare Tumors (DART SWOG 1609) in Patients with Nonpancreatic Neuroendocrine Tumors,https://doi.org/10.1158/1078-0432.CCR-19-3356,https://pmc.ncbi.nlm.nih.gov/articles/PMC7231627/,cited_reference_found,ICI-0bf25b2b25-01,https://pmc.ncbi.nlm.nih.gov/articles/PMC7231627/,pmc_full_text,32,,32,rate_percent,reported,DART SWOG S1609 (nonpancreatic NEN cohort),,advanced nonpancreatic neuroendocrine tumors (all grades; 56% high-grade),advanced nonpancreatic neuroendocrine tumors (all grades; 56% high-grade),,,6-month PFS
cancer-ici-response-estimates,ICI-e715592be4-01,NEC_LUNG_LARGECELL,PD-1+CTLA-4,ORR,26,PMID:33882143,prior_locator_verified,"Abstract; Results, Patient Characteristics",excluded_from_pooling;response_denominator_missing,R083,A phase II basket trial of Dual Anti-CTLA-4 and Anti-PD-1 Blockade in Rare Tumors (DART) SWOG S1609: High-grade neuroendocrine neoplasm cohort.,https://pubmed.ncbi.nlm.nih.gov/33882143/,https://pmc.ncbi.nlm.nih.gov/articles/PMC8606104/,cited_reference_found,ICI-e715592be4-01,https://pmc.ncbi.nlm.nih.gov/articles/PMC8606104/,pmc_full_text,,,,percent,reported_context,DART SWOG S1609 (dedicated high-grade NEN validation cohort),,advanced high-grade neuroendocrine neoplasm (dedicated prospective validation cohort),advanced high-grade neuroendocrine neoplasm (dedicated prospective validation cohort),,,"Pan-site high-grade NEN cohort, 5/19 (26%), including only one lung primary; cannot establish LCNEC-specific ORR. Correct source DOI10.1002/cncr.33591 replaces unresolved DOI10.1158/1078-0432.CCR-20-4729."
cancer-ici-response-estimates,ICI-ccdfa8d759-01,NEC_MERKEL,PD-L1,ORR,31.8,PMID:27592805,prior_locator_source_section,"Abstract, Findings",numeric_source_location_not_verified,R030,"Avelumab in patients with chemotherapy-refractory metastatic Merkel cell carcinoma: a multicentre, single-group, open-label, phase 2 trial.",https://pubmed.ncbi.nlm.nih.gov/27592805/,https://pmc.ncbi.nlm.nih.gov/articles/PMC5587154/,cited_reference_found,ICI-ccdfa8d759-01,https://pmc.ncbi.nlm.nih.gov/articles/PMC5587154/,pmc_full_text,88,28,88,percent,reported,JAVELIN Merkel 200,NCT02155647,2L+ chemotherapy-refractory metastatic Merkel cell carcinoma,2L+ chemotherapy-refractory metastatic Merkel cell carcinoma,,,8 CR + 20 PR
cancer-ici-response-estimates,ICI-99299f59bb-01,NEC_MERKEL,PD-L1,CRR,9.1,PMID:27592805,prior_locator_source_section,"Abstract, Findings",numeric_source_location_not_verified,R030,"Avelumab in patients with chemotherapy-refractory metastatic Merkel cell carcinoma: a multicentre, single-group, open-label, phase 2 trial.",https://pubmed.ncbi.nlm.nih.gov/27592805/,https://pmc.ncbi.nlm.nih.gov/articles/PMC5587154/,cited_reference_found,ICI-99299f59bb-01,https://pmc.ncbi.nlm.nih.gov/articles/PMC5587154/,pmc_full_text,88,8,88,percent,reported,JAVELIN Merkel 200,NCT02155647,2L+ chemotherapy-refractory metastatic Merkel cell carcinoma,2L+ chemotherapy-refractory metastatic Merkel cell carcinoma,,,8/88 complete responses
cancer-ici-response-estimates,ICI-e2e0c7bc2d-01,NPC,PD-1,CRR,0,PMID:28837405,prior_locator_source_section,Abstract,numeric_source_location_not_verified,R036,Safety and Antitumor Activity of Pembrolizumab in Patients With Programmed Death-Ligand 1-Positive Nasopharyngeal Carcinoma: Results of the KEYNOTE-028 Study.,https://pubmed.ncbi.nlm.nih.gov/28837405/,https://pubmed.ncbi.nlm.nih.gov/28837405/,cited_reference_found,ICI-e2e0c7bc2d-01,https://pubmed.ncbi.nlm.nih.gov/28837405/,pubmed_abstract,27,0,27,percent,reported,KEYNOTE-028,NCT02054806,"pretreated recurrent/metastatic NPC, PD-L1-positive (>=1% tumor cells or TILs)","pretreated recurrent/metastatic NPC, PD-L1-positive (>=1% tumor cells or TILs)",,,CONFIRMED: no CR; all 7 responses were PR
cancer-ici-response-estimates,ICI-49f4b7f6b3-01,NPC,PD-1,DCR,77.8,PMID:28837405,prior_locator_source_section,Abstract,numeric_source_location_not_verified,R036,Safety and Antitumor Activity of Pembrolizumab in Patients With Programmed Death-Ligand 1-Positive Nasopharyngeal Carcinoma: Results of the KEYNOTE-028 Study.,https://pubmed.ncbi.nlm.nih.gov/28837405/,https://pubmed.ncbi.nlm.nih.gov/28837405/,cited_reference_found,ICI-49f4b7f6b3-01,https://pubmed.ncbi.nlm.nih.gov/28837405/,pubmed_abstract,27,21,27,percent,reported,KEYNOTE-028,NCT02054806,"pretreated recurrent/metastatic NPC, PD-L1-positive (>=1% tumor cells or TILs)","pretreated recurrent/metastatic NPC, PD-L1-positive (>=1% tumor cells or TILs)",,,CONFIRMED: 7 PR + 14 SD = 21/27 = 77.8%
cancer-ici-response-estimates,ICI-afbed127c7-01,NPC,PD-1,PFS,5.6,PMID:28837405,prior_locator_not_verified,,numeric_source_location_not_verified,R036,Safety and Antitumor Activity of Pembrolizumab in Patients With Programmed Death-Ligand 1-Positive Nasopharyngeal Carcinoma: Results of the KEYNOTE-028 Study.,https://pubmed.ncbi.nlm.nih.gov/28837405/,https://pubmed.ncbi.nlm.nih.gov/28837405/,cited_reference_found,ICI-afbed127c7-01,https://pubmed.ncbi.nlm.nih.gov/28837405/,pubmed_abstract,27,,27,months,reported,KEYNOTE-028,NCT02054806,"pretreated recurrent/metastatic NPC, PD-L1-positive (>=1% tumor cells or TILs)","pretreated recurrent/metastatic NPC, PD-L1-positive (>=1% tumor cells or TILs)",,,"CORRECTED from 6.5 to 5.6: published median PFS 5.6 months (95% CI 3.6-11.0). Multiple secondary sources citing the JCO data (incl. KEYNOTE-122 protocol, Healio) confirm 5.6 mo; ASCO/Europe PMC full text were access-blocked but corroboration is consistent"
cancer-ici-response-estimates,ICI-d5996912bf-01,NPC,PD-1,PFS_RATE,49.7,PMID:28837405,prior_locator_not_verified,,numeric_source_location_not_verified,R036,Safety and Antitumor Activity of Pembrolizumab in Patients With Programmed Death-Ligand 1-Positive Nasopharyngeal Carcinoma: Results of the KEYNOTE-028 Study.,https://pubmed.ncbi.nlm.nih.gov/28837405/,https://pubmed.ncbi.nlm.nih.gov/28837405/,cited_reference_found,ICI-d5996912bf-01,https://pubmed.ncbi.nlm.nih.gov/28837405/,pubmed_abstract,27,,27,rate_percent,reported,KEYNOTE-028,NCT02054806,"pretreated recurrent/metastatic NPC, PD-L1-positive (>=1% tumor cells or TILs)","pretreated recurrent/metastatic NPC, PD-L1-positive (>=1% tumor cells or TILs)",,,6-month PFS rate 49.7% per published KEYNOTE-028 data
cancer-ici-response-estimates,ICI-83f29e3c08-01,NPC,PD-1,PFS_RATE,30.1,PMID:28837405,prior_locator_not_verified,,numeric_source_location_not_verified,R036,Safety and Antitumor Activity of Pembrolizumab in Patients With Programmed Death-Ligand 1-Positive Nasopharyngeal Carcinoma: Results of the KEYNOTE-028 Study.,https://pubmed.ncbi.nlm.nih.gov/28837405/,https://pubmed.ncbi.nlm.nih.gov/28837405/,cited_reference_found,ICI-83f29e3c08-01,https://pubmed.ncbi.nlm.nih.gov/28837405/,pubmed_abstract,27,,27,rate_percent,reported,KEYNOTE-028,NCT02054806,"pretreated recurrent/metastatic NPC, PD-L1-positive (>=1% tumor cells or TILs)","pretreated recurrent/metastatic NPC, PD-L1-positive (>=1% tumor cells or TILs)",,,12-month PFS rate 30.1% per published KEYNOTE-028 data (early press release gave 28.9% at earlier cutoff)
cancer-ici-response-estimates,ICI-c9c49d3d02-01,NPC,PD-1,OS_RATE,66.7,PMID:28837405,prior_locator_not_verified,,numeric_source_location_not_verified,R036,Safety and Antitumor Activity of Pembrolizumab in Patients With Programmed Death-Ligand 1-Positive Nasopharyngeal Carcinoma: Results of the KEYNOTE-028 Study.,https://pubmed.ncbi.nlm.nih.gov/28837405/,https://pubmed.ncbi.nlm.nih.gov/28837405/,cited_reference_found,ICI-c9c49d3d02-01,https://pubmed.ncbi.nlm.nih.gov/28837405/,pubmed_abstract,27,,27,rate_percent,reported,KEYNOTE-028,NCT02054806,"pretreated recurrent/metastatic NPC, PD-L1-positive (>=1% tumor cells or TILs)","pretreated recurrent/metastatic NPC, PD-L1-positive (>=1% tumor cells or TILs)",,,CORRECTED from 63 to 66.7: published 12-month OS rate 66.7% (6-month OS rate 85.2%)
cancer-ici-response-estimates,ICI-2c3303896a-01,NPC,PD-1,DOR,,PMID:28837405,audited_gap,,small_denominator,R036,Safety and Antitumor Activity of Pembrolizumab in Patients With Programmed Death-Ligand 1-Positive Nasopharyngeal Carcinoma: Results of the KEYNOTE-028 Study.,https://pubmed.ncbi.nlm.nih.gov/28837405/,https://pubmed.ncbi.nlm.nih.gov/28837405/,cited_reference_found,ICI-2c3303896a-01,https://pubmed.ncbi.nlm.nih.gov/28837405/,pubmed_abstract,7,,27,months,reported,KEYNOTE-028,NCT02054806,"pretreated recurrent/metastatic NPC, PD-L1-positive (>=1% tumor cells or TILs)","pretreated recurrent/metastatic NPC, PD-L1-positive (>=1% tumor cells or TILs)",,,The legacy median DOR could not be confirmed in the primary source; earlier conference and press materials report different values.
cancer-ici-response-estimates,ICI-d9b891ea7b-01,OV,PD-1,ORR,8,PMID:31046082,prior_locator_source_section,"Abstract, Results",numeric_source_location_not_verified,R063,Antitumor activity and safety of pembrolizumab in patients with advanced recurrent ovarian cancer: results from the phase II KEYNOTE-100 study.,https://pubmed.ncbi.nlm.nih.gov/31046082/,https://pubmed.ncbi.nlm.nih.gov/31046082/,cited_reference_found,ICI-d9b891ea7b-01,https://pubmed.ncbi.nlm.nih.gov/31046082/,pubmed_abstract,376,,376,percent,reported,KEYNOTE-100,NCT02674061,"recurrent ovarian cancer, all-comers (overall study)","recurrent ovarian cancer, all-comers (overall study)",,,overall single-agent ORR ~8% across both cohorts (285 cohort A + 91 cohort B); matches row; CI not reported in source
cancer-ici-response-estimates,ICI-c42fbc7316-01,OV,PD-1,ORR,4.1,PMID:31046082,prior_locator_verified,"Abstract, Results",response_denominator_missing,R063,Antitumor activity and safety of pembrolizumab in patients with advanced recurrent ovarian cancer: results from the phase II KEYNOTE-100 study.,https://pubmed.ncbi.nlm.nih.gov/31046082/,https://pubmed.ncbi.nlm.nih.gov/31046082/,cited_reference_found,ICI-c42fbc7316-01,https://pubmed.ncbi.nlm.nih.gov/31046082/,pubmed_abstract,,,,percent,reported,KEYNOTE-100 (PD-L1 CPS subgroups),,recurrent ovarian by PD-L1 CPS (confirmation set),recurrent ovarian by PD-L1 CPS (confirmation set),,,CPS <1 subgroup; confirmed
cancer-ici-response-estimates,ICI-24dc92c1d2-01,OV,PD-1,ORR,5.7,PMID:31046082,prior_locator_verified,"Abstract, Results",response_denominator_missing,R063,Antitumor activity and safety of pembrolizumab in patients with advanced recurrent ovarian cancer: results from the phase II KEYNOTE-100 study.,https://pubmed.ncbi.nlm.nih.gov/31046082/,https://pubmed.ncbi.nlm.nih.gov/31046082/,cited_reference_found,ICI-24dc92c1d2-01,https://pubmed.ncbi.nlm.nih.gov/31046082/,pubmed_abstract,,,,percent,reported,KEYNOTE-100 (PD-L1 CPS subgroups),,recurrent ovarian by PD-L1 CPS (confirmation set),recurrent ovarian by PD-L1 CPS (confirmation set),,,CPS >=1 subgroup; confirmed
cancer-ici-response-estimates,ICI-ff2a7114e3-01,OV,PD-1,ORR,10,PMID:31046082,prior_locator_source_section,"Abstract, Results",numeric_source_location_not_verified;response_denominator_missing,R063,Antitumor activity and safety of pembrolizumab in patients with advanced recurrent ovarian cancer: results from the phase II KEYNOTE-100 study.,https://pubmed.ncbi.nlm.nih.gov/31046082/,https://pubmed.ncbi.nlm.nih.gov/31046082/,cited_reference_found,ICI-ff2a7114e3-01,https://pubmed.ncbi.nlm.nih.gov/31046082/,pubmed_abstract,,,,percent,reported,KEYNOTE-100 (PD-L1 CPS subgroups),,recurrent ovarian by PD-L1 CPS (confirmation set),recurrent ovarian by PD-L1 CPS (confirmation set),,,CPS >=10 subgroup; higher PD-L1 = higher response; confirmed
cancer-ici-response-estimates,ICI-f39b833d2e-01,PAAD,PD-1,ORR,0,PMID:30557521,prior_locator_source_section,"Abstract, Results",numeric_source_location_not_verified,R057,"T-Cell-Inflamed Gene-Expression Profile, Programmed Death Ligand 1 Expression, and Tumor Mutational Burden Predict Efficacy in Patients Treated With Pembrolizumab Across 20 Cancers: KEYNOTE-028.",https://pubmed.ncbi.nlm.nih.gov/30557521/,https://pubmed.ncbi.nlm.nih.gov/30557521/,cited_reference_found,ICI-f39b833d2e-01,https://pubmed.ncbi.nlm.nih.gov/30557521/,pubmed_abstract,24,0,24,percent,reported,KEYNOTE-028,NCT02054806,"PD-L1-positive advanced pancreatic adenocarcinoma, pretreated","PD-L1-positive advanced pancreatic adenocarcinoma, pretreated",,,ORR 0% (0/24; 95% CI 0.0-14.2) in KEYNOTE-028 pancreatic cohort; rare MSI-H/dMMR PDAC is a biomarker-selected exception
cancer-ici-response-estimates,ICI-75483f30c4-01,PAAD,PD-1,ORR,18.2,PMID:31682550,prior_locator_source_section,"Abstract, RESULTS",numeric_source_location_not_verified,R070,Efficacy of Pembrolizumab in Patients With Noncolorectal High Microsatellite Instability/Mismatch Repair-Deficient Cancer: Results From the Phase II KEYNOTE-158 Study.,https://pubmed.ncbi.nlm.nih.gov/31682550/,https://pmc.ncbi.nlm.nih.gov/articles/PMC8184060/,cited_reference_found,ICI-75483f30c4-01,https://pmc.ncbi.nlm.nih.gov/articles/PMC8184060/,pmc_abstract,22,4,22,percent,reported,"KEYNOTE-158 (noncolorectal MSI-H/dMMR, pancreatic subgroup)",,previously treated MSI-H/dMMR pancreatic adenocarcinoma (biomarker-selected),previously treated MSI-H/dMMR pancreatic adenocarcinoma (biomarker-selected),,,4/22 (1 CR + 3 PR); confirmed Marabelle 2020
cancer-ici-response-estimates,ICI-f45b1f0a1b-01,PAAD,PD-1,PFS,2,PMID:31682550,prior_locator_located_unverified,"Abstract, RESULTS",numeric_source_location_not_verified,R070,Efficacy of Pembrolizumab in Patients With Noncolorectal High Microsatellite Instability/Mismatch Repair-Deficient Cancer: Results From the Phase II KEYNOTE-158 Study.,https://pubmed.ncbi.nlm.nih.gov/31682550/,https://pmc.ncbi.nlm.nih.gov/articles/PMC8184060/,cited_reference_found,ICI-f45b1f0a1b-01,https://pmc.ncbi.nlm.nih.gov/articles/PMC8184060/,pmc_abstract,22,,22,months,reported,"KEYNOTE-158 (noncolorectal MSI-H/dMMR, pancreatic subgroup)",,previously treated MSI-H/dMMR pancreatic adenocarcinoma (biomarker-selected),previously treated MSI-H/dMMR pancreatic adenocarcinoma (biomarker-selected),,,corrected from 2.1 to 2.0 (primary source)
cancer-ici-response-estimates,ICI-f36557e601-01,PAAD,PD-1,DOR,13.4,PMID:31682550,prior_locator_not_verified,,numeric_source_location_not_verified,R070,Efficacy of Pembrolizumab in Patients With Noncolorectal High Microsatellite Instability/Mismatch Repair-Deficient Cancer: Results From the Phase II KEYNOTE-158 Study.,https://pubmed.ncbi.nlm.nih.gov/31682550/,https://pmc.ncbi.nlm.nih.gov/articles/PMC8184060/,cited_reference_found,ICI-f36557e601-01,https://pmc.ncbi.nlm.nih.gov/articles/PMC8184060/,pmc_abstract,22,,22,months,reported,"KEYNOTE-158 (noncolorectal MSI-H/dMMR, pancreatic subgroup)",,previously treated MSI-H/dMMR pancreatic adenocarcinoma (biomarker-selected),previously treated MSI-H/dMMR pancreatic adenocarcinoma (biomarker-selected),,,median duration of response
cancer-ici-response-estimates,ICI-aa8e0e890b-01,PCPG,PD-1,PFS,5.7,DOI:10.3390/cancers12082307,prior_locator_source_section,Abstract,numeric_source_location_not_verified,R016,Phase II Clinical Trial of Pembrolizumab in Patients with Progressive Metastatic Pheochromocytomas and Paragangliomas.,https://doi.org/10.3390/cancers12082307,https://pmc.ncbi.nlm.nih.gov/articles/PMC7465458/,cited_reference_found,ICI-aa8e0e890b-01,https://pmc.ncbi.nlm.nih.gov/articles/PMC7465458/,pmc_full_text,11,,11,months,reported,pembrolizumab metastatic pheochromocytoma/paraganglioma phase II,NCT02721732,progressive metastatic pheochromocytoma/paraganglioma,progressive metastatic pheochromocytoma/paraganglioma,,,median PFS 5.7 months (95% CI 4.37-not reached) - confirmed exactly
cancer-ici-response-estimates,ICI-80526a3d45-01,PMBCL,PD-1,PFS_RATE,33,PMID:37130017,prior_locator_source_section,Abstract,numeric_source_location_not_verified,R097,Pembrolizumab in relapsed or refractory primary mediastinal large B-cell lymphoma: final analysis of KEYNOTE-170.,https://pubmed.ncbi.nlm.nih.gov/37130017/,https://pmc.ncbi.nlm.nih.gov/articles/PMC10651864/,cited_reference_found,ICI-80526a3d45-01,https://pmc.ncbi.nlm.nih.gov/articles/PMC10651864/,pmc_full_text,53,,53,rate_percent,reported,KEYNOTE-170,NCT02576990,relapsed/refractory primary mediastinal B-cell lymphoma (post or ineligible for ASCT),relapsed/refractory primary mediastinal B-cell lymphoma (post or ineligible for ASCT),,,4-year PFS rate
cancer-ici-response-estimates,ICI-f37d406872-01,READ,PD-1,ORR,2.0,,prior_locator_not_applicable,,excluded_from_pooling;no_direct_reference;numeric_source_location_not_verified;response_denominator_missing,,,,,no_direct_reference,ICI-f37d406872-01,,missing_citation,,,,percent,derived_blend,KEYNOTE-177,NCT02563002,all-comers (MMR-dependent),all-comers (MMR-dependent),,,prevalence-weighted blend of CRC_MSI source-scope ORR (43.8%) + READ_MSS (0%) at rectal dMMR prevalence ~4.5% (range 3-5%); not a single-trial value; 0.045*43.8 = ~2%
cancer-ici-response-estimates,ICI-d4b9ddceed-01,SARC_ANGIO,PD-1+CTLA-4,CRR,6.25,PMID:34380663,prior_locator_source_section,"Abstract, Results",numeric_source_location_not_verified,R085,"Multicenter phase II trial (SWOG S1609, cohort 51) of ipilimumab and nivolumab in metastatic or unresectable angiosarcoma: a substudy of dual anti-CTLA-4 and anti-PD-1 blockade in rare tumors (DART).",https://pubmed.ncbi.nlm.nih.gov/34380663/,https://pmc.ncbi.nlm.nih.gov/articles/PMC8330584/,cited_reference_found,ICI-d4b9ddceed-01,https://pmc.ncbi.nlm.nih.gov/articles/PMC8330584/,pmc_full_text,16,1,16,percent,reported,DART/SWOG S1609,NCT02834013,"metastatic/unresectable angiosarcoma (all sites, evaluable)","metastatic/unresectable angiosarcoma (all sites, evaluable)",,,1 complete response (paper reports as 6%)
cancer-ici-response-estimates,ICI-ca26aa02c1-01,SARC_ANGIO,PD-1+CTLA-4,DOR,,PMID:34380663,audited_gap,"Abstract, Results",small_denominator,R085,"Multicenter phase II trial (SWOG S1609, cohort 51) of ipilimumab and nivolumab in metastatic or unresectable angiosarcoma: a substudy of dual anti-CTLA-4 and anti-PD-1 blockade in rare tumors (DART).",https://pubmed.ncbi.nlm.nih.gov/34380663/,https://pmc.ncbi.nlm.nih.gov/articles/PMC8330584/,cited_reference_found,ICI-ca26aa02c1-01,https://pmc.ncbi.nlm.nih.gov/articles/PMC8330584/,pmc_full_text,4,,16,months,reported,DART/SWOG S1609,NCT02834013,"metastatic/unresectable angiosarcoma (all sites, evaluable)","metastatic/unresectable angiosarcoma (all sites, evaluable)",,,"The source reports individual response durations of 5, 7, 12+, and 13+ months, not a cohort median DOR."
cancer-ici-response-estimates,ICI-31cd333339-01,SARC_ANGIO,PD-1+CTLA-4,ORR,60,PMID:34380663,prior_locator_verified,Results > Outcomes,small_denominator,R085,"Multicenter phase II trial (SWOG S1609, cohort 51) of ipilimumab and nivolumab in metastatic or unresectable angiosarcoma: a substudy of dual anti-CTLA-4 and anti-PD-1 blockade in rare tumors (DART).",https://pubmed.ncbi.nlm.nih.gov/34380663/,https://pmc.ncbi.nlm.nih.gov/articles/PMC8330584/,cited_reference_found,ICI-31cd333339-01,https://pmc.ncbi.nlm.nih.gov/articles/PMC8330584/,pmc_full_text,5,3,5,percent,reported,DART/SWOG S1609 cohort 51 (cutaneous scalp/face subgroup),,cutaneous angiosarcoma of scalp/face subgroup,cutaneous angiosarcoma of scalp/face subgroup,,,"3/5 confirmed objective responses; cutaneous scalp/face subgroup, very small n"
cancer-ici-response-estimates,ICI-68f695eab6-01,SARC_ASPS,PD-L1,ORR,37,PMID:37672694,prior_locator_source_section,"Abstract, RESULTS",numeric_source_location_not_verified,R099,Atezolizumab for Advanced Alveolar Soft Part Sarcoma.,https://pubmed.ncbi.nlm.nih.gov/37672694/,https://pmc.ncbi.nlm.nih.gov/articles/PMC10729808/,cited_reference_found,ICI-68f695eab6-01,https://pmc.ncbi.nlm.nih.gov/articles/PMC10729808/,pmc_full_text,52,19,52,percent,reported,atezolizumab alveolar soft part sarcoma phase 2,NCT03141684,"advanced/metastatic alveolar soft part sarcoma (ASPS), single-arm phase 2","advanced/metastatic alveolar soft part sarcoma (ASPS), single-arm phase 2",,,"19/52; 1 CR + 18 PR; RECIST v1.1. ORR percent, CR, PR confirmed verbatim from PubMed abstract. 95% CI 24-51 not in abstract but consistent with FDA long-term analysis ORR 35.8% [95% CI 23.1-50.2]."
cancer-ici-response-estimates,ICI-ac6660f176-01,SARC_ASPS,PD-L1,CRR,1.9,PMID:37672694,prior_locator_source_section,"Abstract, RESULTS",numeric_source_location_not_verified,R099,Atezolizumab for Advanced Alveolar Soft Part Sarcoma.,https://pubmed.ncbi.nlm.nih.gov/37672694/,https://pmc.ncbi.nlm.nih.gov/articles/PMC10729808/,cited_reference_found,ICI-ac6660f176-01,https://pmc.ncbi.nlm.nih.gov/articles/PMC10729808/,pmc_full_text,52,1,52,percent,reported,atezolizumab alveolar soft part sarcoma phase 2,NCT03141684,"advanced/metastatic alveolar soft part sarcoma (ASPS), single-arm phase 2","advanced/metastatic alveolar soft part sarcoma (ASPS), single-arm phase 2",,,1 complete response; confirmed (1/52 = 1.9%)
cancer-ici-response-estimates,ICI-0c6031d882-01,SARC_ASPS,PD-L1,TUMOR_SHRINKAGE,-66.2,PMID:37672694,prior_locator_not_verified,,numeric_source_location_not_verified,R099,Atezolizumab for Advanced Alveolar Soft Part Sarcoma.,https://pubmed.ncbi.nlm.nih.gov/37672694/,https://pmc.ncbi.nlm.nih.gov/articles/PMC10729808/,cited_reference_found,ICI-0c6031d882-01,https://pmc.ncbi.nlm.nih.gov/articles/PMC10729808/,pmc_full_text,52,,52,percent,reported,atezolizumab alveolar soft part sarcoma phase 2,NCT03141684,"advanced/metastatic alveolar soft part sarcoma (ASPS), single-arm phase 2","advanced/metastatic alveolar soft part sarcoma (ASPS), single-arm phase 2",,,"median best change from baseline in tumor size; range -36.6% to -100%. From ASCO Post full-text summary; not in abstract, not independently re-confirmed from primary text."
cancer-ici-response-estimates,ICI-c813ebc19a-01,SARC_CHON,PD-1,ORR,20,PMID:28988646,prior_locator_verified,RESULTS,small_denominator,R039,"Pembrolizumab in advanced soft-tissue sarcoma and bone sarcoma (SARC028): a multicentre, two-cohort, single-arm, open-label, phase 2 trial.",https://pubmed.ncbi.nlm.nih.gov/28988646/,https://pmc.ncbi.nlm.nih.gov/articles/PMC7939029/,cited_reference_found,ICI-c813ebc19a-01,https://pmc.ncbi.nlm.nih.gov/articles/PMC7939029/,pmc_full_text,5,1,5,percent,reported,SARC028,NCT02301039,advanced chondrosarcoma subgroup within bone sarcoma cohort,advanced chondrosarcoma subgroup within bone sarcoma cohort,,,"chondrosarcoma 1/5 deep PR (>50% reduction), SARC028 bone cohort; tiny n"
cancer-ici-response-estimates,ICI-9e0fec3287-01,SARC_CHON,PD-1,CRR,0,PMID:28988646,prior_locator_source_section,"Abstract, Findings:",numeric_source_location_not_verified;small_denominator,R039,"Pembrolizumab in advanced soft-tissue sarcoma and bone sarcoma (SARC028): a multicentre, two-cohort, single-arm, open-label, phase 2 trial.",https://pubmed.ncbi.nlm.nih.gov/28988646/,https://pmc.ncbi.nlm.nih.gov/articles/PMC7939029/,cited_reference_found,ICI-9e0fec3287-01,https://pmc.ncbi.nlm.nih.gov/articles/PMC7939029/,pmc_full_text,5,0,5,percent,reported,SARC028,NCT02301039,advanced chondrosarcoma subgroup within bone sarcoma cohort,advanced chondrosarcoma subgroup within bone sarcoma cohort,,,no complete responses; the single response was a PR
cancer-ici-response-estimates,ICI-9d9b2a4f31-01,SARC_CHOR,PD-1,CRR,0,PMID:37429302,prior_locator_source_section,"Abstract, Findings",numeric_source_location_not_verified,R098,"Pembrolizumab in patients with rare and ultra-rare sarcomas (AcSé Pembrolizumab): analysis of a subgroup from a non-randomised, open-label, phase 2, basket trial.",https://pubmed.ncbi.nlm.nih.gov/37429302/,https://pubmed.ncbi.nlm.nih.gov/37429302/,cited_reference_found,ICI-9d9b2a4f31-01,https://pubmed.ncbi.nlm.nih.gov/37429302/,pubmed_abstract,34,0,34,percent,reported,AcSe Pembrolizumab,NCT03012620,advanced chordoma subgroup,advanced chordoma subgroup,,,no complete responses in chordoma subgroup; confirmed
cancer-ici-response-estimates,ICI-0643a1207d-01,SARC_CHOR,PD-1,DCR,83,PMID:37429302,prior_locator_source_section,"Abstract, Findings",numeric_source_location_not_verified;response_denominator_missing,R098,"Pembrolizumab in patients with rare and ultra-rare sarcomas (AcSé Pembrolizumab): analysis of a subgroup from a non-randomised, open-label, phase 2, basket trial.",https://pubmed.ncbi.nlm.nih.gov/37429302/,https://pubmed.ncbi.nlm.nih.gov/37429302/,cited_reference_found,ICI-0643a1207d-01,https://pubmed.ncbi.nlm.nih.gov/37429302/,pubmed_abstract,,,34,percent,computed_from_counts,AcSe Pembrolizumab,NCT03012620,advanced chordoma subgroup,advanced chordoma subgroup,,,PR 12% + SD 71% = ~83% disease control (PD 18%); confirmed via secondary sources
cancer-ici-response-estimates,ICI-c22314cfc5-01,SARC_CHOR,PD-1,PFS,6.6,PMID:37429302,prior_locator_source_section,"Abstract, Findings",numeric_source_location_not_verified,R098,"Pembrolizumab in patients with rare and ultra-rare sarcomas (AcSé Pembrolizumab): analysis of a subgroup from a non-randomised, open-label, phase 2, basket trial.",https://pubmed.ncbi.nlm.nih.gov/37429302/,https://pubmed.ncbi.nlm.nih.gov/37429302/,cited_reference_found,ICI-c22314cfc5-01,https://pubmed.ncbi.nlm.nih.gov/37429302/,pubmed_abstract,34,,34,months,reported,AcSe Pembrolizumab,NCT03012620,advanced chordoma subgroup,advanced chordoma subgroup,,,"median PFS chordoma subgroup, 6.6 mo (confirmed in multiple secondary sources; one source reported 6.1 mo 95% CI 4.6-11.5, possibly different cutoff)"
cancer-ici-response-estimates,ICI-a95ee422da-01,SARC_CHOR,PD-1,PFS_RATE,31.2,PMID:37429302,prior_locator_source_section,"Abstract, Findings",numeric_source_location_not_verified,R098,"Pembrolizumab in patients with rare and ultra-rare sarcomas (AcSé Pembrolizumab): analysis of a subgroup from a non-randomised, open-label, phase 2, basket trial.",https://pubmed.ncbi.nlm.nih.gov/37429302/,https://pubmed.ncbi.nlm.nih.gov/37429302/,cited_reference_found,ICI-a95ee422da-01,https://pubmed.ncbi.nlm.nih.gov/37429302/,pubmed_abstract,34,,34,rate_percent,reported,AcSe Pembrolizumab,NCT03012620,advanced chordoma subgroup,advanced chordoma subgroup,,,1-year PFS rate 31.2% chordoma; confirmed
cancer-ici-response-estimates,ICI-20f6937be0-01,SARC_CHOR,PD-1,OS_RATE,76.6,PMID:37429302,prior_locator_source_section,"Abstract, Findings",numeric_source_location_not_verified,R098,"Pembrolizumab in patients with rare and ultra-rare sarcomas (AcSé Pembrolizumab): analysis of a subgroup from a non-randomised, open-label, phase 2, basket trial.",https://pubmed.ncbi.nlm.nih.gov/37429302/,https://pubmed.ncbi.nlm.nih.gov/37429302/,cited_reference_found,ICI-20f6937be0-01,https://pubmed.ncbi.nlm.nih.gov/37429302/,pubmed_abstract,34,,34,rate_percent,reported,AcSe Pembrolizumab,NCT03012620,advanced chordoma subgroup,advanced chordoma subgroup,,,1-year OS rate 76.6% chordoma; confirmed (6-month OS rate ~75%)
cancer-ici-response-estimates,ICI-a44c21bbe4-01,SARC_CHOR,PD-1,ORR,6.2,PMID:37429302,prior_locator_source_section,"Abstract, Findings",numeric_source_location_not_verified,R098,"Pembrolizumab in patients with rare and ultra-rare sarcomas (AcSé Pembrolizumab): analysis of a subgroup from a non-randomised, open-label, phase 2, basket trial.",https://pubmed.ncbi.nlm.nih.gov/37429302/,https://pubmed.ncbi.nlm.nih.gov/37429302/,cited_reference_found,ICI-a44c21bbe4-01,https://pubmed.ncbi.nlm.nih.gov/37429302/,pubmed_abstract,97,6,97,percent,reported,AcSé Pembrolizumab,NCT03012620,overall rare/ultra-rare sarcoma cohort (all histotypes),overall rare/ultra-rare sarcoma cohort (all histotypes),,,"primary endpoint: week-12 ORR 6.2% (95% CI 2.3-13.0), 0 CR + 6 PR across 97 treated patients; confirmed"
cancer-ici-response-estimates,ICI-07b7aa4086-01,SARC_CHOR,PD-1,PFS,2.8,PMID:37429302,prior_locator_source_section,"Abstract, Findings",numeric_source_location_not_verified,R098,"Pembrolizumab in patients with rare and ultra-rare sarcomas (AcSé Pembrolizumab): analysis of a subgroup from a non-randomised, open-label, phase 2, basket trial.",https://pubmed.ncbi.nlm.nih.gov/37429302/,https://pubmed.ncbi.nlm.nih.gov/37429302/,cited_reference_found,ICI-07b7aa4086-01,https://pubmed.ncbi.nlm.nih.gov/37429302/,pubmed_abstract,97,,97,months,reported,AcSé Pembrolizumab,NCT03012620,overall rare/ultra-rare sarcoma cohort (all histotypes),overall rare/ultra-rare sarcoma cohort (all histotypes),,,median PFS whole cohort 2.8 mo (also reported 2.75); confirmed
cancer-ici-response-estimates,ICI-55894ec561-01,SARC_CHOR,PD-1,OS,19.7,PMID:37429302,prior_locator_source_section,"Abstract, Findings",numeric_source_location_not_verified,R098,"Pembrolizumab in patients with rare and ultra-rare sarcomas (AcSé Pembrolizumab): analysis of a subgroup from a non-randomised, open-label, phase 2, basket trial.",https://pubmed.ncbi.nlm.nih.gov/37429302/,https://pubmed.ncbi.nlm.nih.gov/37429302/,cited_reference_found,ICI-55894ec561-01,https://pubmed.ncbi.nlm.nih.gov/37429302/,pubmed_abstract,97,,97,months,reported,AcSé Pembrolizumab,NCT03012620,overall rare/ultra-rare sarcoma cohort (all histotypes),overall rare/ultra-rare sarcoma cohort (all histotypes),,,median OS whole cohort 19.7 mo; confirmed
cancer-ici-response-estimates,ICI-8a975a40d8-01,SARC_DDLPS,PD-1,ORR,10,DOI:10.1200/JCO.2019.37.15_suppl.11015,prior_locator_citation_only,,numeric_source_location_not_verified,R013,Clinical activity of pembrolizumab (P) in undifferentiated pleomorphic sarcoma (UPS) and dedifferentiated/pleomorphic liposarcoma (LPS): Final results of SARC028 expansion cohorts.,https://ascopubs.org/doi/10.1200/JCO.2019.37.15_suppl.11015,https://doi.org/10.1200/JCO.2019.37.15_suppl.11015,cited_reference_found,ICI-8a975a40d8-01,https://doi.org/10.1200/JCO.2019.37.15_suppl.11015,doi_record,39,4,40,percent,reported,SARC028 expansion cohorts,NCT02301039,"advanced/metastatic dedifferentiated or pleomorphic liposarcoma (LPS), final expansion cohort","advanced/metastatic dedifferentiated or pleomorphic liposarcoma (LPS), final expansion cohort",,,LPS final expansion ORR 10% (4/39 evaluable; 40 enrolled); total 4 PR; did not meet predefined activity threshold
cancer-ici-response-estimates,ICI-9a6eed08d9-01,SARC_DDLPS,PD-1,CRR,0,DOI:10.1200/JCO.2019.37.15_suppl.11015,prior_locator_citation_only,,numeric_source_location_not_verified,R013,Clinical activity of pembrolizumab (P) in undifferentiated pleomorphic sarcoma (UPS) and dedifferentiated/pleomorphic liposarcoma (LPS): Final results of SARC028 expansion cohorts.,https://ascopubs.org/doi/10.1200/JCO.2019.37.15_suppl.11015,https://doi.org/10.1200/JCO.2019.37.15_suppl.11015,cited_reference_found,ICI-9a6eed08d9-01,https://doi.org/10.1200/JCO.2019.37.15_suppl.11015,doi_record,39,0,40,percent,reported,SARC028 expansion cohorts,NCT02301039,"advanced/metastatic dedifferentiated or pleomorphic liposarcoma (LPS), final expansion cohort","advanced/metastatic dedifferentiated or pleomorphic liposarcoma (LPS), final expansion cohort",,,LPS final expansion had 4 PR and no CR in the ASCO abstract response breakdown
cancer-ici-response-estimates,ICI-8a35e54935-01,SARC_DDLPS,PD-1,PFS,2,DOI:10.1200/JCO.2019.37.15_suppl.11015,prior_locator_citation_only,,numeric_source_location_not_verified,R013,Clinical activity of pembrolizumab (P) in undifferentiated pleomorphic sarcoma (UPS) and dedifferentiated/pleomorphic liposarcoma (LPS): Final results of SARC028 expansion cohorts.,https://ascopubs.org/doi/10.1200/JCO.2019.37.15_suppl.11015,https://doi.org/10.1200/JCO.2019.37.15_suppl.11015,cited_reference_found,ICI-8a35e54935-01,https://doi.org/10.1200/JCO.2019.37.15_suppl.11015,doi_record,40,,40,months,reported,SARC028 expansion cohorts,NCT02301039,"advanced/metastatic dedifferentiated or pleomorphic liposarcoma (LPS), final expansion cohort","advanced/metastatic dedifferentiated or pleomorphic liposarcoma (LPS), final expansion cohort",,,Median PFS 2 months (95% CI 2-4) in LPS final expansion cohort
cancer-ici-response-estimates,ICI-57d61767e6-01,SARC_DDLPS,PD-1,PFS_RATE,44,DOI:10.1200/JCO.2019.37.15_suppl.11015,prior_locator_citation_only,,numeric_source_location_not_verified,R013,Clinical activity of pembrolizumab (P) in undifferentiated pleomorphic sarcoma (UPS) and dedifferentiated/pleomorphic liposarcoma (LPS): Final results of SARC028 expansion cohorts.,https://ascopubs.org/doi/10.1200/JCO.2019.37.15_suppl.11015,https://doi.org/10.1200/JCO.2019.37.15_suppl.11015,cited_reference_found,ICI-57d61767e6-01,https://doi.org/10.1200/JCO.2019.37.15_suppl.11015,doi_record,40,,40,rate_percent,reported,SARC028 expansion cohorts,NCT02301039,"advanced/metastatic dedifferentiated or pleomorphic liposarcoma (LPS), final expansion cohort","advanced/metastatic dedifferentiated or pleomorphic liposarcoma (LPS), final expansion cohort",,,12-week PFS rate 44% (95% CI 28-60) in LPS final expansion cohort
cancer-ici-response-estimates,ICI-6c88fa7795-01,SARC_DDLPS,PD-1,OS,13,DOI:10.1200/JCO.2019.37.15_suppl.11015,prior_locator_citation_only,,numeric_source_location_not_verified,R013,Clinical activity of pembrolizumab (P) in undifferentiated pleomorphic sarcoma (UPS) and dedifferentiated/pleomorphic liposarcoma (LPS): Final results of SARC028 expansion cohorts.,https://ascopubs.org/doi/10.1200/JCO.2019.37.15_suppl.11015,https://doi.org/10.1200/JCO.2019.37.15_suppl.11015,cited_reference_found,ICI-6c88fa7795-01,https://doi.org/10.1200/JCO.2019.37.15_suppl.11015,doi_record,40,,40,months,reported,SARC028 expansion cohorts,NCT02301039,"advanced/metastatic dedifferentiated or pleomorphic liposarcoma (LPS), final expansion cohort","advanced/metastatic dedifferentiated or pleomorphic liposarcoma (LPS), final expansion cohort",,,Median OS 13 months (95% CI 8-NR) in LPS final expansion cohort
cancer-ici-response-estimates,ICI-c2623b060c-01,SARC_DDLPS,PD-1,CRR,2.5,PMID:28988646,prior_locator_source_section,"Abstract, Findings:",excluded_from_pooling;numeric_source_location_not_verified,R039,"Pembrolizumab in advanced soft-tissue sarcoma and bone sarcoma (SARC028): a multicentre, two-cohort, single-arm, open-label, phase 2 trial.",https://pubmed.ncbi.nlm.nih.gov/28988646/,https://pmc.ncbi.nlm.nih.gov/articles/PMC7939029/,cited_reference_found,ICI-c2623b060c-01,https://pmc.ncbi.nlm.nih.gov/articles/PMC7939029/,pmc_full_text,40,1,40,percent,reported_context,SARC028,,"overall soft-tissue sarcoma cohort (all 4 STS subtypes), 2L+; context only for DDLPS","overall soft-tissue sarcoma cohort (all 4 STS subtypes), 2L+; context only for DDLPS",,,One CR in the whole STS cohort was in a UPS patient; contextual comparator excluded from DDLPS pooling
cancer-ici-response-estimates,ICI-39a714d8c2-01,SARC_DDLPS,PD-1,DOR,33,PMID:28988646,prior_locator_verified,RESULTS,small_denominator,R039,"Pembrolizumab in advanced soft-tissue sarcoma and bone sarcoma (SARC028): a multicentre, two-cohort, single-arm, open-label, phase 2 trial.",https://pubmed.ncbi.nlm.nih.gov/28988646/,https://pmc.ncbi.nlm.nih.gov/articles/PMC7939029/,cited_reference_found,ICI-39a714d8c2-01,https://pmc.ncbi.nlm.nih.gov/articles/PMC7939029/,pmc_full_text,7,,40,weeks,reported_context,SARC028,,"overall soft-tissue sarcoma cohort (all 4 STS subtypes), 2L+; context only for DDLPS","overall soft-tissue sarcoma cohort (all 4 STS subtypes), 2L+; context only for DDLPS",,,Whole STS cohort median DOR 33 weeks (IQR 23-49); contextual comparator excluded from DDLPS pooling
cancer-ici-response-estimates,ICI-c21f2242ff-01,SARC_DSRCT,PD-1,ORR,12.5,PMID:37429302,prior_locator_source_section,"Abstract, Findings",numeric_source_location_not_verified;small_denominator,R098,"Pembrolizumab in patients with rare and ultra-rare sarcomas (AcSé Pembrolizumab): analysis of a subgroup from a non-randomised, open-label, phase 2, basket trial.",https://pubmed.ncbi.nlm.nih.gov/37429302/,https://pubmed.ncbi.nlm.nih.gov/37429302/,cited_reference_found,ICI-c21f2242ff-01,https://pubmed.ncbi.nlm.nih.gov/37429302/,pubmed_abstract,8,1,8,percent,reported,AcSe Pembrolizumab,NCT03012620,advanced desmoplastic small round cell tumor (DSRCT) subgroup,advanced desmoplastic small round cell tumor (DSRCT) subgroup,,,1 PR; paper/ASCO Post round to 13%; no CR
cancer-ici-response-estimates,ICI-def38304ee-01,SARC_DSRCT,PD-1,CRR,0,PMID:37429302,prior_locator_source_section,"Abstract, Findings",numeric_source_location_not_verified;small_denominator,R098,"Pembrolizumab in patients with rare and ultra-rare sarcomas (AcSé Pembrolizumab): analysis of a subgroup from a non-randomised, open-label, phase 2, basket trial.",https://pubmed.ncbi.nlm.nih.gov/37429302/,https://pubmed.ncbi.nlm.nih.gov/37429302/,cited_reference_found,ICI-def38304ee-01,https://pubmed.ncbi.nlm.nih.gov/37429302/,pubmed_abstract,8,0,8,percent,reported,AcSe Pembrolizumab,NCT03012620,advanced desmoplastic small round cell tumor (DSRCT) subgroup,advanced desmoplastic small round cell tumor (DSRCT) subgroup,,,no complete responses in DSRCT
cancer-ici-response-estimates,ICI-a2e719caec-01,SARC_EPITH,PD-1,ORR,16.7,PMID:37429302,prior_locator_source_section,"Abstract, Findings",numeric_source_location_not_verified;small_denominator,R098,"Pembrolizumab in patients with rare and ultra-rare sarcomas (AcSé Pembrolizumab): analysis of a subgroup from a non-randomised, open-label, phase 2, basket trial.",https://pubmed.ncbi.nlm.nih.gov/37429302/,https://pubmed.ncbi.nlm.nih.gov/37429302/,cited_reference_found,ICI-a2e719caec-01,https://pubmed.ncbi.nlm.nih.gov/37429302/,pubmed_abstract,6,1,6,percent,reported,AcSe Pembrolizumab,NCT03012620,advanced epithelioid sarcoma subgroup,advanced epithelioid sarcoma subgroup,,,"1 responder; paper rounds to 17%; response is a PR (abstract states NO complete responses in the whole cohort, so the single ES response cannot be a CR; secondary-source CR claims are erroneous)"
cancer-ici-response-estimates,ICI-ab0d19608c-01,SARC_EWS,PD-1,ORR,20,PMID:28988646,prior_locator_verified,RESULTS,small_denominator,R039,"Pembrolizumab in advanced soft-tissue sarcoma and bone sarcoma (SARC028): a multicentre, two-cohort, single-arm, open-label, phase 2 trial.",https://pubmed.ncbi.nlm.nih.gov/28988646/,https://pmc.ncbi.nlm.nih.gov/articles/PMC7939029/,cited_reference_found,ICI-ab0d19608c-01,https://pmc.ncbi.nlm.nih.gov/articles/PMC7939029/,pmc_full_text,5,1,5,percent,reported,SARC028,,dedifferentiated chondrosarcoma (bone cohort subset),dedifferentiated chondrosarcoma (bone cohort subset),,,1/5 chondrosarcoma (20%); tiny n. Confirmed.
cancer-ici-response-estimates,ICI-c5a846763f-01,SARC_GIST,PD-1,ORR,0,PMID:39343511,prior_locator_source_section,"Abstract, Results",numeric_source_location_not_verified;small_denominator,R102,"A multicenter, randomized, non-comparative, phase II study of nivolumab ± ipilimumab for patients with metastatic sarcoma (Alliance A091401): expansion cohorts and correlative analyses.",https://pubmed.ncbi.nlm.nih.gov/39343511/,https://pmc.ncbi.nlm.nih.gov/articles/PMC11440204/,cited_reference_found,ICI-c5a846763f-01,https://pmc.ncbi.nlm.nih.gov/articles/PMC11440204/,pmc_full_text,9,0,9,percent,reported,Alliance A091401,NCT02500797,"advanced/metastatic GIST, nivolumab monotherapy arm (expansion cohort)","advanced/metastatic GIST, nivolumab monotherapy arm (expansion cohort)",,,0/9 confirmed responses (no CR/PR) in GIST nivolumab arm. Per-arm n=9 is the primary-endpoint-evaluable count reported directly in PMID:39343511 (21 GIST randomized: 10 N / 11 N+I; first 9 evaluable per arm analyzed). Enrollment halted early after no response in first 9 evaluable per arm.
cancer-ici-response-estimates,ICI-3ce1bd36b9-01,SARC_GIST,PD-1+CTLA-4,ORR,0,PMID:39343511,prior_locator_source_section,"Abstract, Results",numeric_source_location_not_verified;small_denominator,R102,"A multicenter, randomized, non-comparative, phase II study of nivolumab ± ipilimumab for patients with metastatic sarcoma (Alliance A091401): expansion cohorts and correlative analyses.",https://pubmed.ncbi.nlm.nih.gov/39343511/,https://pmc.ncbi.nlm.nih.gov/articles/PMC11440204/,cited_reference_found,ICI-3ce1bd36b9-01,https://pmc.ncbi.nlm.nih.gov/articles/PMC11440204/,pmc_full_text,9,0,9,percent,reported,Alliance A091401,,"advanced/metastatic GIST, nivolumab+ipilimumab arm (expansion cohort)","advanced/metastatic GIST, nivolumab+ipilimumab arm (expansion cohort)",,,0/9 confirmed responses (no CR/PR) in GIST nivo+ipi arm. 11 GIST patients randomized to N+I; primary endpoint evaluated on first 9 evaluable. Enrollment halted per protocol (higher TRAE with N+I).
cancer-ici-response-estimates,ICI-08a3707108-01,SARC_KS,PD-1,ORR,87.5,PMID:39356983,prior_locator_verified,"Abstract, RESULTS:",small_denominator,R103,Cancer Immunotherapy Trials Network 12: Pembrolizumab in HIV-Associated Kaposi Sarcoma.,https://pubmed.ncbi.nlm.nih.gov/39356983/,https://pmc.ncbi.nlm.nih.gov/articles/PMC11779594/,cited_reference_found,ICI-08a3707108-01,https://pmc.ncbi.nlm.nih.gov/articles/PMC11779594/,pmc_full_text,8,7,8,percent,reported,CITN-12,NCT02595866,"HIV-associated Kaposi sarcoma, treatment-naive subgroup","HIV-associated Kaposi sarcoma, treatment-naive subgroup",,,"treatment-naive subset; 7/8 responders (87.5% x 8 = 7, internally consistent); tiny n"
cancer-ici-response-estimates,ICI-5def647922-01,SARC_LMS,PD-1,ORR,10,PMID:28988646,prior_locator_source_section,"Abstract, Findings:",excluded_from_pooling;numeric_source_location_not_verified,R039,"Pembrolizumab in advanced soft-tissue sarcoma and bone sarcoma (SARC028): a multicentre, two-cohort, single-arm, open-label, phase 2 trial.",https://pubmed.ncbi.nlm.nih.gov/28988646/,https://pmc.ncbi.nlm.nih.gov/articles/PMC7939029/,cited_reference_found,ICI-5def647922-01,https://pmc.ncbi.nlm.nih.gov/articles/PMC7939029/,pmc_full_text,10,1,10,percent,reported_context,"SARC028 (UPS subtype, for contrast within cohort)",,undifferentiated pleomorphic sarcoma subtype (immune-hot contrast to LMS),undifferentiated pleomorphic sarcoma subtype (immune-hot contrast to LMS),,,Synovial sarcoma subtype 1/10 = 10%; confirmed
cancer-ici-response-estimates,ICI-3d5c73d0ec-01,SARC_MPNST,PD-1,ORR,12.5,PMID:41760889,prior_locator_source_section,Abstract,numeric_source_location_not_verified;small_denominator,R106,Pembrolizumab in advanced malignant peripheral nerve sheath tumors: a single-arm phase 2 trial.,https://pubmed.ncbi.nlm.nih.gov/41760889/,https://pmc.ncbi.nlm.nih.gov/articles/PMC13065800/,cited_reference_found,ICI-3d5c73d0ec-01,https://pmc.ncbi.nlm.nih.gov/articles/PMC13065800/,pmc_full_text,8,1,8,percent,reported,Pembrolizumab advanced MPNST phase 2,NCT02691026,advanced/metastatic MPNST single-arm phase 2 closed early for slow accrual,advanced/metastatic MPNST single-arm phase 2 closed early for slow accrual,,,1 durable objective response of 8 (abstract); 1 additional mixed response; response linked to PD-1+CD8+ T-cell density
cancer-ici-response-estimates,ICI-3bdccb427b-01,SARC_MPNST,PD-1,CBR,12.5,PMID:41760889,prior_locator_source_section,Abstract,numeric_source_location_not_verified;small_denominator,R106,Pembrolizumab in advanced malignant peripheral nerve sheath tumors: a single-arm phase 2 trial.,https://pubmed.ncbi.nlm.nih.gov/41760889/,https://pmc.ncbi.nlm.nih.gov/articles/PMC13065800/,cited_reference_found,ICI-3bdccb427b-01,https://pmc.ncbi.nlm.nih.gov/articles/PMC13065800/,pmc_full_text,8,1,8,percent,reported,Pembrolizumab advanced MPNST phase 2,NCT02691026,advanced/metastatic MPNST single-arm phase 2 closed early for slow accrual,advanced/metastatic MPNST single-arm phase 2 closed early for slow accrual,,,18-week clinical benefit rate primary endpoint: stable disease in 1 of 8 patients
cancer-ici-response-estimates,ICI-702c35cb4f-01,SARC_MPNST,PD-1,DCR,62.5,PMID:41760889,prior_locator_source_section,Abstract,numeric_source_location_not_verified;small_denominator,R106,Pembrolizumab in advanced malignant peripheral nerve sheath tumors: a single-arm phase 2 trial.,https://pubmed.ncbi.nlm.nih.gov/41760889/,https://pmc.ncbi.nlm.nih.gov/articles/PMC13065800/,cited_reference_found,ICI-702c35cb4f-01,https://pmc.ncbi.nlm.nih.gov/articles/PMC13065800/,pmc_full_text,8,5,8,percent,reported,Pembrolizumab advanced MPNST phase 2,NCT02691026,advanced/metastatic MPNST single-arm phase 2 closed early for slow accrual,advanced/metastatic MPNST single-arm phase 2 closed early for slow accrual,,,Best recorded response disease control: 1 PR + 4 SD among 8 patients
cancer-ici-response-estimates,ICI-02efacfe24-01,SARC_MPNST,PD-1,PFS,3.9,PMID:41760889,prior_locator_source_section,Abstract,numeric_source_location_not_verified;small_denominator,R106,Pembrolizumab in advanced malignant peripheral nerve sheath tumors: a single-arm phase 2 trial.,https://pubmed.ncbi.nlm.nih.gov/41760889/,https://pmc.ncbi.nlm.nih.gov/articles/PMC13065800/,cited_reference_found,ICI-02efacfe24-01,https://pmc.ncbi.nlm.nih.gov/articles/PMC13065800/,pmc_full_text,8,,8,months,reported,Pembrolizumab advanced MPNST phase 2,NCT02691026,advanced/metastatic MPNST single-arm phase 2 closed early for slow accrual,advanced/metastatic MPNST single-arm phase 2 closed early for slow accrual,,,median PFS 3.9 months (95% CI 0-8.1)
cancer-ici-response-estimates,ICI-966f14ec2d-01,SARC_MPNST,PD-1,OS,7.3,PMID:41760889,prior_locator_source_section,Abstract,numeric_source_location_not_verified;small_denominator,R106,Pembrolizumab in advanced malignant peripheral nerve sheath tumors: a single-arm phase 2 trial.,https://pubmed.ncbi.nlm.nih.gov/41760889/,https://pmc.ncbi.nlm.nih.gov/articles/PMC13065800/,cited_reference_found,ICI-966f14ec2d-01,https://pmc.ncbi.nlm.nih.gov/articles/PMC13065800/,pmc_full_text,8,,8,months,reported,Pembrolizumab advanced MPNST phase 2,NCT02691026,advanced/metastatic MPNST single-arm phase 2 closed early for slow accrual,advanced/metastatic MPNST single-arm phase 2 closed early for slow accrual,,,median OS 7.3 months (95% CI 0-26.3)
cancer-ici-response-estimates,ICI-7e796043d1-01,SARC_OS,PD-1,ORR,20,PMID:28988646,prior_locator_verified,RESULTS,small_denominator,R039,"Pembrolizumab in advanced soft-tissue sarcoma and bone sarcoma (SARC028): a multicentre, two-cohort, single-arm, open-label, phase 2 trial.",https://pubmed.ncbi.nlm.nih.gov/28988646/,https://pmc.ncbi.nlm.nih.gov/articles/PMC7939029/,cited_reference_found,ICI-7e796043d1-01,https://pmc.ncbi.nlm.nih.gov/articles/PMC7939029/,pmc_full_text,5,1,,percent,reported,SARC028 (other bone subtypes),,Ewing sarcoma and chondrosarcoma subtypes within bone cohort,Ewing sarcoma and chondrosarcoma subtypes within bone cohort,,,Chondrosarcoma 1/5; confirmed
cancer-ici-response-estimates,ICI-ede3c1f501-01,SARC_SMARCA4,PD-1,ORR,25,PMID:37429302,prior_locator_source_section,"Abstract, Findings",numeric_source_location_not_verified,R098,"Pembrolizumab in patients with rare and ultra-rare sarcomas (AcSé Pembrolizumab): analysis of a subgroup from a non-randomised, open-label, phase 2, basket trial.",https://pubmed.ncbi.nlm.nih.gov/37429302/,https://pubmed.ncbi.nlm.nih.gov/37429302/,cited_reference_found,ICI-ede3c1f501-01,https://pubmed.ncbi.nlm.nih.gov/37429302/,pubmed_abstract,12,3,12,percent,reported,AcSe Pembrolizumab,NCT03012620,SMARCA4-deficient sarcoma / malignant rhabdoid tumour subgroup,SMARCA4-deficient sarcoma / malignant rhabdoid tumour subgroup,,,"3/12 partial responses, no CR; confirmed vs paper and multiple secondary sources"
cancer-ici-response-estimates,ICI-e2003093ee-01,SARC_SMARCA4,PD-1,DCR,50,PMID:37429302,prior_locator_source_section,"Abstract, Findings",numeric_source_location_not_verified,R098,"Pembrolizumab in patients with rare and ultra-rare sarcomas (AcSé Pembrolizumab): analysis of a subgroup from a non-randomised, open-label, phase 2, basket trial.",https://pubmed.ncbi.nlm.nih.gov/37429302/,https://pubmed.ncbi.nlm.nih.gov/37429302/,cited_reference_found,ICI-e2003093ee-01,https://pubmed.ncbi.nlm.nih.gov/37429302/,pubmed_abstract,12,6,12,percent,computed_from_counts,AcSe Pembrolizumab,NCT03012620,SMARCA4-deficient sarcoma / malignant rhabdoid tumour subgroup,SMARCA4-deficient sarcoma / malignant rhabdoid tumour subgroup,,,"PR 25% (3/12) + SD 25% (3/12) = DCR 50% (6/12); PD 50% (6/12). Corroborated by OncLive subgroup breakdown (was single-source/uncertain, now confirmed)"
cancer-ici-response-estimates,ICI-458b806694-01,SARC_SMARCA4,PD-1,DOR,13.3,PMID:37429302,prior_locator_source_section,"Abstract, Findings",numeric_source_location_not_verified;small_denominator,R098,"Pembrolizumab in patients with rare and ultra-rare sarcomas (AcSé Pembrolizumab): analysis of a subgroup from a non-randomised, open-label, phase 2, basket trial.",https://pubmed.ncbi.nlm.nih.gov/37429302/,https://pubmed.ncbi.nlm.nih.gov/37429302/,cited_reference_found,ICI-458b806694-01,https://pubmed.ncbi.nlm.nih.gov/37429302/,pubmed_abstract,3,,12,months,reported,AcSe Pembrolizumab,NCT03012620,SMARCA4-deficient sarcoma / malignant rhabdoid tumour subgroup,SMARCA4-deficient sarcoma / malignant rhabdoid tumour subgroup,,,"SMARCA4 subgroup median DOR 13.3 mo (95% CI 8.3-33.5) per OncLive; this is the subgroup-specific value (the overall-population DOR is 11.3 mo, see alternate row). Corrected: previously this 13.3/8.3-33.5 value was misattributed to the overall population"
cancer-ici-response-estimates,ICI-2e46a4627a-01,SARC_SMARCA4,PD-1,PFS,2,PMID:37429302,prior_locator_source_section,"Abstract, Findings",numeric_source_location_not_verified,R098,"Pembrolizumab in patients with rare and ultra-rare sarcomas (AcSé Pembrolizumab): analysis of a subgroup from a non-randomised, open-label, phase 2, basket trial.",https://pubmed.ncbi.nlm.nih.gov/37429302/,https://pubmed.ncbi.nlm.nih.gov/37429302/,cited_reference_found,ICI-2e46a4627a-01,https://pubmed.ncbi.nlm.nih.gov/37429302/,pubmed_abstract,12,,12,months,reported,AcSe Pembrolizumab,NCT03012620,SMARCA4-deficient sarcoma / malignant rhabdoid tumour subgroup,SMARCA4-deficient sarcoma / malignant rhabdoid tumour subgroup,,,Subgroup median PFS 2.0 months (per secondary sources summarizing per-histotype data)
cancer-ici-response-estimates,ICI-a166d88a43-01,SARC_SYN,PD-1,ORR,10,PMID:28988646,prior_locator_source_section,"Abstract, Findings:",numeric_source_location_not_verified,R039,"Pembrolizumab in advanced soft-tissue sarcoma and bone sarcoma (SARC028): a multicentre, two-cohort, single-arm, open-label, phase 2 trial.",https://pubmed.ncbi.nlm.nih.gov/28988646/,https://pmc.ncbi.nlm.nih.gov/articles/PMC7939029/,cited_reference_found,ICI-a166d88a43-01,https://pmc.ncbi.nlm.nih.gov/articles/PMC7939029/,pmc_full_text,10,1,10,percent,reported,SARC028,NCT02301039,"advanced/metastatic STS, synovial sarcoma subgroup, 2L+","advanced/metastatic STS, synovial sarcoma subgroup, 2L+",,,synovial sarcoma 1/10; confirmed 10%; tiny-n; immune-cold translocation sarcoma
cancer-ici-response-estimates,ICI-27d906d8d8-01,SARC_UPS,PD-1,ORR,23,DOI:10.1200/JCO.2019.37.15_suppl.11015,prior_locator_citation_only,,numeric_source_location_not_verified,R013,Clinical activity of pembrolizumab (P) in undifferentiated pleomorphic sarcoma (UPS) and dedifferentiated/pleomorphic liposarcoma (LPS): Final results of SARC028 expansion cohorts.,https://ascopubs.org/doi/10.1200/JCO.2019.37.15_suppl.11015,https://doi.org/10.1200/JCO.2019.37.15_suppl.11015,cited_reference_found,ICI-27d906d8d8-01,https://doi.org/10.1200/JCO.2019.37.15_suppl.11015,doi_record,40,9,40,percent,reported,SARC028 expansion cohorts,NCT02301039,"advanced/metastatic undifferentiated pleomorphic sarcoma (UPS), final expansion cohort","advanced/metastatic undifferentiated pleomorphic sarcoma (UPS), final expansion cohort",,,UPS final expansion ORR 23% (9/40; 2 CR + 7 PR); met primary endpoint
cancer-ici-response-estimates,ICI-56ba2f840b-01,SARC_UPS,PD-1,CRR,5,DOI:10.1200/JCO.2019.37.15_suppl.11015,prior_locator_citation_only,,numeric_source_location_not_verified,R013,Clinical activity of pembrolizumab (P) in undifferentiated pleomorphic sarcoma (UPS) and dedifferentiated/pleomorphic liposarcoma (LPS): Final results of SARC028 expansion cohorts.,https://ascopubs.org/doi/10.1200/JCO.2019.37.15_suppl.11015,https://doi.org/10.1200/JCO.2019.37.15_suppl.11015,cited_reference_found,ICI-56ba2f840b-01,https://doi.org/10.1200/JCO.2019.37.15_suppl.11015,doi_record,40,2,40,percent,reported,SARC028 expansion cohorts,NCT02301039,"advanced/metastatic undifferentiated pleomorphic sarcoma (UPS), final expansion cohort","advanced/metastatic undifferentiated pleomorphic sarcoma (UPS), final expansion cohort",,,UPS final expansion included 2 CR among 9 responders
cancer-ici-response-estimates,ICI-5a30bd2006-01,SARC_UPS,PD-1,PFS,3,DOI:10.1200/JCO.2019.37.15_suppl.11015,prior_locator_citation_only,,numeric_source_location_not_verified,R013,Clinical activity of pembrolizumab (P) in undifferentiated pleomorphic sarcoma (UPS) and dedifferentiated/pleomorphic liposarcoma (LPS): Final results of SARC028 expansion cohorts.,https://ascopubs.org/doi/10.1200/JCO.2019.37.15_suppl.11015,https://doi.org/10.1200/JCO.2019.37.15_suppl.11015,cited_reference_found,ICI-5a30bd2006-01,https://doi.org/10.1200/JCO.2019.37.15_suppl.11015,doi_record,40,,40,months,reported,SARC028 expansion cohorts,NCT02301039,"advanced/metastatic undifferentiated pleomorphic sarcoma (UPS), final expansion cohort","advanced/metastatic undifferentiated pleomorphic sarcoma (UPS), final expansion cohort",,,Median PFS 3 months (95% CI 2-5) in UPS final expansion cohort
cancer-ici-response-estimates,ICI-72b03ee23c-01,SARC_UPS,PD-1,PFS_RATE,50,DOI:10.1200/JCO.2019.37.15_suppl.11015,prior_locator_citation_only,,numeric_source_location_not_verified,R013,Clinical activity of pembrolizumab (P) in undifferentiated pleomorphic sarcoma (UPS) and dedifferentiated/pleomorphic liposarcoma (LPS): Final results of SARC028 expansion cohorts.,https://ascopubs.org/doi/10.1200/JCO.2019.37.15_suppl.11015,https://doi.org/10.1200/JCO.2019.37.15_suppl.11015,cited_reference_found,ICI-72b03ee23c-01,https://doi.org/10.1200/JCO.2019.37.15_suppl.11015,doi_record,40,,40,rate_percent,reported,SARC028 expansion cohorts,NCT02301039,"advanced/metastatic undifferentiated pleomorphic sarcoma (UPS), final expansion cohort","advanced/metastatic undifferentiated pleomorphic sarcoma (UPS), final expansion cohort",,,12-week PFS rate 50% (95% CI 35-65) in UPS final expansion cohort
cancer-ici-response-estimates,ICI-6b8787485e-01,SARC_UPS,PD-1,OS,12,DOI:10.1200/JCO.2019.37.15_suppl.11015,prior_locator_citation_only,,numeric_source_location_not_verified,R013,Clinical activity of pembrolizumab (P) in undifferentiated pleomorphic sarcoma (UPS) and dedifferentiated/pleomorphic liposarcoma (LPS): Final results of SARC028 expansion cohorts.,https://ascopubs.org/doi/10.1200/JCO.2019.37.15_suppl.11015,https://doi.org/10.1200/JCO.2019.37.15_suppl.11015,cited_reference_found,ICI-6b8787485e-01,https://doi.org/10.1200/JCO.2019.37.15_suppl.11015,doi_record,40,,40,months,reported,SARC028 expansion cohorts,NCT02301039,"advanced/metastatic undifferentiated pleomorphic sarcoma (UPS), final expansion cohort","advanced/metastatic undifferentiated pleomorphic sarcoma (UPS), final expansion cohort",,,Median OS 12 months (95% CI 7-34) in UPS final expansion cohort
cancer-ici-response-estimates,ICI-dcdc418d17-01,SARC_UPS,PD-1,ORR,10,DOI:10.1200/JCO.2019.37.15_suppl.11015,prior_locator_citation_only,,excluded_from_pooling;numeric_source_location_not_verified,R013,Clinical activity of pembrolizumab (P) in undifferentiated pleomorphic sarcoma (UPS) and dedifferentiated/pleomorphic liposarcoma (LPS): Final results of SARC028 expansion cohorts.,https://ascopubs.org/doi/10.1200/JCO.2019.37.15_suppl.11015,https://doi.org/10.1200/JCO.2019.37.15_suppl.11015,cited_reference_found,ICI-dcdc418d17-01,https://doi.org/10.1200/JCO.2019.37.15_suppl.11015,doi_record,39,4,40,percent,reported_context,SARC028 expansion cohorts,,"advanced/metastatic dedifferentiated or pleomorphic liposarcoma (LPS), final expansion cohort; comparator subtype for UPS","advanced/metastatic dedifferentiated or pleomorphic liposarcoma (LPS), final expansion cohort; comparator subtype for UPS",,,LPS final expansion ORR 10% (4/39 evaluable); comparator subtype excluded from UPS pooling
cancer-ici-response-estimates,ICI-f646ad58df-01,SARC_UPS,PD-1,PFS,2,DOI:10.1200/JCO.2019.37.15_suppl.11015,prior_locator_citation_only,,numeric_source_location_not_verified,R013,Clinical activity of pembrolizumab (P) in undifferentiated pleomorphic sarcoma (UPS) and dedifferentiated/pleomorphic liposarcoma (LPS): Final results of SARC028 expansion cohorts.,https://ascopubs.org/doi/10.1200/JCO.2019.37.15_suppl.11015,https://doi.org/10.1200/JCO.2019.37.15_suppl.11015,cited_reference_found,ICI-f646ad58df-01,https://doi.org/10.1200/JCO.2019.37.15_suppl.11015,doi_record,40,,40,months,reported_context,SARC028 expansion cohorts,,"advanced/metastatic dedifferentiated or pleomorphic liposarcoma (LPS), final expansion cohort; comparator subtype for UPS","advanced/metastatic dedifferentiated or pleomorphic liposarcoma (LPS), final expansion cohort; comparator subtype for UPS",,,LPS final expansion median PFS 2 months (95% CI 2-4); comparator subtype excluded from UPS pooling
cancer-ici-response-estimates,ICI-1793125d04-01,SARC_UPS,PD-1,PFS_RATE,44,DOI:10.1200/JCO.2019.37.15_suppl.11015,prior_locator_citation_only,,numeric_source_location_not_verified,R013,Clinical activity of pembrolizumab (P) in undifferentiated pleomorphic sarcoma (UPS) and dedifferentiated/pleomorphic liposarcoma (LPS): Final results of SARC028 expansion cohorts.,https://ascopubs.org/doi/10.1200/JCO.2019.37.15_suppl.11015,https://doi.org/10.1200/JCO.2019.37.15_suppl.11015,cited_reference_found,ICI-1793125d04-01,https://doi.org/10.1200/JCO.2019.37.15_suppl.11015,doi_record,40,,40,rate_percent,reported_context,SARC028 expansion cohorts,,"advanced/metastatic dedifferentiated or pleomorphic liposarcoma (LPS), final expansion cohort; comparator subtype for UPS","advanced/metastatic dedifferentiated or pleomorphic liposarcoma (LPS), final expansion cohort; comparator subtype for UPS",,,LPS final expansion 12-week PFS rate 44% (95% CI 28-60); comparator subtype excluded from UPS pooling
cancer-ici-response-estimates,ICI-40e61d0514-01,SARC_UPS,PD-1,OS,13,DOI:10.1200/JCO.2019.37.15_suppl.11015,prior_locator_citation_only,,numeric_source_location_not_verified,R013,Clinical activity of pembrolizumab (P) in undifferentiated pleomorphic sarcoma (UPS) and dedifferentiated/pleomorphic liposarcoma (LPS): Final results of SARC028 expansion cohorts.,https://ascopubs.org/doi/10.1200/JCO.2019.37.15_suppl.11015,https://doi.org/10.1200/JCO.2019.37.15_suppl.11015,cited_reference_found,ICI-40e61d0514-01,https://doi.org/10.1200/JCO.2019.37.15_suppl.11015,doi_record,40,,40,months,reported_context,SARC028 expansion cohorts,,"advanced/metastatic dedifferentiated or pleomorphic liposarcoma (LPS), final expansion cohort; comparator subtype for UPS","advanced/metastatic dedifferentiated or pleomorphic liposarcoma (LPS), final expansion cohort; comparator subtype for UPS",,,LPS final expansion median OS 13 months (95% CI 8-NR); comparator subtype excluded from UPS pooling
cancer-ici-response-estimates,ICI-367f3b5460-01,SCLC,PD-1,ORR,10,PMID:27269741,prior_locator_source_section,"Abstract, Findings",numeric_source_location_not_verified,R028,"Nivolumab alone and nivolumab plus ipilimumab in recurrent small-cell lung cancer (CheckMate 032): a multicentre, open-label, phase 1/2 trial.",https://pubmed.ncbi.nlm.nih.gov/27269741/,https://pubmed.ncbi.nlm.nih.gov/27269741/,cited_reference_found,ICI-367f3b5460-01,https://pubmed.ncbi.nlm.nih.gov/27269741/,pubmed_abstract,98,10,98,percent,reported,CheckMate 032,NCT01928394,"recurrent SCLC, nivolumab 3 mg/kg monotherapy, pretreated all-comers (>=1 prior platinum line)","recurrent SCLC, nivolumab 3 mg/kg monotherapy, pretreated all-comers (>=1 prior platinum line)",,,10/98 (10%; 95% CI 5-18) per Antonia et al 2016 CheckMate 032 source table; PubMed abstract confirms count
cancer-ici-response-estimates,ICI-82493d756c-01,SCLC,PD-1,PFS,1.4,PMID:27269741,prior_locator_source_section,"Abstract, Findings",numeric_source_location_not_verified,R028,"Nivolumab alone and nivolumab plus ipilimumab in recurrent small-cell lung cancer (CheckMate 032): a multicentre, open-label, phase 1/2 trial.",https://pubmed.ncbi.nlm.nih.gov/27269741/,https://pubmed.ncbi.nlm.nih.gov/27269741/,cited_reference_found,ICI-82493d756c-01,https://pubmed.ncbi.nlm.nih.gov/27269741/,pubmed_abstract,98,,98,months,reported,CheckMate 032,NCT01928394,"recurrent SCLC, nivolumab 3 mg/kg monotherapy, pretreated all-comers (>=1 prior platinum line)","recurrent SCLC, nivolumab 3 mg/kg monotherapy, pretreated all-comers (>=1 prior platinum line)",,,CheckMate 032 full-text median carried over from prior extraction; CI not captured in PubMed abstract or current ClinicalTrials.gov outcome module
cancer-ici-response-estimates,ICI-41ab79b829-01,SCLC,PD-1,OS,4.4,PMID:27269741,prior_locator_source_section,"Abstract, Findings",numeric_source_location_not_verified,R028,"Nivolumab alone and nivolumab plus ipilimumab in recurrent small-cell lung cancer (CheckMate 032): a multicentre, open-label, phase 1/2 trial.",https://pubmed.ncbi.nlm.nih.gov/27269741/,https://pubmed.ncbi.nlm.nih.gov/27269741/,cited_reference_found,ICI-41ab79b829-01,https://pubmed.ncbi.nlm.nih.gov/27269741/,pubmed_abstract,98,,98,months,reported,CheckMate 032,NCT01928394,"recurrent SCLC, nivolumab 3 mg/kg monotherapy, pretreated all-comers (>=1 prior platinum line)","recurrent SCLC, nivolumab 3 mg/kg monotherapy, pretreated all-comers (>=1 prior platinum line)",,,CheckMate 032 full-text median carried over from prior extraction; CI not captured in PubMed abstract or current ClinicalTrials.gov outcome module
cancer-ici-response-estimates,ICI-e5955363a7-01,SCLC,PD-1+CTLA-4,ORR,23,PMID:27269741,prior_locator_source_section,"Abstract, Findings",numeric_source_location_not_verified,R028,"Nivolumab alone and nivolumab plus ipilimumab in recurrent small-cell lung cancer (CheckMate 032): a multicentre, open-label, phase 1/2 trial.",https://pubmed.ncbi.nlm.nih.gov/27269741/,https://pubmed.ncbi.nlm.nih.gov/27269741/,cited_reference_found,ICI-e5955363a7-01,https://pubmed.ncbi.nlm.nih.gov/27269741/,pubmed_abstract,61,14,61,percent,reported,CheckMate 032,NCT01928394,"recurrent SCLC, nivolumab 1 mg/kg + ipilimumab 3 mg/kg, pretreated","recurrent SCLC, nivolumab 1 mg/kg + ipilimumab 3 mg/kg, pretreated",,,14/61 (23%; 95% CI 13-36) per Antonia et al 2016 CheckMate 032 source table; PubMed abstract confirms count
cancer-ici-response-estimates,ICI-49a3e7662d-01,SCLC,PD-1+CTLA-4,ORR,19,PMID:27269741,prior_locator_source_section,"Abstract, Findings",numeric_source_location_not_verified,R028,"Nivolumab alone and nivolumab plus ipilimumab in recurrent small-cell lung cancer (CheckMate 032): a multicentre, open-label, phase 1/2 trial.",https://pubmed.ncbi.nlm.nih.gov/27269741/,https://pubmed.ncbi.nlm.nih.gov/27269741/,cited_reference_found,ICI-49a3e7662d-01,https://pubmed.ncbi.nlm.nih.gov/27269741/,pubmed_abstract,54,10,54,percent,reported,CheckMate 032,NCT01928394,"recurrent SCLC, nivolumab 3 mg/kg + ipilimumab 1 mg/kg, pretreated","recurrent SCLC, nivolumab 3 mg/kg + ipilimumab 1 mg/kg, pretreated",,,10/54 (19%; 95% CI 9-31) per Antonia et al 2016 CheckMate 032 source table; PubMed abstract confirms count
cancer-ici-response-estimates,ICI-f5a30654c5-01,SCLC,PD-1+CTLA-4,ORR,23,PMID:27269741,prior_locator_source_section,"Abstract, Findings",numeric_source_location_not_verified,R028,"Nivolumab alone and nivolumab plus ipilimumab in recurrent small-cell lung cancer (CheckMate 032): a multicentre, open-label, phase 1/2 trial.",https://pubmed.ncbi.nlm.nih.gov/27269741/,https://pubmed.ncbi.nlm.nih.gov/27269741/,cited_reference_found,ICI-f5a30654c5-01,https://pubmed.ncbi.nlm.nih.gov/27269741/,pubmed_abstract,61,14,61,percent,reported,CheckMate 032,NCT01928394,"recurrent SCLC, >=1 prior platinum line","recurrent SCLC, >=1 prior platinum line",,,14/61 (23%); 95% CI 13-36 per Antonia et al Lancet Oncol 2016
cancer-ici-response-estimates,ICI-95006a6a56-01,SCLC,PD-1,ORR,10,PMID:27269741,prior_locator_source_section,"Abstract, Findings",numeric_source_location_not_verified,R028,"Nivolumab alone and nivolumab plus ipilimumab in recurrent small-cell lung cancer (CheckMate 032): a multicentre, open-label, phase 1/2 trial.",https://pubmed.ncbi.nlm.nih.gov/27269741/,https://pubmed.ncbi.nlm.nih.gov/27269741/,cited_reference_found,ICI-95006a6a56-01,https://pubmed.ncbi.nlm.nih.gov/27269741/,pubmed_abstract,98,10,98,percent,reported,CheckMate-032,,"recurrent SCLC, >=1 prior platinum line","recurrent SCLC, >=1 prior platinum line",,,10/98 (10%); 95% CI 5-18; nivo monotherapy arm
cancer-ici-response-estimates,ICI-f88742e370-01,SCLC,PD-1+CTLA-4,ORR,19,PMID:27269741,prior_locator_source_section,"Abstract, Findings",numeric_source_location_not_verified,R028,"Nivolumab alone and nivolumab plus ipilimumab in recurrent small-cell lung cancer (CheckMate 032): a multicentre, open-label, phase 1/2 trial.",https://pubmed.ncbi.nlm.nih.gov/27269741/,https://pubmed.ncbi.nlm.nih.gov/27269741/,cited_reference_found,ICI-f88742e370-01,https://pubmed.ncbi.nlm.nih.gov/27269741/,pubmed_abstract,54,10,54,percent,reported,CheckMate-032,,"recurrent SCLC, >=1 prior platinum line","recurrent SCLC, >=1 prior platinum line",,,10/54 (19%); 95% CI 9-31; nivo3+ipi1 arm
cancer-ici-response-estimates,ICI-23cadc3e71-01,SCLC,PD-1+CTLA-4,ORR,23,PMID:27269741,prior_locator_source_section,"Abstract, Findings",numeric_source_location_not_verified,R028,"Nivolumab alone and nivolumab plus ipilimumab in recurrent small-cell lung cancer (CheckMate 032): a multicentre, open-label, phase 1/2 trial.",https://pubmed.ncbi.nlm.nih.gov/27269741/,https://pubmed.ncbi.nlm.nih.gov/27269741/,cited_reference_found,ICI-23cadc3e71-01,https://pubmed.ncbi.nlm.nih.gov/27269741/,pubmed_abstract,61,14,61,percent,reported,CheckMate-032 (longer follow-up),,"recurrent SCLC, >=1 prior, longer follow-up","recurrent SCLC, >=1 prior, longer follow-up",,,nivo1+ipi3 cohort
cancer-ici-response-estimates,ICI-42926cc658-01,SCLC,PD-1+CTLA-4,DOR,11.7,PMID:27269741,prior_locator_source_section,"Abstract, Findings",numeric_source_location_not_verified,R028,"Nivolumab alone and nivolumab plus ipilimumab in recurrent small-cell lung cancer (CheckMate 032): a multicentre, open-label, phase 1/2 trial.",https://pubmed.ncbi.nlm.nih.gov/27269741/,https://pubmed.ncbi.nlm.nih.gov/27269741/,cited_reference_found,ICI-42926cc658-01,https://pubmed.ncbi.nlm.nih.gov/27269741/,pubmed_abstract,,,61,months,reported,CheckMate-032 (longer follow-up),,"recurrent SCLC, >=1 prior, longer follow-up","recurrent SCLC, >=1 prior, longer follow-up",,,"CORRECTED: median DOR for nivo1+ipi3 nonrandomized cohort is 11.7 months. Original 17.9mo (62% at 12mo/39% at 18mo) was misattributed from third-line nivolumab MONOTHERAPY pooled analysis (PMID 30316010), not this combination cohort."
cancer-ici-response-estimates,ICI-29c468a953-01,SCLC,PD-1+CTLA-4,OS_RATE,43,PMID:27269741,prior_locator_source_section,"Abstract, Findings",numeric_source_location_not_verified,R028,"Nivolumab alone and nivolumab plus ipilimumab in recurrent small-cell lung cancer (CheckMate 032): a multicentre, open-label, phase 1/2 trial.",https://pubmed.ncbi.nlm.nih.gov/27269741/,https://pubmed.ncbi.nlm.nih.gov/27269741/,cited_reference_found,ICI-29c468a953-01,https://pubmed.ncbi.nlm.nih.gov/27269741/,pubmed_abstract,61,,61,rate_percent,reported,CheckMate-032 (longer follow-up),,"recurrent SCLC, >=1 prior, longer follow-up","recurrent SCLC, >=1 prior, longer follow-up",,,1-year OS rate nivo1+ipi3 cohort; 2-year OS ~30%
cancer-ici-response-estimates,ICI-90f14ccfd4-01,SCLC,PD-L1,ORR,2.3,PMID:30664989,prior_locator_source_section,"Abstract, Results",numeric_source_location_not_verified,R060,A Randomized Non-Comparative Phase II Study of Anti-Programmed Cell Death-Ligand 1 Atezolizumab or Chemotherapy as Second-Line Therapy in Patients With Small Cell Lung Cancer: Results From the IFCT-1603 Trial.,https://pubmed.ncbi.nlm.nih.gov/30664989/,https://pubmed.ncbi.nlm.nih.gov/30664989/,cited_reference_found,ICI-90f14ccfd4-01,https://pubmed.ncbi.nlm.nih.gov/30664989/,pubmed_abstract,43,1,43,percent,reported,IFCT-1603,NCT03059667,"2L SCLC, post-platinum","2L SCLC, post-platinum",,,1/43 eligible; matches table 2.3%
cancer-ici-response-estimates,ICI-3b629d1cb9-01,SCLC,non-ICI,ORR,10,PMID:30664989,prior_locator_source_section,"Abstract, Results",excluded_from_pooling;numeric_source_location_not_verified,R060,A Randomized Non-Comparative Phase II Study of Anti-Programmed Cell Death-Ligand 1 Atezolizumab or Chemotherapy as Second-Line Therapy in Patients With Small Cell Lung Cancer: Results From the IFCT-1603 Trial.,https://pubmed.ncbi.nlm.nih.gov/30664989/,https://pubmed.ncbi.nlm.nih.gov/30664989/,cited_reference_found,ICI-3b629d1cb9-01,https://pubmed.ncbi.nlm.nih.gov/30664989/,pubmed_abstract,20,,20,percent,reported_context,IFCT-1603,,"2L SCLC, post-platinum, control arm","2L SCLC, post-platinum, control arm",,,chemo control arm; 10% of 20 eligible
cancer-ici-response-estimates,ICI-c45f7ddf79-01,SKCM,PD-1,ORR,43.7,PMID:28889792,prior_locator_source_section,"Abstract, RESULTS",numeric_source_location_not_verified,R037,Overall Survival with Combined Nivolumab and Ipilimumab in Advanced Melanoma.,https://pubmed.ncbi.nlm.nih.gov/28889792/,https://pmc.ncbi.nlm.nih.gov/articles/PMC5706778/,cited_reference_found,ICI-c45f7ddf79-01,https://pmc.ncbi.nlm.nih.gov/articles/PMC5706778/,pmc_full_text,316,,316,percent,reported,CheckMate 067,NCT01844505,first-line advanced melanoma; nivolumab 3 mg/kg monotherapy arm,first-line advanced melanoma; nivolumab 3 mg/kg monotherapy arm,,,"Investigator-assessed ORR for nivolumab-alone arm, confirmed across CheckMate-067 reports (same 43.7% in 2015 Larkin and 2017 Wolchok papers); corrected on recheck from extraction's 45 and table's 42"
cancer-ici-response-estimates,ICI-20b555f216-01,SKCM,PD-1+CTLA-4,ORR,57.6,PMID:28889792,prior_locator_source_section,"Abstract, RESULTS",numeric_source_location_not_verified,R037,Overall Survival with Combined Nivolumab and Ipilimumab in Advanced Melanoma.,https://pubmed.ncbi.nlm.nih.gov/28889792/,https://pmc.ncbi.nlm.nih.gov/articles/PMC5706778/,cited_reference_found,ICI-20b555f216-01,https://pmc.ncbi.nlm.nih.gov/articles/PMC5706778/,pmc_full_text,314,,314,percent,reported,CheckMate-067,,first-line advanced melanoma; combination arm,first-line advanced melanoma; combination arm,,,combination-arm investigator-assessed ORR 57.6% confirmed; corrected from rounded 58
cancer-ici-response-estimates,ICI-f5d6afe3dc-01,SKCM,PD-1,ORR,33.7,PMID:25891173,prior_locator_source_section,"Abstract, Results",numeric_source_location_not_verified;response_denominator_missing,R022,Pembrolizumab versus Ipilimumab in Advanced Melanoma.,https://pubmed.ncbi.nlm.nih.gov/25891173/,https://pubmed.ncbi.nlm.nih.gov/25891173/,cited_reference_found,ICI-f5d6afe3dc-01,https://pubmed.ncbi.nlm.nih.gov/25891173/,pubmed_abstract,,,,percent,reported,KEYNOTE-006,,"advanced melanoma, <=1 prior; pembro every 2 weeks","advanced melanoma, <=1 prior; pembro every 2 weeks",,,Robert 2015 NEJM (NEJMoa1503093); confirmed
cancer-ici-response-estimates,ICI-53f27342de-01,SKCM,PD-1,PFS_RATE,47.3,PMID:25891173,prior_locator_source_section,"Abstract, Results",numeric_source_location_not_verified,R022,Pembrolizumab versus Ipilimumab in Advanced Melanoma.,https://pubmed.ncbi.nlm.nih.gov/25891173/,https://pubmed.ncbi.nlm.nih.gov/25891173/,cited_reference_found,ICI-53f27342de-01,https://pubmed.ncbi.nlm.nih.gov/25891173/,pubmed_abstract,,,,rate_percent,reported,KEYNOTE-006,,"advanced melanoma, <=1 prior; pembro every 2 weeks","advanced melanoma, <=1 prior; pembro every 2 weeks",,,pembro Q2W 6-month PFS rate confirmed
cancer-ici-response-estimates,ICI-396667cde6-01,SKCM,PD-1,OS_RATE,74.1,PMID:25891173,prior_locator_source_section,"Abstract, Results",numeric_source_location_not_verified,R022,Pembrolizumab versus Ipilimumab in Advanced Melanoma.,https://pubmed.ncbi.nlm.nih.gov/25891173/,https://pubmed.ncbi.nlm.nih.gov/25891173/,cited_reference_found,ICI-396667cde6-01,https://pubmed.ncbi.nlm.nih.gov/25891173/,pubmed_abstract,,,,rate_percent,reported,KEYNOTE-006,,"advanced melanoma, <=1 prior; pembro every 2 weeks","advanced melanoma, <=1 prior; pembro every 2 weeks",,,pembro Q2W 12-month OS rate confirmed
cancer-ici-response-estimates,ICI-61af6d64ce-01,SKCM,PD-1,ORR,32.9,PMID:25891173,prior_locator_source_section,"Abstract, Results",numeric_source_location_not_verified;response_denominator_missing,R022,Pembrolizumab versus Ipilimumab in Advanced Melanoma.,https://pubmed.ncbi.nlm.nih.gov/25891173/,https://pubmed.ncbi.nlm.nih.gov/25891173/,cited_reference_found,ICI-61af6d64ce-01,https://pubmed.ncbi.nlm.nih.gov/25891173/,pubmed_abstract,,,,percent,reported,KEYNOTE-006,,"advanced melanoma, <=1 prior; pembro every 3 weeks","advanced melanoma, <=1 prior; pembro every 3 weeks",,,pembro Q3W ORR confirmed
cancer-ici-response-estimates,ICI-13894b2b45-01,SKCM,PD-1,PFS_RATE,46.4,PMID:25891173,prior_locator_source_section,"Abstract, Results",numeric_source_location_not_verified,R022,Pembrolizumab versus Ipilimumab in Advanced Melanoma.,https://pubmed.ncbi.nlm.nih.gov/25891173/,https://pubmed.ncbi.nlm.nih.gov/25891173/,cited_reference_found,ICI-13894b2b45-01,https://pubmed.ncbi.nlm.nih.gov/25891173/,pubmed_abstract,,,,rate_percent,reported,KEYNOTE-006,,"advanced melanoma, <=1 prior; pembro every 3 weeks","advanced melanoma, <=1 prior; pembro every 3 weeks",,,pembro Q3W 6-month PFS rate confirmed
cancer-ici-response-estimates,ICI-217504b01d-01,SKCM,PD-1,OS_RATE,68.4,PMID:25891173,prior_locator_source_section,"Abstract, Results",numeric_source_location_not_verified,R022,Pembrolizumab versus Ipilimumab in Advanced Melanoma.,https://pubmed.ncbi.nlm.nih.gov/25891173/,https://pubmed.ncbi.nlm.nih.gov/25891173/,cited_reference_found,ICI-217504b01d-01,https://pubmed.ncbi.nlm.nih.gov/25891173/,pubmed_abstract,,,,rate_percent,reported,KEYNOTE-006,,"advanced melanoma, <=1 prior; pembro every 3 weeks","advanced melanoma, <=1 prior; pembro every 3 weeks",,,pembro Q3W 12-month OS rate confirmed
cancer-ici-response-estimates,ICI-8fd36e30fa-01,SKCM,CTLA-4,ORR,19,PMID:26027431,prior_locator_source_section,"Abstract, Results",numeric_source_location_not_verified,R023,Combined Nivolumab and Ipilimumab or Monotherapy in Untreated Melanoma.,https://pubmed.ncbi.nlm.nih.gov/26027431/,https://pmc.ncbi.nlm.nih.gov/articles/PMC5698905/,cited_reference_found,ICI-8fd36e30fa-01,https://pmc.ncbi.nlm.nih.gov/articles/PMC5698905/,pmc_full_text,315,,315,percent,reported,CheckMate-067,,1L untreated advanced melanoma; ipilimumab monotherapy arm,1L untreated advanced melanoma; ipilimumab monotherapy arm,,,matches table comparator value
cancer-ici-response-estimates,ICI-a1bc8eafa7-01,SKCM,PD-1+CTLA-4,ORR,58,PMID:34818112,prior_locator_source_section,"Abstract, RESULTS",numeric_source_location_not_verified,R087,Long-Term Outcomes With Nivolumab Plus Ipilimumab or Nivolumab Alone Versus Ipilimumab in Patients With Advanced Melanoma.,https://pubmed.ncbi.nlm.nih.gov/34818112/,https://pmc.ncbi.nlm.nih.gov/articles/PMC8718224/,cited_reference_found,ICI-a1bc8eafa7-01,https://pmc.ncbi.nlm.nih.gov/articles/PMC8718224/,pmc_full_text,314,,314,percent,reported,CheckMate-067 (6.5-year update),,"1L untreated melanoma; long-term update (Wolchok JCO 2022, 6.5-yr)","1L untreated melanoma; long-term update (Wolchok JCO 2022, 6.5-yr)",,,"combo ORR unchanged from 5-yr update; nivo 45%, ipi 19% in same update"
cancer-ici-response-estimates,ICI-57fb7038b4-01,STAD,PD-1,DOR,8.4,PMID:29543932,prior_locator_source_section,"Abstract, Findings",numeric_source_location_not_verified,R044,Safety and Efficacy of Pembrolizumab Monotherapy in Patients With Previously Treated Advanced Gastric and Gastroesophageal Junction Cancer: Phase 2 Clinical KEYNOTE-059 Trial.,https://pubmed.ncbi.nlm.nih.gov/29543932/,https://pmc.ncbi.nlm.nih.gov/articles/PMC5885175/,cited_reference_found,ICI-57fb7038b4-01,https://pmc.ncbi.nlm.nih.gov/articles/PMC5885175/,pmc_abstract,,,259,months,reported,KEYNOTE-059,NCT02335411,third-line or later advanced gastric/GEJ adenocarcinoma; all-comers (correct reference; cited PMID was wrong),third-line or later advanced gastric/GEJ adenocarcinoma; all-comers (correct reference; cited PMID was wrong),,,range 1.6+ to 17.3+ months; verified
cancer-ici-response-estimates,ICI-a0389e6e5e-01,STAD,PD-1,PFS,2,PMID:29543932,prior_locator_source_section,"Abstract, Findings",numeric_source_location_not_verified,R044,Safety and Efficacy of Pembrolizumab Monotherapy in Patients With Previously Treated Advanced Gastric and Gastroesophageal Junction Cancer: Phase 2 Clinical KEYNOTE-059 Trial.,https://pubmed.ncbi.nlm.nih.gov/29543932/,https://pmc.ncbi.nlm.nih.gov/articles/PMC5885175/,cited_reference_found,ICI-a0389e6e5e-01,https://pmc.ncbi.nlm.nih.gov/articles/PMC5885175/,pmc_abstract,259,,259,months,reported,KEYNOTE-059,NCT02335411,third-line or later advanced gastric/GEJ adenocarcinoma; all-comers (correct reference; cited PMID was wrong),third-line or later advanced gastric/GEJ adenocarcinoma; all-comers (correct reference; cited PMID was wrong),,,verified
cancer-ici-response-estimates,ICI-cab740b982-01,STAD,PD-1,OS,5.6,PMID:29543932,prior_locator_source_section,"Abstract, Findings",numeric_source_location_not_verified,R044,Safety and Efficacy of Pembrolizumab Monotherapy in Patients With Previously Treated Advanced Gastric and Gastroesophageal Junction Cancer: Phase 2 Clinical KEYNOTE-059 Trial.,https://pubmed.ncbi.nlm.nih.gov/29543932/,https://pmc.ncbi.nlm.nih.gov/articles/PMC5885175/,cited_reference_found,ICI-cab740b982-01,https://pmc.ncbi.nlm.nih.gov/articles/PMC5885175/,pmc_abstract,259,,259,months,reported,KEYNOTE-059,NCT02335411,third-line or later advanced gastric/GEJ adenocarcinoma; all-comers (correct reference; cited PMID was wrong),third-line or later advanced gastric/GEJ adenocarcinoma; all-comers (correct reference; cited PMID was wrong),,,verified
cancer-ici-response-estimates,ICI-09663178bb-01,STAD,PD-1,OS_RATE,46.5,PMID:29543932,prior_locator_source_section,"Abstract, Findings",numeric_source_location_not_verified,R044,Safety and Efficacy of Pembrolizumab Monotherapy in Patients With Previously Treated Advanced Gastric and Gastroesophageal Junction Cancer: Phase 2 Clinical KEYNOTE-059 Trial.,https://pubmed.ncbi.nlm.nih.gov/29543932/,https://pmc.ncbi.nlm.nih.gov/articles/PMC5885175/,cited_reference_found,ICI-09663178bb-01,https://pmc.ncbi.nlm.nih.gov/articles/PMC5885175/,pmc_abstract,259,,259,rate_percent,reported,KEYNOTE-059,NCT02335411,third-line or later advanced gastric/GEJ adenocarcinoma; all-comers (correct reference; cited PMID was wrong),third-line or later advanced gastric/GEJ adenocarcinoma; all-comers (correct reference; cited PMID was wrong),,,verified
cancer-ici-response-estimates,ICI-ccaccda0f7-01,STAD,PD-1,OS_RATE,23.4,PMID:29543932,prior_locator_source_section,"Abstract, Findings",numeric_source_location_not_verified,R044,Safety and Efficacy of Pembrolizumab Monotherapy in Patients With Previously Treated Advanced Gastric and Gastroesophageal Junction Cancer: Phase 2 Clinical KEYNOTE-059 Trial.,https://pubmed.ncbi.nlm.nih.gov/29543932/,https://pmc.ncbi.nlm.nih.gov/articles/PMC5885175/,cited_reference_found,ICI-ccaccda0f7-01,https://pmc.ncbi.nlm.nih.gov/articles/PMC5885175/,pmc_abstract,259,,259,rate_percent,reported,KEYNOTE-059,NCT02335411,third-line or later advanced gastric/GEJ adenocarcinoma; all-comers (correct reference; cited PMID was wrong),third-line or later advanced gastric/GEJ adenocarcinoma; all-comers (correct reference; cited PMID was wrong),,,verified
cancer-ici-response-estimates,ICI-33cc121b26-01,STAD,PD-1,DOR,16.3,PMID:29543932,prior_locator_source_section,"Abstract, Findings",numeric_source_location_not_verified,R044,Safety and Efficacy of Pembrolizumab Monotherapy in Patients With Previously Treated Advanced Gastric and Gastroesophageal Junction Cancer: Phase 2 Clinical KEYNOTE-059 Trial.,https://pubmed.ncbi.nlm.nih.gov/29543932/,https://pmc.ncbi.nlm.nih.gov/articles/PMC5885175/,cited_reference_found,ICI-33cc121b26-01,https://pmc.ncbi.nlm.nih.gov/articles/PMC5885175/,pmc_abstract,,,148,months,reported,"KEYNOTE-059 (cohort 1, PD-L1 CPS>=1 subgroup)",,third-line+; PD-L1 positive (CPS>=1) gastric/GEJ,third-line+; PD-L1 positive (CPS>=1) gastric/GEJ,,,PD-L1-positive subgroup; verified
cancer-ici-response-estimates,ICI-cf87d987e7-01,STAD,PD-1,DOR,6.9,PMID:29543932,prior_locator_source_section,"Abstract, Findings",numeric_source_location_not_verified,R044,Safety and Efficacy of Pembrolizumab Monotherapy in Patients With Previously Treated Advanced Gastric and Gastroesophageal Junction Cancer: Phase 2 Clinical KEYNOTE-059 Trial.,https://pubmed.ncbi.nlm.nih.gov/29543932/,https://pmc.ncbi.nlm.nih.gov/articles/PMC5885175/,cited_reference_found,ICI-cf87d987e7-01,https://pmc.ncbi.nlm.nih.gov/articles/PMC5885175/,pmc_abstract,,,109,months,reported,"KEYNOTE-059 (cohort 1, PD-L1 negative subgroup)",,third-line+; PD-L1 negative gastric/GEJ,third-line+; PD-L1 negative gastric/GEJ,,,PD-L1-negative subgroup; verified (range 2.4 to 7.0+)
cancer-ici-response-estimates,ICI-e37537fa7c-01,TGCT,PD-1,ORR,0,PMID:29045540,prior_locator_source_section,"Abstract, Results",numeric_source_location_not_verified,R040,Phase II trial of pembrolizumab in patients with platinum refractory germ-cell tumors: a Hoosier Cancer Research Network Study GU14-206.,https://pubmed.ncbi.nlm.nih.gov/29045540/,https://pubmed.ncbi.nlm.nih.gov/29045540/,cited_reference_found,ICI-e37537fa7c-01,https://pubmed.ncbi.nlm.nih.gov/29045540/,pubmed_abstract,12,0,12,percent,reported,Hoosier GU14-206,NCT02499952,platinum-refractory germ cell tumors (relapsed after cisplatin + >=1 salvage),platinum-refractory germ cell tumors (relapsed after cisplatin + >=1 salvage),,,0 CR + 0 PR; checkpoint monotherapy inactive in GCT
cancer-ici-response-estimates,ICI-2fe21eab0e-01,TGCT,PD-1,CRR,0,PMID:29045540,prior_locator_source_section,"Abstract, Results",numeric_source_location_not_verified,R040,Phase II trial of pembrolizumab in patients with platinum refractory germ-cell tumors: a Hoosier Cancer Research Network Study GU14-206.,https://pubmed.ncbi.nlm.nih.gov/29045540/,https://pubmed.ncbi.nlm.nih.gov/29045540/,cited_reference_found,ICI-2fe21eab0e-01,https://pubmed.ncbi.nlm.nih.gov/29045540/,pubmed_abstract,12,0,12,percent,reported,Hoosier GU14-206,NCT02499952,platinum-refractory germ cell tumors (relapsed after cisplatin + >=1 salvage),platinum-refractory germ cell tumors (relapsed after cisplatin + >=1 salvage),,,no complete responses
cancer-ici-response-estimates,ICI-49ee9f3ea2-01,TGCT,PD-1,DCR,16.7,PMID:29045540,prior_locator_source_section,"Abstract, Results",numeric_source_location_not_verified,R040,Phase II trial of pembrolizumab in patients with platinum refractory germ-cell tumors: a Hoosier Cancer Research Network Study GU14-206.,https://pubmed.ncbi.nlm.nih.gov/29045540/,https://pubmed.ncbi.nlm.nih.gov/29045540/,cited_reference_found,ICI-49ee9f3ea2-01,https://pubmed.ncbi.nlm.nih.gov/29045540/,pubmed_abstract,12,2,12,percent,computed_from_counts,Hoosier GU14-206,NCT02499952,platinum-refractory germ cell tumors (relapsed after cisplatin + >=1 salvage),platinum-refractory germ cell tumors (relapsed after cisplatin + >=1 salvage),,,2/12 radiographic SD (28 and 19 wks) but both with rising AFP despite stable imaging; derived value (CR+PR+SD)
cancer-ici-response-estimates,ICI-b738c2d9c3-01,THCA,PD-1,ORR,6.8,DOI:10.1002/cncr.34657,prior_locator_citation_only,,numeric_source_location_not_verified,R001,Efficacy and safety of pembrolizumab monotherapy in patients with advanced thyroid cancer in the phase 2 KEYNOTE-158 study.,https://doi.org/10.1002/cncr.34657,https://doi.org/10.1002/cncr.34657,cited_reference_found,ICI-b738c2d9c3-01,https://doi.org/10.1002/cncr.34657,doi_record,103,7,103,percent,reported,KEYNOTE-158,NCT02628067,advanced/previously-treated papillary or follicular (differentiated) thyroid cancer,advanced/previously-treated papillary or follicular (differentiated) thyroid cancer,,,matches table 6.8% (7/103)
cancer-ici-response-estimates,ICI-b9da0f2f10-01,THCA,PD-1,DOR,18.4,DOI:10.1002/cncr.34657,prior_locator_citation_only,,numeric_source_location_not_verified;small_denominator,R001,Efficacy and safety of pembrolizumab monotherapy in patients with advanced thyroid cancer in the phase 2 KEYNOTE-158 study.,https://doi.org/10.1002/cncr.34657,https://doi.org/10.1002/cncr.34657,cited_reference_found,ICI-b9da0f2f10-01,https://doi.org/10.1002/cncr.34657,doi_record,7,,103,months,reported,KEYNOTE-158,NCT02628067,advanced/previously-treated papillary or follicular (differentiated) thyroid cancer,advanced/previously-treated papillary or follicular (differentiated) thyroid cancer,,,range 4.2 to 47.2+ months
cancer-ici-response-estimates,ICI-c9e54f1c59-01,THCA,PD-1,PFS,4.2,DOI:10.1002/cncr.34657,prior_locator_citation_only,,numeric_source_location_not_verified,R001,Efficacy and safety of pembrolizumab monotherapy in patients with advanced thyroid cancer in the phase 2 KEYNOTE-158 study.,https://doi.org/10.1002/cncr.34657,https://doi.org/10.1002/cncr.34657,cited_reference_found,ICI-c9e54f1c59-01,https://doi.org/10.1002/cncr.34657,doi_record,103,,103,months,reported,KEYNOTE-158,NCT02628067,advanced/previously-treated papillary or follicular (differentiated) thyroid cancer,advanced/previously-treated papillary or follicular (differentiated) thyroid cancer,,,
cancer-ici-response-estimates,ICI-6c8a074707-01,THCA,PD-1,OS,34.5,DOI:10.1002/cncr.34657,prior_locator_citation_only,,numeric_source_location_not_verified,R001,Efficacy and safety of pembrolizumab monotherapy in patients with advanced thyroid cancer in the phase 2 KEYNOTE-158 study.,https://doi.org/10.1002/cncr.34657,https://doi.org/10.1002/cncr.34657,cited_reference_found,ICI-6c8a074707-01,https://doi.org/10.1002/cncr.34657,doi_record,103,,103,months,reported,KEYNOTE-158,NCT02628067,advanced/previously-treated papillary or follicular (differentiated) thyroid cancer,advanced/previously-treated papillary or follicular (differentiated) thyroid cancer,,,upper CI not reached
cancer-ici-response-estimates,ICI-3fda461db1-01,THCA,PD-1,ORR,8.7,DOI:10.1002/cncr.34657,prior_locator_citation_only,,numeric_source_location_not_verified,R001,Efficacy and safety of pembrolizumab monotherapy in patients with advanced thyroid cancer in the phase 2 KEYNOTE-158 study.,https://doi.org/10.1002/cncr.34657,https://doi.org/10.1002/cncr.34657,cited_reference_found,ICI-3fda461db1-01,https://doi.org/10.1002/cncr.34657,doi_record,46,,46,percent,reported,KEYNOTE-158 (PD-L1 CPS>=1 subgroup),,"differentiated thyroid cancer, PD-L1 CPS >=1","differentiated thyroid cancer, PD-L1 CPS >=1",,,PD-L1 CPS>=1 subgroup
cancer-ici-response-estimates,ICI-3c091423d1-01,THCA,PD-1,ORR,5.7,DOI:10.1002/cncr.34657,prior_locator_citation_only,,numeric_source_location_not_verified,R001,Efficacy and safety of pembrolizumab monotherapy in patients with advanced thyroid cancer in the phase 2 KEYNOTE-158 study.,https://doi.org/10.1002/cncr.34657,https://doi.org/10.1002/cncr.34657,cited_reference_found,ICI-3c091423d1-01,https://doi.org/10.1002/cncr.34657,doi_record,53,,53,percent,reported,KEYNOTE-158 (PD-L1 CPS<1 subgroup),,"differentiated thyroid cancer, PD-L1 CPS <1","differentiated thyroid cancer, PD-L1 CPS <1",,,PD-L1 CPS<1 subgroup
cancer-ici-response-estimates,ICI-290c164100-01,THYM,PD-L1,ORR,29,PMID:31639039,prior_locator_source_section,"Abstract, Results",numeric_source_location_not_verified;small_denominator,R068,Efficacy and tolerability of anti-programmed death-ligand 1 (PD-L1) antibody (Avelumab) treatment in advanced thymoma.,https://pubmed.ncbi.nlm.nih.gov/31639039/,https://pmc.ncbi.nlm.nih.gov/articles/PMC6805423/,cited_reference_found,ICI-290c164100-01,https://pmc.ncbi.nlm.nih.gov/articles/PMC6805423/,pmc_full_text,7,2,7,percent,reported,JAVELIN Solid Tumor,NCT01772004,"relapsed/advanced thymoma (phase 1 dose-escalation, 10-20 mg/kg q2w)","relapsed/advanced thymoma (phase 1 dose-escalation, 10-20 mg/kg q2w)",,,confirmed RECIST PR 2/7 (29%); verbatim from abstract; an additional 2/7 had unconfirmed PR
cancer-ici-response-estimates,ICI-e531355aa2-01,THYM,PD-L1,CRR,0,PMID:31639039,prior_locator_source_section,"Abstract, Results",numeric_source_location_not_verified;small_denominator,R068,Efficacy and tolerability of anti-programmed death-ligand 1 (PD-L1) antibody (Avelumab) treatment in advanced thymoma.,https://pubmed.ncbi.nlm.nih.gov/31639039/,https://pmc.ncbi.nlm.nih.gov/articles/PMC6805423/,cited_reference_found,ICI-e531355aa2-01,https://pmc.ncbi.nlm.nih.gov/articles/PMC6805423/,pmc_full_text,7,0,7,percent,reported,JAVELIN Solid Tumor,NCT01772004,"relapsed/advanced thymoma (phase 1 dose-escalation, 10-20 mg/kg q2w)","relapsed/advanced thymoma (phase 1 dose-escalation, 10-20 mg/kg q2w)",,,no complete responses reported
cancer-ici-response-estimates,ICI-244928197d-01,THYM,PD-L1,DCR,85.7,PMID:31639039,prior_locator_source_section,"Abstract, Results",numeric_source_location_not_verified;small_denominator,R068,Efficacy and tolerability of anti-programmed death-ligand 1 (PD-L1) antibody (Avelumab) treatment in advanced thymoma.,https://pubmed.ncbi.nlm.nih.gov/31639039/,https://pmc.ncbi.nlm.nih.gov/articles/PMC6805423/,cited_reference_found,ICI-244928197d-01,https://pmc.ncbi.nlm.nih.gov/articles/PMC6805423/,pmc_full_text,7,6,7,percent,computed_from_counts,JAVELIN Solid Tumor,NCT01772004,"relapsed/advanced thymoma (phase 1 dose-escalation, 10-20 mg/kg q2w)","relapsed/advanced thymoma (phase 1 dose-escalation, 10-20 mg/kg q2w)",,,6/7 (86%) derived: 2 cPR + 2 uPR + 2 SD; remaining 1 thymoma patient = PD. DCR not explicitly stated by authors but follows from abstract accounting
cancer-ici-response-estimates,ICI-727d3fda5e-01,THYM,PD-L1,UNCONFIRMED_ORR,57,PMID:31639039,prior_locator_source_section,"Abstract, Results",numeric_source_location_not_verified;small_denominator,R068,Efficacy and tolerability of anti-programmed death-ligand 1 (PD-L1) antibody (Avelumab) treatment in advanced thymoma.,https://pubmed.ncbi.nlm.nih.gov/31639039/,https://pmc.ncbi.nlm.nih.gov/articles/PMC6805423/,cited_reference_found,ICI-727d3fda5e-01,https://pmc.ncbi.nlm.nih.gov/articles/PMC6805423/,pmc_full_text,7,4,7,percent,reported,JAVELIN Solid Tumor,NCT01772004,"relapsed/advanced thymoma (phase 1 dose-escalation, 10-20 mg/kg q2w)","relapsed/advanced thymoma (phase 1 dose-escalation, 10-20 mg/kg q2w)",,,Best response in 4/7 patients (2 confirmed and 2 unconfirmed partial responses); this is not an immune-related response criterion endpoint.
cancer-ici-response-estimates,ICI-642dd49c90-01,THYM,PD-L1,ORR,0,PMID:31639039,prior_locator_source_section,"Abstract, Results",numeric_source_location_not_verified;small_denominator,R068,Efficacy and tolerability of anti-programmed death-ligand 1 (PD-L1) antibody (Avelumab) treatment in advanced thymoma.,https://pubmed.ncbi.nlm.nih.gov/31639039/,https://pmc.ncbi.nlm.nih.gov/articles/PMC6805423/,cited_reference_found,ICI-642dd49c90-01,https://pmc.ncbi.nlm.nih.gov/articles/PMC6805423/,pmc_full_text,1,0,1,percent,reported,"NCI phase 1 (Rajan), NCT01772004 - thymic carcinoma",NCT01772004,"advanced thymic carcinoma (1 patient, 10-20 mg/kg q2w)","advanced thymic carcinoma (1 patient, 10-20 mg/kg q2w)",,,single thymic-carcinoma patient; best response stable disease (one of the 3 SD patients per abstract); not thymoma - confirmed
cancer-ici-response-estimates,ICI-1db7f7a7ad-01,THYMCA,PD-1,ORR,22.5,PMID:29395863,prior_locator_source_section,"Abstract, Findings",numeric_source_location_not_verified,R042,"Pembrolizumab in patients with thymic carcinoma: a single-arm, single-centre, phase 2 study.",https://pubmed.ncbi.nlm.nih.gov/29395863/,https://pmc.ncbi.nlm.nih.gov/articles/PMC10683856/,cited_reference_found,ICI-1db7f7a7ad-01,https://pmc.ncbi.nlm.nih.gov/articles/PMC10683856/,pmc_full_text,40,9,40,percent,reported,pembrolizumab thymic carcinoma phase 2,NCT02364076,"advanced/recurrent thymic carcinoma, >=1 prior chemo, single-centre phase 2","advanced/recurrent thymic carcinoma, >=1 prior chemo, single-centre phase 2",,,matches table 22.5%; 9/40 (1 CR + 8 PR)
cancer-ici-response-estimates,ICI-d27552d68f-01,THYMCA,PD-1,SD,52.5,PMID:29395863,prior_locator_source_section,"Abstract, Findings",numeric_source_location_not_verified,R042,"Pembrolizumab in patients with thymic carcinoma: a single-arm, single-centre, phase 2 study.",https://pubmed.ncbi.nlm.nih.gov/29395863/,https://pmc.ncbi.nlm.nih.gov/articles/PMC10683856/,cited_reference_found,ICI-d27552d68f-01,https://pmc.ncbi.nlm.nih.gov/articles/PMC10683856/,pmc_full_text,40,21,40,percent,reported,pembrolizumab thymic carcinoma phase 2,NCT02364076,"advanced/recurrent thymic carcinoma, >=1 prior chemo, single-centre phase 2","advanced/recurrent thymic carcinoma, >=1 prior chemo, single-centre phase 2",,,21 stable disease (53%)
cancer-ici-response-estimates,ICI-74053911de-01,THYMCA,PD-1,ORR,19.2,PMID:29906252,prior_locator_source_section,"Abstract, Results",numeric_source_location_not_verified,R051,Pembrolizumab for Patients With Refractory or Relapsed Thymic Epithelial Tumor: An Open-Label Phase II Trial.,https://pubmed.ncbi.nlm.nih.gov/29906252/,https://pubmed.ncbi.nlm.nih.gov/29906252/,cited_reference_found,ICI-74053911de-01,https://pubmed.ncbi.nlm.nih.gov/29906252/,pubmed_abstract,26,5,26,percent,reported,Cho et al. open-label phase 2 (Korea),,"relapsed/refractory thymic carcinoma cohort, separate phase 2 (Cho et al., JCO 2019;37:2162-2170)","relapsed/refractory thymic carcinoma cohort, separate phase 2 (Cho et al., JCO 2019;37:2162-2170)",,,"CORRECTED PMID (was 31464247, an unrelated CKD paper; correct is 29906252). Cho thymic carcinoma cohort 5/26 = 19.2% (95% CI 8.5-37.9); DCR 73.1%"
cancer-ici-response-estimates,ICI-506b32f2a7-01,UCEC,PD-1,ORR,15.0,,prior_locator_not_applicable,,excluded_from_pooling;no_direct_reference;numeric_source_location_not_verified;response_denominator_missing,,,,,no_direct_reference,ICI-506b32f2a7-01,,missing_citation,,,,percent,derived_blend,KEYNOTE-158,NCT02628067,all-comers (MMR-dependent),all-comers (MMR-dependent),,,prevalence-weighted blend of UCEC_MSI (48%) + UCEC_CNL/CNH pMMR (7%) at dMMR prevalence ~20%; not a single-trial value; KEYNOTE-158 both cohorts; 0.20*48 + 0.80*7 = 15.2%; advanced-EC dMMR prevalence ~20%
cancer-ici-response-estimates,ICI-64a41d348a-01,UCEC_POLE,PD-1,PR_COUNT,1,PMID:27159395,prior_locator_verified,"Results and Discussion, partial response at 8 weeks",small_denominator,R027,Immune activation and response to pembrolizumab in POLE-mutant endometrial cancer.,https://pubmed.ncbi.nlm.nih.gov/27159395/,https://pmc.ncbi.nlm.nih.gov/articles/PMC4887167/ | https://www.jci.org/articles/view/84940,cited_reference_found,ICI-64a41d348a-01,https://www.jci.org/articles/view/84940,publisher_full_text,1,1,1,patients,reported_context,Mehnert POLE-mutant EC exceptional responder,,POLE-mutant ultramutated recurrent/metastatic endometrial cancer case report,POLE-mutant ultramutated recurrent/metastatic endometrial cancer case report,,,Selected exceptional-responder case: one patient had a sustained partial response. This is not a population ORR or a binomial sampling cohort; no population CI or pooling is appropriate.
cancer-ici-response-estimates,ICI-81454d98c0-01,UCEC_CNH,PD-1,CRR,0,PMID:39847999,prior_locator_source_section,"Abstract, Results",excluded_from_pooling;numeric_source_location_not_verified,R105,Pembrolizumab in microsatellite instability-high/mismatch repair deficient (MSI-H/dMMR) and non-MSI-H/non-dMMR advanced endometrial cancer: Phase 2 KEYNOTE-158 study results.,https://pubmed.ncbi.nlm.nih.gov/39847999/,https://pubmed.ncbi.nlm.nih.gov/39847999/,cited_reference_found,ICI-81454d98c0-01,https://pubmed.ncbi.nlm.nih.gov/39847999/,pubmed_abstract,96,0,96,percent,reported_context,KEYNOTE-158,NCT02628067,pMMR/MSS advanced endometrial cancer (best real source for cited setting),pMMR/MSS advanced endometrial cancer (best real source for cited setting),,,no complete responses; verified
cancer-ici-response-estimates,ICI-bd96872001-01,UCEC_CNL,PD-1,CRR,0,PMID:39847999,prior_locator_source_section,"Abstract, Results",excluded_from_pooling;numeric_source_location_not_verified,R105,Pembrolizumab in microsatellite instability-high/mismatch repair deficient (MSI-H/dMMR) and non-MSI-H/non-dMMR advanced endometrial cancer: Phase 2 KEYNOTE-158 study results.,https://pubmed.ncbi.nlm.nih.gov/39847999/,https://pubmed.ncbi.nlm.nih.gov/39847999/,cited_reference_found,ICI-bd96872001-01,https://pubmed.ncbi.nlm.nih.gov/39847999/,pubmed_abstract,96,0,96,percent,reported_context,KEYNOTE-158,NCT02628067,"non-MSI-H/non-dMMR (pMMR/MSS) advanced endometrial cancer, prior systemic therapy","non-MSI-H/non-dMMR (pMMR/MSS) advanced endometrial cancer, prior systemic therapy",,,no complete responses
cancer-ici-response-estimates,ICI-71a3411cc4-01,UCEC_CNL,PD-1,MEDIAN_FOLLOW_UP,68.3,PMID:39847999,prior_locator_source_section,"Abstract, Results",numeric_source_location_not_verified,R105,Pembrolizumab in microsatellite instability-high/mismatch repair deficient (MSI-H/dMMR) and non-MSI-H/non-dMMR advanced endometrial cancer: Phase 2 KEYNOTE-158 study results.,https://pubmed.ncbi.nlm.nih.gov/39847999/,https://pubmed.ncbi.nlm.nih.gov/39847999/,cited_reference_found,ICI-71a3411cc4-01,https://pubmed.ncbi.nlm.nih.gov/39847999/,pubmed_abstract,96,,96,months,reported_context,KEYNOTE-158,NCT02628067,"non-MSI-H/non-dMMR (pMMR/MSS) advanced endometrial cancer, prior systemic therapy","non-MSI-H/non-dMMR (pMMR/MSS) advanced endometrial cancer, prior systemic therapy",,,"as of Jan 12, 2022 data cutoff; range 64.3-71.9 months"
cancer-ici-response-estimates,ICI-e3b25a0916-01,UCEC_MSI,PD-1,ORR,48.0,PMID:39847999,prior_locator_source_section,"Abstract, Results",numeric_source_location_not_verified,R105,Pembrolizumab in microsatellite instability-high/mismatch repair deficient (MSI-H/dMMR) and non-MSI-H/non-dMMR advanced endometrial cancer: Phase 2 KEYNOTE-158 study results.,https://pubmed.ncbi.nlm.nih.gov/39847999/,https://pubmed.ncbi.nlm.nih.gov/39847999/,cited_reference_found,ICI-e3b25a0916-01,https://pubmed.ncbi.nlm.nih.gov/39847999/,pubmed_abstract,94,,94,percent,reported,KEYNOTE-158,NCT02628067,"MSI-H/dMMR advanced endometrial cancer, prior systemic therapy (long-term follow-up, median 54.5 mo)","MSI-H/dMMR advanced endometrial cancer, prior systemic therapy (long-term follow-up, median 54.5 mo)",,,"KEYNOTE-158 dMMR/MSI-H endometrial cohort, long-term follow-up (O'Malley 2022): ORR 48% (95% CI 37-60), n=94; earlier cutoff reported 50%"
cancer-ici-response-estimates,ICI-dc53353bd1-01,UCEC_MSI,PD-1,MEDIAN_FOLLOW_UP,54.5,PMID:39847999,prior_locator_source_section,"Abstract, Results",numeric_source_location_not_verified,R105,Pembrolizumab in microsatellite instability-high/mismatch repair deficient (MSI-H/dMMR) and non-MSI-H/non-dMMR advanced endometrial cancer: Phase 2 KEYNOTE-158 study results.,https://pubmed.ncbi.nlm.nih.gov/39847999/,https://pubmed.ncbi.nlm.nih.gov/39847999/,cited_reference_found,ICI-dc53353bd1-01,https://pubmed.ncbi.nlm.nih.gov/39847999/,pubmed_abstract,94,,94,months,reported,KEYNOTE-158,NCT02628067,"MSI-H/dMMR advanced endometrial cancer, prior systemic therapy (long-term follow-up, median 54.5 mo)","MSI-H/dMMR advanced endometrial cancer, prior systemic therapy (long-term follow-up, median 54.5 mo)",,,range 14.7-71.4 (confirmed)
cancer-ici-response-estimates,ICI-666d42d93f-01,UCEC_MSI,PD-1,CRR,14,PMID:34990208,prior_locator_source_section,"Abstract, RESULTS",numeric_source_location_not_verified,R088,Pembrolizumab in Patients With Microsatellite Instability-High Advanced Endometrial Cancer: Results From the KEYNOTE-158 Study.,https://pubmed.ncbi.nlm.nih.gov/34990208/,https://pmc.ncbi.nlm.nih.gov/articles/PMC8887941/,cited_reference_found,ICI-666d42d93f-01,https://pmc.ncbi.nlm.nih.gov/articles/PMC8887941/,pmc_full_text,79,11,79,percent,reported,KEYNOTE-158,,"MSI-H/dMMR advanced endometrial cancer (2022 interim publication, the CITED paper)","MSI-H/dMMR advanced endometrial cancer (2022 interim publication, the CITED paper)",,,11 complete responses (confirmed)
cancer-ici-response-estimates,ICI-74214de11c-01,UCEC_MSI,PD-1,PRR,34,PMID:34990208,prior_locator_source_section,"Abstract, RESULTS",numeric_source_location_not_verified,R088,Pembrolizumab in Patients With Microsatellite Instability-High Advanced Endometrial Cancer: Results From the KEYNOTE-158 Study.,https://pubmed.ncbi.nlm.nih.gov/34990208/,https://pmc.ncbi.nlm.nih.gov/articles/PMC8887941/,cited_reference_found,ICI-74214de11c-01,https://pmc.ncbi.nlm.nih.gov/articles/PMC8887941/,pmc_full_text,79,27,79,percent,reported,KEYNOTE-158,,"MSI-H/dMMR advanced endometrial cancer (2022 interim publication, the CITED paper)","MSI-H/dMMR advanced endometrial cancer (2022 interim publication, the CITED paper)",,,27 partial responses (confirmed)
cancer-ici-response-estimates,ICI-c08a7eeed5-01,UCEC_MSI,PD-1,MEDIAN_FOLLOW_UP,42.6,PMID:34990208,prior_locator_not_verified,,numeric_source_location_not_verified,R088,Pembrolizumab in Patients With Microsatellite Instability-High Advanced Endometrial Cancer: Results From the KEYNOTE-158 Study.,https://pubmed.ncbi.nlm.nih.gov/34990208/,https://pmc.ncbi.nlm.nih.gov/articles/PMC8887941/,cited_reference_found,ICI-c08a7eeed5-01,https://pmc.ncbi.nlm.nih.gov/articles/PMC8887941/,pmc_full_text,79,,79,months,reported,KEYNOTE-158,,"MSI-H/dMMR advanced endometrial cancer (2022 interim publication, the CITED paper)","MSI-H/dMMR advanced endometrial cancer (2022 interim publication, the CITED paper)",,,median follow-up 42.6 mo (range 6.4-56.1) for 2022 paper; was missing from original extraction
cancer-ici-response-estimates,ICI-8e49d3b5f6-01,UVM,PD-(L)1,DURABLE DISEASE CONTROL,9,PMID:27533448,prior_locator_source_section,"Abstract, RESULTS",numeric_source_location_not_verified,R029,Clinical outcomes in metastatic uveal melanoma treated with PD-1 and PD-L1 antibodies.,https://pubmed.ncbi.nlm.nih.gov/27533448/,https://pmc.ncbi.nlm.nih.gov/articles/PMC5767160/,cited_reference_found,ICI-8e49d3b5f6-01,https://pmc.ncbi.nlm.nih.gov/articles/PMC5767160/,pmc_full_text,56,5,56,percent,reported_context,pooled uveal series,,"metastatic (stage IV) uveal melanoma, retrospective 9-center series 2009-2015","metastatic (stage IV) uveal melanoma, retrospective 9-center series 2009-2015",,,"Stable disease for at least 6 months in 5/56 patients (9%); this is durable disease control, not conventional CR+PR+SD disease control."
cancer-ici-response-estimates,ICI-ed31cd419b-01,UVM,PD-1+CTLA-4,ORR,11.5,PMID:33417511,prior_locator_source_section,"Abstract, Results",numeric_source_location_not_verified,R079,"Nivolumab Plus Ipilimumab for Treatment-Naïve Metastatic Uveal Melanoma: An Open-Label, Multicenter, Phase II Trial by the Spanish Multidisciplinary Melanoma Group (GEM-1402).",https://pubmed.ncbi.nlm.nih.gov/33417511/,https://pubmed.ncbi.nlm.nih.gov/33417511/,cited_reference_found,ICI-ed31cd419b-01,https://pubmed.ncbi.nlm.nih.gov/33417511/,pubmed_abstract,52,6,52,percent,reported,"GEM-1402 (Piulats et al., Spanish Melanoma Group)",,"treatment-naive metastatic uveal melanoma, single-arm phase II (CTLA-4 combo, different regimen)","treatment-naive metastatic uveal melanoma, single-arm phase II (CTLA-4 combo, different regimen)",,,"1 CR + 5 PR; combo regimen (not PD-1 monotherapy) - context only; PMID CORRECTED from bogus 33861625 to 33417511 (JCO 2021, DOI 10.1200/JCO.20.00550)"
cancer-ici-response-estimates,ICI-15d1787eb3-01,VSCC,PD-1,ORR,28.6,PMID:35361487,prior_locator_verified,"Abstract, Results",small_denominator,R092,Efficacy and safety of pembrolizumab for patients with previously treated advanced vulvar squamous cell carcinoma: Results from the phase 2 KEYNOTE-158 study.,https://pubmed.ncbi.nlm.nih.gov/35361487/,https://pubmed.ncbi.nlm.nih.gov/35361487/,cited_reference_found,ICI-15d1787eb3-01,https://pubmed.ncbi.nlm.nih.gov/35361487/,pubmed_abstract,7,2,101,percent,reported,KEYNOTE-158,NCT02628067,advanced/previously-treated vulvar SCC,advanced/previously-treated vulvar SCC,,,"PD-L1-negative subgroup; confirmed 28.6% (3.7-71.0), n=7; tiny-n."
cancer-ici-response-estimates,ICI-8d0d9e4e21-01,cSCC,PD-1,CRR,3.8,PMID:32673170,prior_locator_source_section,"Abstract, RESULTS",numeric_source_location_not_verified,R073,Pembrolizumab Monotherapy for Recurrent or Metastatic Cutaneous Squamous Cell Carcinoma: A Single-Arm Phase II Trial (KEYNOTE-629).,https://pubmed.ncbi.nlm.nih.gov/32673170/,https://pmc.ncbi.nlm.nih.gov/articles/PMC7460151/,cited_reference_found,ICI-8d0d9e4e21-01,https://pmc.ncbi.nlm.nih.gov/articles/PMC7460151/,pmc_full_text,105,4,105,percent,reported,KEYNOTE-629,NCT03284424,"recurrent/metastatic cutaneous SCC (R/M cohort, primary analysis)","recurrent/metastatic cutaneous SCC (R/M cohort, primary analysis)",,,4 complete responses
cancer-ici-response-estimates,ICI-3b85b565b0-01,cSCC,PD-1,PRR,30.5,PMID:32673170,prior_locator_source_section,"Abstract, RESULTS",numeric_source_location_not_verified,R073,Pembrolizumab Monotherapy for Recurrent or Metastatic Cutaneous Squamous Cell Carcinoma: A Single-Arm Phase II Trial (KEYNOTE-629).,https://pubmed.ncbi.nlm.nih.gov/32673170/,https://pmc.ncbi.nlm.nih.gov/articles/PMC7460151/,cited_reference_found,ICI-3b85b565b0-01,https://pmc.ncbi.nlm.nih.gov/articles/PMC7460151/,pmc_full_text,105,32,105,percent,reported,KEYNOTE-629,NCT03284424,"recurrent/metastatic cutaneous SCC (R/M cohort, primary analysis)","recurrent/metastatic cutaneous SCC (R/M cohort, primary analysis)",,,32 partial responses
cancer-ici-response-estimates,ICI-897a51cb7a-01,cSCC,PD-1,ORR,47,PMID:29863979,prior_locator_source_section,"Abstract, Results",numeric_source_location_not_verified,R048,PD-1 Blockade with Cemiplimab in Advanced Cutaneous Squamous-Cell Carcinoma.,https://pubmed.ncbi.nlm.nih.gov/29863979/,https://pubmed.ncbi.nlm.nih.gov/29863979/,cited_reference_found,ICI-897a51cb7a-01,https://pubmed.ncbi.nlm.nih.gov/29863979/,pubmed_abstract,59,28,59,percent,reported,"EMPOWER-CSCC-1 / Study 1540 (Migden 2018, phase 2 metastatic cohort)",,metastatic cutaneous SCC,metastatic cutaneous SCC,,,28/59 (47%); 4 CR + 24 PR; median follow-up 7.9 mo; verified vs NEJM phase 2 metastatic cohort
cancer-ici-response-estimates,ICI-2a7de231fa-01,STAD_MSI,PD-1,ORR,57.1,PMID:29543932,prior_locator_verified,"Results, Microsatellite Instability",small_denominator,R044,Safety and Efficacy of Pembrolizumab Monotherapy in Patients With Previously Treated Advanced Gastric and Gastroesophageal Junction Cancer: Phase 2 Clinical KEYNOTE-059 Trial.,https://pubmed.ncbi.nlm.nih.gov/29543932/,https://pmc.ncbi.nlm.nih.gov/articles/PMC5885175/,cited_reference_found,ICI-2a7de231fa-01,https://pmc.ncbi.nlm.nih.gov/articles/PMC5885175/,pmc_full_text,7,4,7,percent,reported,KEYNOTE-059,NCT02335411,third-line or later advanced MSI-H gastric/GEJ adenocarcinoma,third-line or later advanced MSI-H gastric/GEJ adenocarcinoma,,,4/7 patients with MSI-high samples experienced objective response; the non-MSI-high subgroup ORR was 9.0% (15/167).
