reference_id,reference,title,year,authors,journal,pmid,doi,pmcid,source_url,full_text_or_existing_document_urls,publication_types,metadata_status,metadata_provider,lookup_error,numeric_claim_review_status,flagged_record_count,tmb_record_count,response_record_count,cancer_codes,review_flags,existing_locators,inventory_title,followup_source_references,followup_source_urls,source_trace_notes
R001,DOI:10.1002/cncr.34657,Efficacy and safety of pembrolizumab monotherapy in patients with advanced thyroid cancer in the phase 2 KEYNOTE-158 study.,2023,Oh DY; Algazi A; Capdevila J; Longo F; Miller W; Chun Bing JT; Bonilla CE; Chung HC; Guren TK; Lin CC; Motola-Kuba D; Shah M; Hadoux J; Yao L; Jin F; Norwood K; Lebellec L,Cancer,36748723,10.1002/cncr.34657,,https://doi.org/10.1002/cncr.34657,https://doi.org/10.1002/cncr.34657,"Clinical Trial, Phase II; Journal Article; Research Support, Non-U.S. Gov't",retrieved_live,NCBI PubMed,,unresolved_audit_flags,8,0,8,THCA,numeric_source_location_not_verified; small_denominator,,Efficacy and safety of pembrolizumab monotherapy in patients with advanced thyroid cancer in the phase 2 KEYNOTE-158 study.,,,
R002,DOI:10.1016/j.annonc.2023.10.123,Final analysis of phase II results with cemiplimab in metastatic basal cell carcinoma after hedgehog pathway inhibitors.,2024,Lewis KD; Peris K; Sekulic A; Stratigos AJ; Dunn L; Eroglu Z; Chang ALS; Migden MR; Yoo SY; Mohan K; Coates E; Okoye E; Bowler T; Baurain JF; Bechter O; Hauschild A; Butler MO; Hernandez-Aya L; Licitra L; Neves RI; Ruiz ES; Seebach F; Lowy I; Goncalves P; Fury MG,Annals of oncology : official journal of the European Society for Medical Oncology,38072158,10.1016/j.annonc.2023.10.123,,https://doi.org/10.1016/j.annonc.2023.10.123,https://doi.org/10.1016/j.annonc.2023.10.123,"Clinical Trial, Phase II; Journal Article",retrieved_live,NCBI PubMed,,unresolved_audit_flags,5,0,5,BCC,numeric_source_location_not_verified,,Final analysis of phase II results with cemiplimab in metastatic basal cell carcinoma after hedgehog pathway inhibitors.,,,
R003,DOI:10.1016/j.cell.2017.10.014,Comprehensive and Integrated Genomic Characterization of Adult Soft Tissue Sarcomas.,2017,Cancer Genome Atlas Research Network. Electronic address: elizabeth.demicco@sinaihealthsystem.ca; Cancer Genome Atlas Research Network,Cell,29100075,10.1016/j.cell.2017.10.014,PMC5693358,https://doi.org/10.1016/j.cell.2017.10.014,https://pmc.ncbi.nlm.nih.gov/articles/PMC5693358/,Journal Article,retrieved_live,NCBI PubMed,,unresolved_audit_flags,7,7,0,SARC; SARC_DDLPS; SARC_LMS; SARC_LPS_UNSPEC; SARC_MYXFIB; SARC_SYN; SARC_UPS,tmb_source_not_revalidated,,Comprehensive and Integrated Genomic Characterization of Adult Soft Tissue Sarcomas.,,,
R004,DOI:10.1016/j.celrep.2024.113826,The genomic and evolutionary landscapes of anaplastic thyroid carcinoma.,2024,Zeng PYF; Prokopec SD; Lai SY; Pinto N; Chan-Seng-Yue MA; Clifton-Bligh R; Williams MD; Howlett CJ; Plantinga P; Cecchini MJ; Lam AK; Siddiqui I; Wang J; Sun RX; Watson JD; Korah R; Carling T; Agrawal N; Cipriani N; Ball D; Nelkin B; Rooper LM; Bishop JA; Garnis C; Berean K; Nicolson NG; Weinberger P; Henderson YC; Lalansingh CM; Tian M; Yamaguchi TN; Livingstone J; Salcedo A; Patel K; Vizeacoumar F; Datti A; Xi L; Nikiforov YE; Smallridge R; Copland JA; Marlow LA; Hyrcza MD; Delbridge L; Sidhu S; Sywak M; Robinson B; Fung K; Ghasemi F; Kwan K; MacNeil SD; Mendez A; Palma DA; Khan MI; Shaikh M; Ruicci KM; Wehrli B; Winquist E; Yoo J; Mymryk JS; Rocco JW; Wheeler D; Scherer S; Giordano TJ; Barrett JW; Faquin WC; Gill AJ; Clayman G; Boutros PC; Nichols AC,Cell reports,38412093,10.1016/j.celrep.2024.113826,PMC11077417,https://doi.org/10.1016/j.celrep.2024.113826,https://pmc.ncbi.nlm.nih.gov/articles/PMC11077417/,"Journal Article; Research Support, N.I.H., Extramural; Research Support, Non-U.S. Gov't",retrieved_live,NCBI PubMed,,unresolved_audit_flags,1,1,0,ATC,tmb_source_not_revalidated,,The genomic and evolutionary landscapes of anaplastic thyroid carcinoma.,,,
R005,DOI:10.1016/j.ejca.2018.11.015,"Durvalumab for recurrent or metastatic head and neck squamous cell carcinoma: Results from a single-arm, phase II study in patients with ≥25% tumour cell PD-L1 expression who have progressed on platinum-based chemotherapy.",2019,Zandberg DP; Algazi AP; Jimeno A; Good JS; Fayette J; Bouganim N; Ready NE; Clement PM; Even C; Jang RW; Wong S; Keilholz U; Gilbert J; Fenton M; Braña I; Henry S; Remenar E; Papai Z; Siu LL; Jarkowski A; Armstrong JM; Asubonteng K; Fan J; Melillo G; Mesía R,"European journal of cancer (Oxford, England : 1990)",30576970,10.1016/j.ejca.2018.11.015,,https://doi.org/10.1016/j.ejca.2018.11.015,https://doi.org/10.1016/j.ejca.2018.11.015,"Clinical Trial, Phase II; Journal Article; Multicenter Study",retrieved_live,NCBI PubMed,,unresolved_audit_flags,8,0,8,HNSC,numeric_source_location_not_verified; response_denominator_missing,,"Durvalumab for recurrent or metastatic head and neck squamous cell carcinoma: Results from a single-arm, phase II study in patients with ≥25% tumour cell PD-L1 expression who have progressed on platinum-based chemotherapy.",,,
R006,DOI:10.1038/s41416-020-0775-0,"Pembrolizumab monotherapy in patients with previously treated metastatic high-grade neuroendocrine neoplasms: joint analysis of two prospective, non-randomised trials.",2020,Vijayvergia N; Dasari A; Deng M; Litwin S; Al-Toubah T; Alpaugh RK; Dotan E; Hall MJ; Ross NM; Runyen MM; Denlinger CS; Halperin DM; Cohen SJ; Engstrom PF; Strosberg JR,British journal of cancer,32152503,10.1038/s41416-020-0775-0,PMC7188798,https://doi.org/10.1038/s41416-020-0775-0,https://pmc.ncbi.nlm.nih.gov/articles/PMC7188798/,"Clinical Trial, Phase II; Journal Article; Research Support, N.I.H., Extramural; Research Support, Non-U.S. Gov't",retrieved_live,NCBI PubMed,,unresolved_audit_flags,2,0,2,NEN_EXTRAPULMONARY_HG,numeric_source_location_not_verified; small_denominator,"Abstract, Results","Pembrolizumab monotherapy in patients with previously treated metastatic high-grade neuroendocrine neoplasms: joint analysis of two prospective, non-randomised trials.",,,
R007,DOI:10.1038/s41598-018-31659-0,An integrated genomic analysis of anaplastic meningioma identifies prognostic molecular signatures.,2018,Collord G; Tarpey P; Kurbatova N; Martincorena I; Moran S; Castro M; Nagy T; Bignell G; Maura F; Young MD; Berna J; Tubio JMC; McMurran CE; Young AMH; Sanders M; Noorani I; Price SJ; Watts C; Leipnitz E; Kirsch M; Schackert G; Pearson D; Devadass A; Ram Z; Collins VP; Allinson K; Jenkinson MD; Zakaria R; Syed K; Hanemann CO; Dunn J; McDermott MW; Kirollos RW; Vassiliou GS; Esteller M; Behjati S; Brazma A; Santarius T; McDermott U,Scientific reports,30202034,10.1038/s41598-018-31659-0,PMC6131140,https://doi.org/10.1038/s41598-018-31659-0,https://pmc.ncbi.nlm.nih.gov/articles/PMC6131140/,"Journal Article; Research Support, Non-U.S. Gov't",retrieved_live,NCBI PubMed,,unresolved_audit_flags,1,1,0,MENINGIOMA,tmb_source_not_revalidated,,An integrated genomic analysis of anaplastic meningioma identifies prognostic molecular signatures.,,,
R008,DOI:10.1056/EVIDoa2100070,Tremelimumab plus Durvalumab in Unresectable Hepatocellular Carcinoma,2022,Abou-Alfa Ghassan K.; Lau George; Kudo Masatoshi; Chan Stephen L.; Kelley Robin Kate; Furuse Junji; Sukeepaisarnjaroen Wattana; Kang Yoon-Koo; Van Dao Tu; De Toni Enrico N.; Rimassa Lorenza; Breder Valeriy; Vasilyev Alexander; Heurgué Alexandra; Tam Vincent C.; Mody Kabir; Thungappa Satheesh Chiradoni; Ostapenko Yuriy; Yau Thomas; Azevedo Sergio; Varela María; Cheng Ann-Lii; Qin Shukui; Galle Peter R.; Ali Sajid; Marcovitz Michelle; Makowsky Mallory; He Philip; Kurland John F.; Negro Alejandra; Sangro Bruno,NEJM Evidence,,10.1056/evidoa2100070,,https://doi.org/10.1056/EVIDoa2100070,https://doi.org/10.1056/EVIDoa2100070,journal-article,retrieved_live,Crossref DOI registry,,unresolved_audit_flags,15,0,15,LIHC,numeric_source_location_not_verified,,Tremelimumab plus Durvalumab in Unresectable Hepatocellular Carcinoma.,,,
R009,DOI:10.1080/10428194.2022.2034155,Pembrolizumab for myelodysplastic syndromes after failure of hypomethylating agents in the phase 1b KEYNOTE-013 study.,2022,Garcia-Manero G; Ribrag V; Zhang Y; Farooqui M; Marinello P; Smith BD,Leukemia & lymphoma,35244520,10.1080/10428194.2022.2034155,,https://doi.org/10.1080/10428194.2022.2034155,https://doi.org/10.1080/10428194.2022.2034155,"Clinical Trial, Phase I; Journal Article; Research Support, Non-U.S. Gov't",retrieved_live,NCBI PubMed,,unresolved_audit_flags,2,0,2,MDS,numeric_source_location_not_verified,,Pembrolizumab for myelodysplastic syndromes after failure of hypomethylating agents in the phase 1b KEYNOTE-013 study.,,,
R010,DOI:10.1158/1078-0432.CCR-19-3356,A Phase II Basket Trial of Dual Anti–CTLA-4 and Anti–PD-1 Blockade in Rare Tumors (DART SWOG 1609) in Patients with Nonpancreatic Neuroendocrine Tumors,2020,Patel Sandip P.; Othus Megan; Chae Young Kwang; Giles Francis J.; Hansel Donna E.; Singh Preet Paul; Fontaine Annette; Shah Manisha H.; Kasi Anup; Baghdadi Tareq Al; Matrana Marc; Gatalica Zoran; Korn W. Michael; Hayward Jourdain; McLeod Christine; Chen Helen X.; Sharon Elad; Mayerson Edward; Ryan Christopher W.; Plets Melissa; Blanke Charles D.; Kurzrock Razelle,Clinical Cancer Research,,10.1158/1078-0432.ccr-19-3356,,https://doi.org/10.1158/1078-0432.CCR-19-3356,https://pmc.ncbi.nlm.nih.gov/articles/PMC7231627/,journal-article,retrieved_live,Crossref DOI registry,,unresolved_audit_flags,4,0,4,NEC_LUNG_LARGECELL,numeric_source_location_not_verified,RESULTS > Outcomes,A Phase II Basket Trial of Dual Anti-CTLA-4 and Anti-PD-1 Blockade in Rare Tumors (DART SWOG 1609) in Patients with Nonpancreatic Neuroendocrine Tumors.,,,
R011,DOI:10.1182/blood-2017-02-765685,Pembrolizumab in patients with CLL and Richter transformation or with relapsed CLL.,2017,Ding W; LaPlant BR; Call TG; Parikh SA; Leis JF; He R; Shanafelt TD; Sinha S; Le-Rademacher J; Feldman AL; Habermann TM; Witzig TE; Wiseman GA; Lin Y; Asmus E; Nowakowski GS; Conte MJ; Bowen DA; Aitken CN; Van Dyke DL; Greipp PT; Liu X; Wu X; Zhang H; Secreto CR; Tian S; Braggio E; Wellik LE; Micallef I; Viswanatha DS; Yan H; Chanan-Khan AA; Kay NE; Dong H; Ansell SM,Blood,28424162,10.1182/blood-2017-02-765685,PMC5492091,https://doi.org/10.1182/blood-2017-02-765685,https://pmc.ncbi.nlm.nih.gov/articles/PMC5492091/,"Clinical Trial, Phase II; Journal Article",retrieved_live,NCBI PubMed,,unresolved_audit_flags,4,0,4,CLL,numeric_source_location_not_verified; small_denominator,Abstract,Pembrolizumab in patients with CLL and Richter transformation or with relapsed CLL.,,,
R012,DOI:10.1182/blood.2019004753,"Efficacy and safety results from CheckMate 140, a phase 2 study of nivolumab for relapsed/refractory follicular lymphoma.",2021,Armand P; Janssens A; Gritti G; Radford J; Timmerman J; Pinto A; Mercadal Vilchez S; Johnson P; Cunningham D; Leonard JP; Rodig SJ; Martín-Regueira P; Sumbul A; Samakoglu S; Tang H; Ansell SM,Blood,32870269,10.1182/blood.2019004753,PMC7869188,https://doi.org/10.1182/blood.2019004753,https://pmc.ncbi.nlm.nih.gov/articles/PMC7869188/,"Clinical Trial, Phase II; Journal Article; Research Support, Non-U.S. Gov't",retrieved_live,NCBI PubMed,,unresolved_audit_flags,5,0,5,FL,numeric_source_location_not_verified,Abstract,"Efficacy and safety results from CheckMate 140, a phase 2 study of nivolumab for relapsed/refractory follicular lymphoma.",,,
R013,DOI:10.1200/JCO.2019.37.15_suppl.11015,Clinical activity of pembrolizumab (P) in undifferentiated pleomorphic sarcoma (UPS) and dedifferentiated/pleomorphic liposarcoma (LPS): Final results of SARC028 expansion cohorts.,2019,Burgess Melissa Amber; Bolejack Vanessa; Schuetze Scott; Van Tine Brian Andrew; Attia Steven; Riedel Richard F.; Hu James S; Davis Lara Emily; Okuno Scott H.; Priebat Dennis A.; Movva Sujana; Reed Damon R.; D'Angelo Sandra P.; Lazar Alexander J.; Keung Emily Zhi-Yun; Reinke Denise K.; Baker Laurence H.; Maki Robert G.; Patel Shreyaskumar; Tawbi Hussein Abdul-Hassan,Journal of Clinical Oncology,,10.1200/jco.2019.37.15_suppl.11015,,https://ascopubs.org/doi/10.1200/JCO.2019.37.15_suppl.11015,https://doi.org/10.1200/JCO.2019.37.15_suppl.11015,journal-article,retrieved_live,Crossref DOI registry,,unresolved_audit_flags,18,0,18,SARC_DDLPS; SARC_UPS,numeric_source_location_not_verified,,Clinical activity of pembrolizumab in undifferentiated pleomorphic sarcoma and dedifferentiated/pleomorphic liposarcoma: Final results of SARC028 expansion cohorts.,,,
R014,DOI:10.1200/JCO.2019.37.15_suppl.4569,KEYNOTE-427 cohort B: First-line pembrolizumab (pembro) monotherapy for advanced non‒clear cell renal cell carcinoma (NCC-RCC).,2019,Lee Jae-Lyun; Ziobro Marek; Gafanov Rustem; Matveev Vsevolod Borisovich; Suarez Cristina; Donskov Frede; Pouliot Frederic; Alekseev Boris Yakovlevich; Wiechno Pawel J.; Tomczak Piotr; Climent Miguel Ángel; Shin Sang Joon; Silverman Rachel Kloss; Perini Rodolfo F.; Schloss Charles; McDermott David F.; Atkins Michael B.,Journal of Clinical Oncology,,10.1200/jco.2019.37.15_suppl.4569,,https://ascopubs.org/doi/10.1200/JCO.2019.37.15_suppl.4569,https://doi.org/10.1200/JCO.2019.37.15_suppl.4569,journal-article,retrieved_live,Crossref DOI registry,,unresolved_audit_flags,3,0,3,RCC_NCC; RCC_NCC_UNCLASSIFIED,numeric_source_location_not_verified,,KEYNOTE-427 cohort B: First-line pembrolizumab monotherapy for advanced non-clear cell renal cell carcinoma.,,,
R015,DOI:10.1200/JCO.2020.38.15_suppl.6513,A phase II study of nivolumab (N) plus ipilimumab (I) in radioidine refractory differentiated thyroid cancer (RAIR DTC) with exploratory cohorts in anaplastic (ATC) and medullary thyroid cancer (MTC).,2020,Lorch Jochen H.; Barletta Justine A.; Nehs Matthew; Uppaluri Ravindra; Alexander Erik K.; Haddad Robert I.; Hanna Glenn J.; Margalit Danielle Nina; Tishler Roy B.; Schoenfeld Jonathan Daniel; Goguen Laura A; Jabiev Azad; Sorensen Meredith J; Ahmadi Sara; Marqusee Ellen; Kim Matthew I; Stanizzi Darren; Harris Ethan; Kacew Alec; Barbie David Allen,Journal of Clinical Oncology,,10.1200/jco.2020.38.15_suppl.6513,,https://ascopubs.org/doi/10.1200/JCO.2020.38.15_suppl.6513,https://doi.org/10.1200/JCO.2020.38.15_suppl.6513,journal-article,retrieved_live,Crossref DOI registry,,unresolved_audit_flags,5,0,5,ATC,numeric_source_location_not_verified,,A phase II study of nivolumab plus ipilimumab in radioiodine refractory differentiated thyroid cancer with exploratory ATC and MTC cohorts.,,,
R016,DOI:10.3390/cancers12082307,Phase II Clinical Trial of Pembrolizumab in Patients with Progressive Metastatic Pheochromocytomas and Paragangliomas.,2020,Jimenez C; Subbiah V; Stephen B; Ma J; Milton D; Xu M; Zarifa A; Akhmedzhanov FO; Tsimberidou A; Habra MA; Rodon Anhert J; Fu S; Naing A,Cancers,32824391,10.3390/cancers12082307,PMC7465458,https://doi.org/10.3390/cancers12082307,https://pmc.ncbi.nlm.nih.gov/articles/PMC7465458/,Journal Article,retrieved_live,NCBI PubMed,,unresolved_audit_flags,1,0,1,PCPG,numeric_source_location_not_verified,Abstract,Phase II Clinical Trial of Pembrolizumab in Patients with Progressive Metastatic Pheochromocytomas and Paragangliomas.,,,
R017,PMID:23000897,Comprehensive molecular portraits of human breast tumours.,2012,Cancer Genome Atlas Network,Nature,23000897,10.1038/nature11412,PMC3465532,https://pubmed.ncbi.nlm.nih.gov/23000897/,https://pmc.ncbi.nlm.nih.gov/articles/PMC3465532/,"Journal Article; Research Support, N.I.H., Extramural; Research Support, Non-U.S. Gov't; Research Support, U.S. Gov't, Non-P.H.S.",retrieved_live,NCBI PubMed,,unresolved_audit_flags,4,4,0,BRCA_Basal; BRCA_HER2; BRCA_LumA; BRCA_LumB,tmb_source_not_revalidated,,Comprehensive molecular portraits of human breast tumours.,,,
R018,PMID:23143597,The genetic landscape of mutations in Burkitt lymphoma.,2012,Love C; Sun Z; Jima D; Li G; Zhang J; Miles R; Richards KL; Dunphy CH; Choi WW; Srivastava G; Lugar PL; Rizzieri DA; Lagoo AS; Bernal-Mizrachi L; Mann KP; Flowers CR; Naresh KN; Evens AM; Chadburn A; Gordon LI; Czader MB; Gill JI; Hsi ED; Greenough A; Moffitt AB; McKinney M; Banerjee A; Grubor V; Levy S; Dunson DB; Dave SS,Nature genetics,23143597,10.1038/ng.2468,PMC3674561,https://pubmed.ncbi.nlm.nih.gov/23143597/,https://pmc.ncbi.nlm.nih.gov/articles/PMC3674561/,"Journal Article; Research Support, N.I.H., Extramural; Research Support, Non-U.S. Gov't",retrieved_live,NCBI PubMed,,unresolved_audit_flags,1,1,0,BL,tmb_source_not_revalidated,,The genetic landscape of mutations in Burkitt lymphoma.,,,
R019,PMID:23770567,Mutational heterogeneity in cancer and the search for new cancer-associated genes.,2013,Lawrence MS; Stojanov P; Polak P; Kryukov GV; Cibulskis K; Sivachenko A; Carter SL; Stewart C; Mermel CH; Roberts SA; Kiezun A; Hammerman PS; McKenna A; Drier Y; Zou L; Ramos AH; Pugh TJ; Stransky N; Helman E; Kim J; Sougnez C; Ambrogio L; Nickerson E; Shefler E; Cortés ML; Auclair D; Saksena G; Voet D; Noble M; DiCara D; Lin P; Lichtenstein L; Heiman DI; Fennell T; Imielinski M; Hernandez B; Hodis E; Baca S; Dulak AM; Lohr J; Landau DA; Wu CJ; Melendez-Zajgla J; Hidalgo-Miranda A; Koren A; McCarroll SA; Mora J; Crompton B; Onofrio R; Parkin M; Winckler W; Ardlie K; Gabriel SB; Roberts CWM; Biegel JA; Stegmaier K; Bass AJ; Garraway LA; Meyerson M; Golub TR; Gordenin DA; Sunyaev S; Lander ES; Getz G,Nature,23770567,10.1038/nature12213,PMC3919509,https://pubmed.ncbi.nlm.nih.gov/23770567/,https://pmc.ncbi.nlm.nih.gov/articles/PMC3919509/,"Journal Article; Research Support, N.I.H., Intramural; Research Support, Non-U.S. Gov't",retrieved_live,NCBI PubMed,,unresolved_audit_flags,22,22,0,BLCA; BRCA; CESC; CLL; COAD; DLBC; ESCA; GBM; HNSC; KIRC; LAML; LGG; LUAD; LUSC; MBL; MM; OV; PRAD; READ; RT; SKCM; UCEC,tmb_source_not_revalidated,Figure 1; supplementary per-sample data needed for exact subgroup medians,Mutational heterogeneity in cancer and the search for new cancer-associated genes.,,https://pmc.ncbi.nlm.nih.gov/articles/PMC3919509/,"NIHMS471461-supplement-1.pdf; NIHMS471461-supplement-2.txt; NIHMS471461-supplement-3.xls. These are supplement pointers, not validation of the 22 curated per-cancer medians."
R020,PMID:24413733,Exome sequencing identifies BRAF mutations in papillary craniopharyngiomas.,2014,Brastianos PK; Taylor-Weiner A; Manley PE; Jones RT; Dias-Santagata D; Thorner AR; Lawrence MS; Rodriguez FJ; Bernardo LA; Schubert L; Sunkavalli A; Shillingford N; Calicchio ML; Lidov HG; Taha H; Martinez-Lage M; Santi M; Storm PB; Lee JY; Palmer JN; Adappa ND; Scott RM; Dunn IF; Laws ER; Stewart C; Ligon KL; Hoang MP; Van Hummelen P; Hahn WC; Louis DN; Resnick AC; Kieran MW; Getz G; Santagata S,Nature genetics,24413733,10.1038/ng.2868,PMC3982316,https://pubmed.ncbi.nlm.nih.gov/24413733/,https://pmc.ncbi.nlm.nih.gov/articles/PMC3982316/,"Journal Article; Research Support, N.I.H., Extramural; Research Support, Non-U.S. Gov't",retrieved_live,NCBI PubMed,,unresolved_audit_flags,1,1,0,CRANIO,tmb_source_not_revalidated,Main text preceding Figure 1; Figure 1 legend; Supplementary Tables 1-2; https://pmc.ncbi.nlm.nih.gov/articles/PMC3982316/,Exome sequencing identifies BRAF mutations in papillary craniopharyngiomas.,,,
R021,PMID:25631445,Comprehensive genomic characterization of head and neck squamous cell carcinomas.,2015,Cancer Genome Atlas Network,Nature,25631445,10.1038/nature14129,PMC4311405,https://pubmed.ncbi.nlm.nih.gov/25631445/,https://pmc.ncbi.nlm.nih.gov/articles/PMC4311405/,"Journal Article; Research Support, N.I.H., Extramural; Research Support, N.I.H., Intramural; Research Support, Non-U.S. Gov't",retrieved_live,NCBI PubMed,,unresolved_audit_flags,2,2,0,HNSC_HPVneg; HNSC_HPVpos,tmb_source_not_revalidated,,Comprehensive genomic characterization of head and neck squamous cell carcinomas.,,,
R022,PMID:25891173,Pembrolizumab versus Ipilimumab in Advanced Melanoma.,2015,Robert C; Schachter J; Long GV; Arance A; Grob JJ; Mortier L; Daud A; Carlino MS; McNeil C; Lotem M; Larkin J; Lorigan P; Neyns B; Blank CU; Hamid O; Mateus C; Shapira-Frommer R; Kosh M; Zhou H; Ibrahim N; Ebbinghaus S; Ribas A; KEYNOTE-006 investigators,The New England journal of medicine,25891173,10.1056/NEJMoa1503093,,https://pubmed.ncbi.nlm.nih.gov/25891173/,https://pubmed.ncbi.nlm.nih.gov/25891173/,"Clinical Trial, Phase III; Comparative Study; Journal Article; Multicenter Study; Randomized Controlled Trial; Research Support, Non-U.S. Gov't",retrieved_live,NCBI PubMed,,unresolved_audit_flags,6,0,6,SKCM,numeric_source_location_not_verified; response_denominator_missing,"Abstract, Results",Pembrolizumab versus Ipilimumab in Advanced Melanoma.,,,
R023,PMID:26027431,Combined Nivolumab and Ipilimumab or Monotherapy in Untreated Melanoma.,2015,Larkin J; Chiarion-Sileni V; Gonzalez R; Grob JJ; Cowey CL; Lao CD; Schadendorf D; Dummer R; Smylie M; Rutkowski P; Ferrucci PF; Hill A; Wagstaff J; Carlino MS; Haanen JB; Maio M; Marquez-Rodas I; McArthur GA; Ascierto PA; Long GV; Callahan MK; Postow MA; Grossmann K; Sznol M; Dreno B; Bastholt L; Yang A; Rollin LM; Horak C; Hodi FS; Wolchok JD,The New England journal of medicine,26027431,10.1056/NEJMoa1504030,PMC5698905,https://pubmed.ncbi.nlm.nih.gov/26027431/,https://pmc.ncbi.nlm.nih.gov/articles/PMC5698905/,"Clinical Trial, Phase III; Comparative Study; Journal Article; Randomized Controlled Trial; Research Support, Non-U.S. Gov't",retrieved_live,NCBI PubMed,,unresolved_audit_flags,1,0,1,SKCM,numeric_source_location_not_verified,"Abstract, Results",Combined Nivolumab and Ipilimumab or Monotherapy in Untreated Melanoma.,,,
R024,PMID:26028255,PD-1 Blockade in Tumors with Mismatch-Repair Deficiency.,2015,Le DT; Uram JN; Wang H; Bartlett BR; Kemberling H; Eyring AD; Skora AD; Luber BS; Azad NS; Laheru D; Biedrzycki B; Donehower RC; Zaheer A; Fisher GA; Crocenzi TS; Lee JJ; Duffy SM; Goldberg RM; de la Chapelle A; Koshiji M; Bhaijee F; Huebner T; Hruban RH; Wood LD; Cuka N; Pardoll DM; Papadopoulos N; Kinzler KW; Zhou S; Cornish TC; Taube JM; Anders RA; Eshleman JR; Vogelstein B; Diaz LA,The New England journal of medicine,26028255,10.1056/NEJMoa1500596,PMC4481136,https://pubmed.ncbi.nlm.nih.gov/26028255/,https://pmc.ncbi.nlm.nih.gov/articles/PMC4481136/,"Clinical Trial, Phase II; Journal Article; Research Support, N.I.H., Extramural; Research Support, Non-U.S. Gov't",retrieved_live,NCBI PubMed,,unresolved_audit_flags,1,0,1,CRC_MSI,small_denominator,RESULTS > PRIMARY END POINT,PD-1 Blockade in Tumors with Mismatch-Repair Deficiency.,,,
R025,PMID:26168399,Comprehensive genomic profiles of small cell lung cancer.,2015,George J; Lim JS; Jang SJ; Cun Y; Ozretić L; Kong G; Leenders F; Lu X; Fernández-Cuesta L; Bosco G; Müller C; Dahmen I; Jahchan NS; Park KS; Yang D; Karnezis AN; Vaka D; Torres A; Wang MS; Korbel JO; Menon R; Chun SM; Kim D; Wilkerson M; Hayes N; Engelmann D; Pützer B; Bos M; Michels S; Vlasic I; Seidel D; Pinther B; Schaub P; Becker C; Altmüller J; Yokota J; Kohno T; Iwakawa R; Tsuta K; Noguchi M; Muley T; Hoffmann H; Schnabel PA; Petersen I; Chen Y; Soltermann A; Tischler V; Choi CM; Kim YH; Massion PP; Zou Y; Jovanovic D; Kontic M; Wright GM; Russell PA; Solomon B; Koch I; Lindner M; Muscarella LA; la Torre A; Field JK; Jakopovic M; Knezevic J; Castaños-Vélez E; Roz L; Pastorino U; Brustugun OT; Lund-Iversen M; Thunnissen E; Köhler J; Schuler M; Botling J; Sandelin M; Sanchez-Cespedes M; Salvesen HB; Achter V; Lang U; Bogus M; Schneider PM; Zander T; Ansén S; Hallek M; Wolf J; Vingron M; Yatabe Y; Travis WD; Nürnberg P; Reinhardt C; Perner S; Heukamp L; Büttner R; Haas SA; Brambilla E; Peifer M; Sage J; Thomas RK,Nature,26168399,10.1038/nature14664,PMC4861069,https://pubmed.ncbi.nlm.nih.gov/26168399/,https://pmc.ncbi.nlm.nih.gov/articles/PMC4861069/,"Journal Article; Research Support, N.I.H., Extramural; Research Support, Non-U.S. Gov't",retrieved_live,NCBI PubMed,,unresolved_audit_flags,1,1,0,SCLC,tmb_source_not_revalidated,Results: Recurrent somatic alterations in SCLC; Supplementary Tables 1-3; https://pmc.ncbi.nlm.nih.gov/articles/PMC4861069/,Comprehensive genomic profiles of small cell lung cancer.,,,
R026,PMID:26412456,Nivolumab versus Docetaxel in Advanced Nonsquamous Non-Small-Cell Lung Cancer.,2015,Borghaei H; Paz-Ares L; Horn L; Spigel DR; Steins M; Ready NE; Chow LQ; Vokes EE; Felip E; Holgado E; Barlesi F; Kohlhäufl M; Arrieta O; Burgio MA; Fayette J; Lena H; Poddubskaya E; Gerber DE; Gettinger SN; Rudin CM; Rizvi N; Crinò L; Blumenschein GR; Antonia SJ; Dorange C; Harbison CT; Graf Finckenstein F; Brahmer JR,The New England journal of medicine,26412456,10.1056/NEJMoa1507643,PMC5705936,https://pubmed.ncbi.nlm.nih.gov/26412456/,https://pmc.ncbi.nlm.nih.gov/articles/PMC5705936/,"Clinical Trial, Phase III; Comparative Study; Journal Article; Multicenter Study; Randomized Controlled Trial; Research Support, Non-U.S. Gov't",retrieved_live,NCBI PubMed,,unresolved_audit_flags,3,0,3,LUAD,numeric_source_location_not_verified; response_denominator_missing,"Abstract, Results",Nivolumab versus Docetaxel in Advanced Nonsquamous Non-Small-Cell Lung Cancer.,,,
R027,PMID:27159395,Immune activation and response to pembrolizumab in POLE-mutant endometrial cancer.,2016,Mehnert JM; Panda A; Zhong H; Hirshfield K; Damare S; Lane K; Sokol L; Stein MN; Rodriguez-Rodriquez L; Kaufman HL; Ali S; Ross JS; Pavlick DC; Bhanot G; White EP; DiPaola RS; Lovell A; Cheng J; Ganesan S,The Journal of clinical investigation,27159395,10.1172/JCI84940,PMC4887167,https://pubmed.ncbi.nlm.nih.gov/27159395/,https://pmc.ncbi.nlm.nih.gov/articles/PMC4887167/ | https://www.jci.org/articles/view/84940,Case Reports; Journal Article,retrieved_live,NCBI PubMed,,unresolved_audit_flags,1,0,1,UCEC_POLE,small_denominator,"Results and Discussion, partial response at 8 weeks",Immune activation and response to pembrolizumab in POLE-mutant endometrial cancer.,,,
R028,PMID:27269741,"Nivolumab alone and nivolumab plus ipilimumab in recurrent small-cell lung cancer (CheckMate 032): a multicentre, open-label, phase 1/2 trial.",2016,Antonia SJ; López-Martin JA; Bendell J; Ott PA; Taylor M; Eder JP; Jäger D; Pietanza MC; Le DT; de Braud F; Morse MA; Ascierto PA; Horn L; Amin A; Pillai RN; Evans J; Chau I; Bono P; Atmaca A; Sharma P; Harbison CT; Lin CS; Christensen O; Calvo E,The Lancet. Oncology,27269741,10.1016/S1470-2045(16)30098-5,,https://pubmed.ncbi.nlm.nih.gov/27269741/,https://pubmed.ncbi.nlm.nih.gov/27269741/,"Clinical Trial, Phase I; Clinical Trial, Phase II; Comparative Study; Journal Article; Multicenter Study",retrieved_live,NCBI PubMed,,unresolved_audit_flags,14,0,14,SCLC,numeric_source_location_not_verified,"Abstract, Findings","Nivolumab alone and nivolumab plus ipilimumab in recurrent small-cell lung cancer (CheckMate 032): a multicentre, open-label, phase 1/2 trial.",,,
R029,PMID:27533448,Clinical outcomes in metastatic uveal melanoma treated with PD-1 and PD-L1 antibodies.,2016,Algazi AP; Tsai KK; Shoushtari AN; Munhoz RR; Eroglu Z; Piulats JM; Ott PA; Johnson DB; Hwang J; Daud AI; Sosman JA; Carvajal RD; Chmielowski B; Postow MA; Weber JS; Sullivan RJ,Cancer,27533448,10.1002/cncr.30258,PMC5767160,https://pubmed.ncbi.nlm.nih.gov/27533448/,https://pmc.ncbi.nlm.nih.gov/articles/PMC5767160/,Comparative Study; Journal Article; Multicenter Study,retrieved_live,NCBI PubMed,,unresolved_audit_flags,1,0,1,UVM,numeric_source_location_not_verified,"Abstract, RESULTS",Clinical outcomes in metastatic uveal melanoma treated with PD-1 and PD-L1 antibodies.,,,
R030,PMID:27592805,"Avelumab in patients with chemotherapy-refractory metastatic Merkel cell carcinoma: a multicentre, single-group, open-label, phase 2 trial.",2016,Kaufman HL; Russell J; Hamid O; Bhatia S; Terheyden P; D'Angelo SP; Shih KC; Lebbé C; Linette GP; Milella M; Brownell I; Lewis KD; Lorch JH; Chin K; Mahnke L; von Heydebreck A; Cuillerot JM; Nghiem P,The Lancet. Oncology,27592805,10.1016/S1470-2045(16)30364-3,PMC5587154,https://pubmed.ncbi.nlm.nih.gov/27592805/,https://pmc.ncbi.nlm.nih.gov/articles/PMC5587154/,"Clinical Trial, Phase II; Journal Article; Multicenter Study",retrieved_live,NCBI PubMed,,unresolved_audit_flags,3,0,3,NEC_MERKEL,numeric_source_location_not_verified,"Abstract, Findings","Avelumab in patients with chemotherapy-refractory metastatic Merkel cell carcinoma: a multicentre, single-group, open-label, phase 2 trial.",,,
R031,PMID:27718847,Pembrolizumab versus Chemotherapy for PD-L1-Positive Non-Small-Cell Lung Cancer.,2016,Reck M; Rodríguez-Abreu D; Robinson AG; Hui R; Csőszi T; Fülöp A; Gottfried M; Peled N; Tafreshi A; Cuffe S; O'Brien M; Rao S; Hotta K; Leiby MA; Lubiniecki GM; Shentu Y; Rangwala R; Brahmer JR; KEYNOTE-024 Investigators,The New England journal of medicine,27718847,10.1056/NEJMoa1606774,,https://pubmed.ncbi.nlm.nih.gov/27718847/,https://pubmed.ncbi.nlm.nih.gov/27718847/,"Clinical Trial, Phase III; Comparative Study; Journal Article; Multicenter Study; Randomized Controlled Trial",retrieved_live,NCBI PubMed,,unresolved_audit_flags,2,0,2,LUAD; LUSC,numeric_source_location_not_verified,"Abstract, Results",Pembrolizumab versus Chemotherapy for PD-L1-Positive Non-Small-Cell Lung Cancer.,,,
R032,PMID:28131785,"Nivolumab in metastatic urothelial carcinoma after platinum therapy (CheckMate 275): a multicentre, single-arm, phase 2 trial.",2017,Sharma P; Retz M; Siefker-Radtke A; Baron A; Necchi A; Bedke J; Plimack ER; Vaena D; Grimm MO; Bracarda S; Arranz JÁ; Pal S; Ohyama C; Saci A; Qu X; Lambert A; Krishnan S; Azrilevich A; Galsky MD,The Lancet. Oncology,28131785,10.1016/S1470-2045(17)30065-7,,https://pubmed.ncbi.nlm.nih.gov/28131785/,https://pubmed.ncbi.nlm.nih.gov/28131785/,"Clinical Trial, Phase II; Journal Article; Multicenter Study",retrieved_live,NCBI PubMed,,unresolved_audit_flags,4,0,4,BLCA,numeric_source_location_not_verified,"Abstract, Findings","Nivolumab in metastatic urothelial carcinoma after platinum therapy (CheckMate 275): a multicentre, single-arm, phase 2 trial.",,,
R033,PMID:28223062,"Nivolumab for previously treated unresectable metastatic anal cancer (NCI9673): a multicentre, single-arm, phase 2 study.",2017,Morris VK; Salem ME; Nimeiri H; Iqbal S; Singh P; Ciombor K; Polite B; Deming D; Chan E; Wade JL; Xiao L; Bekaii-Saab T; Vence L; Blando J; Mahvash A; Foo WC; Ohaji C; Pasia M; Bland G; Ohinata A; Rogers J; Mehdizadeh A; Banks K; Lanman R; Wolff RA; Streicher H; Allison J; Sharma P; Eng C,The Lancet. Oncology,28223062,10.1016/S1470-2045(17)30104-3,PMC5809128,https://pubmed.ncbi.nlm.nih.gov/28223062/,https://pmc.ncbi.nlm.nih.gov/articles/PMC5809128/,"Clinical Trial, Phase II; Journal Article; Multicenter Study",retrieved_live,NCBI PubMed,,unresolved_audit_flags,5,0,5,ANSC,numeric_source_location_not_verified,"Abstract, Findings","Nivolumab for previously treated unresectable metastatic anal cancer (NCI9673): a multicentre, single-arm, phase 2 study.",,,
R034,PMID:28420421,"Analysis of 100,000 human cancer genomes reveals the landscape of tumor mutational burden.",2017,Chalmers ZR; Connelly CF; Fabrizio D; Gay L; Ali SM; Ennis R; Schrock A; Campbell B; Shlien A; Chmielecki J; Huang F; He Y; Sun J; Tabori U; Kennedy M; Lieber DS; Roels S; White J; Otto GA; Ross JS; Garraway L; Miller VA; Stephens PJ; Frampton GM,Genome medicine,28420421,10.1186/s13073-017-0424-2,PMC5395719,https://pubmed.ncbi.nlm.nih.gov/28420421/,https://pmc.ncbi.nlm.nih.gov/articles/PMC5395719/,"Journal Article; Research Support, Non-U.S. Gov't",retrieved_live,NCBI PubMed,,unresolved_audit_flags,4,4,0,CRC_MSI; KICH; PCPG; TGCT,tmb_source_not_revalidated,"Figure 2 / Additional file 3, Table S1; exact row not revalidated","Analysis of 100,000 human cancer genomes reveals the landscape of tumor mutational burden.",,,
R035,PMID:28726821,The whole-genome landscape of medulloblastoma subtypes.,2017,Northcott PA; Buchhalter I; Morrissy AS; Hovestadt V; Weischenfeldt J; Ehrenberger T; Gröbner S; Segura-Wang M; Zichner T; Rudneva VA; Warnatz HJ; Sidiropoulos N; Phillips AH; Schumacher S; Kleinheinz K; Waszak SM; Erkek S; Jones DTW; Worst BC; Kool M; Zapatka M; Jäger N; Chavez L; Hutter B; Bieg M; Paramasivam N; Heinold M; Gu Z; Ishaque N; Jäger-Schmidt C; Imbusch CD; Jugold A; Hübschmann D; Risch T; Amstislavskiy V; Gonzalez FGR; Weber UD; Wolf S; Robinson GW; Zhou X; Wu G; Finkelstein D; Liu Y; Cavalli FMG; Luu B; Ramaswamy V; Wu X; Koster J; Ryzhova M; Cho YJ; Pomeroy SL; Herold-Mende C; Schuhmann M; Ebinger M; Liau LM; Mora J; McLendon RE; Jabado N; Kumabe T; Chuah E; Ma Y; Moore RA; Mungall AJ; Mungall KL; Thiessen N; Tse K; Wong T; Jones SJM; Witt O; Milde T; Von Deimling A; Capper D; Korshunov A; Yaspo ML; Kriwacki R; Gajjar A; Zhang J; Beroukhim R; Fraenkel E; Korbel JO; Brors B; Schlesner M; Eils R; Marra MA; Pfister SM; Taylor MD; Lichter P,Nature,28726821,10.1038/nature22973,PMC5905700,https://pubmed.ncbi.nlm.nih.gov/28726821/,https://pmc.ncbi.nlm.nih.gov/articles/PMC5905700/,"Journal Article; Research Support, N.I.H., Extramural; Research Support, Non-U.S. Gov't",retrieved_live,NCBI PubMed,,unresolved_audit_flags,4,4,0,MBL_G3; MBL_G4; MBL_SHH; MBL_WNT,tmb_source_not_revalidated,,The whole-genome landscape of medulloblastoma subtypes.,,,
R036,PMID:28837405,Safety and Antitumor Activity of Pembrolizumab in Patients With Programmed Death-Ligand 1-Positive Nasopharyngeal Carcinoma: Results of the KEYNOTE-028 Study.,2017,Hsu C; Lee SH; Ejadi S; Even C; Cohen RB; Le Tourneau C; Mehnert JM; Algazi A; van Brummelen EMJ; Saraf S; Thanigaimani P; Cheng JD; Hansen AR,Journal of clinical oncology : official journal of the American Society of Clinical Oncology,28837405,10.1200/JCO.2017.73.3675,,https://pubmed.ncbi.nlm.nih.gov/28837405/,https://pubmed.ncbi.nlm.nih.gov/28837405/,"Clinical Trial, Phase I; Journal Article; Multicenter Study",retrieved_live,NCBI PubMed,,unresolved_audit_flags,7,0,7,NPC,numeric_source_location_not_verified; small_denominator,Abstract,Safety and Antitumor Activity of Pembrolizumab in Patients With Programmed Death-Ligand 1-Positive Nasopharyngeal Carcinoma: Results of the KEYNOTE-028 Study.,,,
R037,PMID:28889792,Overall Survival with Combined Nivolumab and Ipilimumab in Advanced Melanoma.,2017,Wolchok JD; Chiarion-Sileni V; Gonzalez R; Rutkowski P; Grob JJ; Cowey CL; Lao CD; Wagstaff J; Schadendorf D; Ferrucci PF; Smylie M; Dummer R; Hill A; Hogg D; Haanen J; Carlino MS; Bechter O; Maio M; Marquez-Rodas I; Guidoboni M; McArthur G; Lebbé C; Ascierto PA; Long GV; Cebon J; Sosman J; Postow MA; Callahan MK; Walker D; Rollin L; Bhore R; Hodi FS; Larkin J,The New England journal of medicine,28889792,10.1056/NEJMoa1709684,PMC5706778,https://pubmed.ncbi.nlm.nih.gov/28889792/,https://pmc.ncbi.nlm.nih.gov/articles/PMC5706778/,"Clinical Trial, Phase III; Journal Article; Multicenter Study; Randomized Controlled Trial; Research Support, N.I.H., Extramural",retrieved_live,NCBI PubMed,,unresolved_audit_flags,4,0,4,SKCM,numeric_source_location_not_verified,"Abstract, RESULTS",Overall Survival with Combined Nivolumab and Ipilimumab in Advanced Melanoma.,,,
R038,PMID:28966033,"Integrated Molecular Meta-Analysis of 1,000 Pediatric High-Grade and Diffuse Intrinsic Pontine Glioma.",2017,Mackay A; Burford A; Carvalho D; Izquierdo E; Fazal-Salom J; Taylor KR; Bjerke L; Clarke M; Vinci M; Nandhabalan M; Temelso S; Popov S; Molinari V; Raman P; Waanders AJ; Han HJ; Gupta S; Marshall L; Zacharoulis S; Vaidya S; Mandeville HC; Bridges LR; Martin AJ; Al-Sarraj S; Chandler C; Ng HK; Li X; Mu K; Trabelsi S; Brahim DH; Kisljakov AN; Konovalov DM; Moore AS; Carcaboso AM; Sunol M; de Torres C; Cruz O; Mora J; Shats LI; Stavale JN; Bidinotto LT; Reis RM; Entz-Werle N; Farrell M; Cryan J; Crimmins D; Caird J; Pears J; Monje M; Debily MA; Castel D; Grill J; Hawkins C; Nikbakht H; Jabado N; Baker SJ; Pfister SM; Jones DTW; Fouladi M; von Bueren AO; Baudis M; Resnick A; Jones C,Cancer cell,28966033,10.1016/j.ccell.2017.08.017,PMC5637314,https://pubmed.ncbi.nlm.nih.gov/28966033/,https://pmc.ncbi.nlm.nih.gov/articles/PMC5637314/,Journal Article; Meta-Analysis,retrieved_live,NCBI PubMed,,unresolved_audit_flags,1,1,0,DIPG,tmb_source_not_revalidated,,"Integrated Molecular Meta-Analysis of 1,000 Pediatric High-Grade and Diffuse Intrinsic Pontine Glioma.",,,
R039,PMID:28988646,"Pembrolizumab in advanced soft-tissue sarcoma and bone sarcoma (SARC028): a multicentre, two-cohort, single-arm, open-label, phase 2 trial.",2017,Tawbi HA; Burgess M; Bolejack V; Van Tine BA; Schuetze SM; Hu J; D'Angelo S; Attia S; Riedel RF; Priebat DA; Movva S; Davis LE; Okuno SH; Reed DR; Crowley J; Butterfield LH; Salazar R; Rodriguez-Canales J; Lazar AJ; Wistuba II; Baker LH; Maki RG; Reinke D; Patel S,The Lancet. Oncology,28988646,10.1016/S1470-2045(17)30624-1,PMC7939029,https://pubmed.ncbi.nlm.nih.gov/28988646/,https://pmc.ncbi.nlm.nih.gov/articles/PMC7939029/,"Clinical Trial, Phase II; Journal Article; Multicenter Study; Randomized Controlled Trial; Research Support, Non-U.S. Gov't",retrieved_live,NCBI PubMed,,unresolved_audit_flags,12,0,12,SARC_CHON; SARC_DDLPS; SARC_EWS; SARC_LMS; SARC_OS; SARC_SYN,numeric_source_location_not_verified; small_denominator,"Abstract, Findings: | RESULTS","Pembrolizumab in advanced soft-tissue sarcoma and bone sarcoma (SARC028): a multicentre, two-cohort, single-arm, open-label, phase 2 trial.",,,
R040,PMID:29045540,Phase II trial of pembrolizumab in patients with platinum refractory germ-cell tumors: a Hoosier Cancer Research Network Study GU14-206.,2018,Adra N; Einhorn LH; Althouse SK; Ammakkanavar NR; Musapatika D; Albany C; Vaughn D; Hanna NH,Annals of oncology : official journal of the European Society for Medical Oncology,29045540,10.1093/annonc/mdx680,,https://pubmed.ncbi.nlm.nih.gov/29045540/,https://pubmed.ncbi.nlm.nih.gov/29045540/,"Clinical Trial, Phase II; Journal Article; Multicenter Study; Research Support, Non-U.S. Gov't",retrieved_live,NCBI PubMed,,unresolved_audit_flags,5,0,5,TGCT,numeric_source_location_not_verified,"Abstract, Results",Phase II trial of pembrolizumab in patients with platinum refractory germ-cell tumors: a Hoosier Cancer Research Network Study GU14-206.,,,
R041,PMID:29217288,"Avelumab in metastatic urothelial carcinoma after platinum failure (JAVELIN Solid Tumor): pooled results from two expansion cohorts of an open-label, phase 1 trial.",2018,Patel MR; Ellerton J; Infante JR; Agrawal M; Gordon M; Aljumaily R; Britten CD; Dirix L; Lee KW; Taylor M; Schöffski P; Wang D; Ravaud A; Gelb AB; Xiong J; Rosen G; Gulley JL; Apolo AB,The Lancet. Oncology,29217288,10.1016/S1470-2045(17)30900-2,PMC7984727,https://pubmed.ncbi.nlm.nih.gov/29217288/,https://pmc.ncbi.nlm.nih.gov/articles/PMC7984727/,"Clinical Trial, Phase I; Journal Article; Multicenter Study; Research Support, Non-U.S. Gov't",retrieved_live,NCBI PubMed,,unresolved_audit_flags,1,0,1,BLCA,numeric_source_location_not_verified,"Abstract, Findings","Avelumab in metastatic urothelial carcinoma after platinum failure (JAVELIN Solid Tumor): pooled results from two expansion cohorts of an open-label, phase 1 trial.",,,
R042,PMID:29395863,"Pembrolizumab in patients with thymic carcinoma: a single-arm, single-centre, phase 2 study.",2018,Giaccone G; Kim C; Thompson J; McGuire C; Kallakury B; Chahine JJ; Manning M; Mogg R; Blumenschein WM; Tan MT; Subramaniam DS; Liu SV; Kaplan IM; McCutcheon JN,The Lancet. Oncology,29395863,10.1016/S1470-2045(18)30062-7,PMC10683856,https://pubmed.ncbi.nlm.nih.gov/29395863/,https://pmc.ncbi.nlm.nih.gov/articles/PMC10683856/,"Clinical Trial, Phase II; Journal Article; Research Support, Non-U.S. Gov't",retrieved_live,NCBI PubMed,,unresolved_audit_flags,4,0,4,THYMCA,numeric_source_location_not_verified,"Abstract, Findings","Pembrolizumab in patients with thymic carcinoma: a single-arm, single-centre, phase 2 study.",,,
R043,PMID:29489754,The landscape of genomic alterations across childhood cancers.,2018,Gröbner SN; Worst BC; Weischenfeldt J; Buchhalter I; Kleinheinz K; Rudneva VA; Johann PD; Balasubramanian GP; Segura-Wang M; Brabetz S; Bender S; Hutter B; Sturm D; Pfaff E; Hübschmann D; Zipprich G; Heinold M; Eils J; Lawerenz C; Erkek S; Lambo S; Waszak S; Blattmann C; Borkhardt A; Kuhlen M; Eggert A; Fulda S; Gessler M; Wegert J; Kappler R; Baumhoer D; Burdach S; Kirschner-Schwabe R; Kontny U; Kulozik AE; Lohmann D; Hettmer S; Eckert C; Bielack S; Nathrath M; Niemeyer C; Richter GH; Schulte J; Siebert R; Westermann F; Molenaar JJ; Vassal G; Witt H; ICGC PedBrain-Seq Project; ICGC MMML-Seq Project; Burkhardt B; Kratz CP; Witt O; van Tilburg CM; Kramm CM; Fleischhack G; Dirksen U; Rutkowski S; Frühwald M; von Hoff K; Wolf S; Klingebiel T; Koscielniak E; Landgraf P; Koster J; Resnick AC; Zhang J; Liu Y; Zhou X; Waanders AJ; Zwijnenburg DA; Raman P; Brors B; Weber UD; Northcott PA; Pajtler KW; Kool M; Piro RM; Korbel JO; Schlesner M; Eils R; Jones DTW; Lichter P; Chavez L; Zapatka M; Pfister SM,Nature,29489754,10.1038/nature25480,,https://pubmed.ncbi.nlm.nih.gov/29489754/,,"Journal Article; Research Support, Non-U.S. Gov't",retrieved_live,NCBI PubMed,,unresolved_audit_flags,12,12,0,ATRT; B_ALL; EPN; HEPB; SARC_EWS; SARC_OS; SARC_RMS_ARMS; SARC_RMS_ERMS; SARC_RMS_PRMS; SARC_RMS_SSRMS; T_ALL; WILMS,tmb_source_not_revalidated,,The landscape of genomic alterations across childhood cancers.,,,
R044,PMID:29543932,Safety and Efficacy of Pembrolizumab Monotherapy in Patients With Previously Treated Advanced Gastric and Gastroesophageal Junction Cancer: Phase 2 Clinical KEYNOTE-059 Trial.,2018,Fuchs CS; Doi T; Jang RW; Muro K; Satoh T; Machado M; Sun W; Jalal SI; Shah MA; Metges JP; Garrido M; Golan T; Mandala M; Wainberg ZA; Catenacci DV; Ohtsu A; Shitara K; Geva R; Bleeker J; Ko AH; Ku G; Philip P; Enzinger PC; Bang YJ; Levitan D; Wang J; Rosales M; Dalal RP; Yoon HH,JAMA oncology,29543932,10.1001/jamaoncol.2018.0013,PMC5885175,https://pubmed.ncbi.nlm.nih.gov/29543932/,https://pmc.ncbi.nlm.nih.gov/articles/PMC5885175/,"Clinical Trial, Phase II; Journal Article; Multicenter Study",retrieved_live,NCBI PubMed,,unresolved_audit_flags,10,0,10,STAD; STAD_MSI,numeric_source_location_not_verified; small_denominator,"Abstract, Findings | Results, Microsatellite Instability",Safety and Efficacy of Pembrolizumab Monotherapy in Patients With Previously Treated Advanced Gastric and Gastroesophageal Junction Cancer: Phase 2 Clinical KEYNOTE-059 Trial.,,,
R045,PMID:29562145,Nivolumab plus Ipilimumab versus Sunitinib in Advanced Renal-Cell Carcinoma.,2018,Motzer RJ; Tannir NM; McDermott DF; Arén Frontera O; Melichar B; Choueiri TK; Plimack ER; Barthélémy P; Porta C; George S; Powles T; Donskov F; Neiman V; Kollmannsberger CK; Salman P; Gurney H; Hawkins R; Ravaud A; Grimm MO; Bracarda S; Barrios CH; Tomita Y; Castellano D; Rini BI; Chen AC; Mekan S; McHenry MB; Wind-Rotolo M; Doan J; Sharma P; Hammers HJ; Escudier B; CheckMate 214 Investigators,The New England journal of medicine,29562145,10.1056/NEJMoa1712126,PMC5972549,https://pubmed.ncbi.nlm.nih.gov/29562145/,https://pmc.ncbi.nlm.nih.gov/articles/PMC5972549/,"Clinical Trial, Phase III; Comparative Study; Journal Article; Multicenter Study; Randomized Controlled Trial; Research Support, N.I.H., Extramural; Research Support, Non-U.S. Gov't",retrieved_live,NCBI PubMed,,unresolved_audit_flags,5,0,5,KIRC,numeric_source_location_not_verified,"Abstract, RESULTS",Nivolumab plus Ipilimumab versus Sunitinib in Advanced Renal-Cell Carcinoma.,,,
R046,PMID:29584546,Nivolumab for Relapsed/Refractory Classic Hodgkin Lymphoma After Failure of Autologous Hematopoietic Cell Transplantation: Extended Follow-Up of the Multicohort Single-Arm Phase II CheckMate 205 Trial.,2018,Armand P; Engert A; Younes A; Fanale M; Santoro A; Zinzani PL; Timmerman JM; Collins GP; Ramchandren R; Cohen JB; De Boer JP; Kuruvilla J; Savage KJ; Trneny M; Shipp MA; Kato K; Sumbul A; Farsaci B; Ansell SM,Journal of clinical oncology : official journal of the American Society of Clinical Oncology,29584546,10.1200/JCO.2017.76.0793,PMC6075855,https://pubmed.ncbi.nlm.nih.gov/29584546/,https://pmc.ncbi.nlm.nih.gov/articles/PMC6075855/,"Clinical Trial, Phase II; Journal Article; Multicenter Study; Research Support, N.I.H., Extramural; Research Support, Non-U.S. Gov't",retrieved_live,NCBI PubMed,,unresolved_audit_flags,1,0,1,HL,numeric_source_location_not_verified,"Abstract, Results",Nivolumab for Relapsed/Refractory Classic Hodgkin Lymphoma After Failure of Autologous Hematopoietic Cell Transplantation: Extended Follow-Up of the Multicohort Single-Arm Phase II CheckMate 205 Trial.,,,
R047,PMID:29773717,STK11/LKB1 Mutations and PD-1 Inhibitor Resistance in KRAS-Mutant Lung Adenocarcinoma.,2018,Skoulidis F; Goldberg ME; Greenawalt DM; Hellmann MD; Awad MM; Gainor JF; Schrock AB; Hartmaier RJ; Trabucco SE; Gay L; Ali SM; Elvin JA; Singal G; Ross JS; Fabrizio D; Szabo PM; Chang H; Sasson A; Srinivasan S; Kirov S; Szustakowski J; Vitazka P; Edwards R; Bufill JA; Sharma N; Ou SI; Peled N; Spigel DR; Rizvi H; Aguilar EJ; Carter BW; Erasmus J; Halpenny DF; Plodkowski AJ; Long NM; Nishino M; Denning WL; Galan-Cobo A; Hamdi H; Hirz T; Tong P; Wang J; Rodriguez-Canales J; Villalobos PA; Parra ER; Kalhor N; Sholl LM; Sauter JL; Jungbluth AA; Mino-Kenudson M; Azimi R; Elamin YY; Zhang J; Leonardi GC; Jiang F; Wong KK; Lee JJ; Papadimitrakopoulou VA; Wistuba II; Miller VA; Frampton GM; Wolchok JD; Shaw AT; Jänne PA; Stephens PJ; Rudin CM; Geese WJ; Albacker LA; Heymach JV,Cancer discovery,29773717,10.1158/2159-8290.CD-18-0099,PMC6030433,https://pubmed.ncbi.nlm.nih.gov/29773717/,https://pmc.ncbi.nlm.nih.gov/articles/PMC6030433/,"Clinical Trial, Phase III; Journal Article; Randomized Controlled Trial; Research Support, N.I.H., Extramural; Research Support, Non-U.S. Gov't; Research Support, U.S. Gov't, Non-P.H.S.",retrieved_live,NCBI PubMed,,unresolved_audit_flags,4,0,4,LUAD_STK11,numeric_source_location_not_verified; response_denominator_missing; small_denominator,"Figure 1B; Results, Co-mutations in STK11/LKB1",STK11/LKB1 Mutations and PD-1 Inhibitor Resistance in KRAS-Mutant Lung Adenocarcinoma.,,,
R048,PMID:29863979,PD-1 Blockade with Cemiplimab in Advanced Cutaneous Squamous-Cell Carcinoma.,2018,Migden MR; Rischin D; Schmults CD; Guminski A; Hauschild A; Lewis KD; Chung CH; Hernandez-Aya L; Lim AM; Chang ALS; Rabinowits G; Thai AA; Dunn LA; Hughes BGM; Khushalani NI; Modi B; Schadendorf D; Gao B; Seebach F; Li S; Li J; Mathias M; Booth J; Mohan K; Stankevich E; Babiker HM; Brana I; Gil-Martin M; Homsi J; Johnson ML; Moreno V; Niu J; Owonikoko TK; Papadopoulos KP; Yancopoulos GD; Lowy I; Fury MG,The New England journal of medicine,29863979,10.1056/NEJMoa1805131,,https://pubmed.ncbi.nlm.nih.gov/29863979/,https://pubmed.ncbi.nlm.nih.gov/29863979/,"Clinical Trial, Phase I; Clinical Trial, Phase II; Journal Article; Multicenter Study; Research Support, Non-U.S. Gov't",retrieved_live,NCBI PubMed,,unresolved_audit_flags,1,0,1,cSCC,numeric_source_location_not_verified,"Abstract, Results",PD-1 Blockade with Cemiplimab in Advanced Cutaneous Squamous-Cell Carcinoma.,,,
R049,PMID:29867230,Clinical activity and molecular correlates of response to atezolizumab alone or in combination with bevacizumab versus sunitinib in renal cell carcinoma.,2018,McDermott DF; Huseni MA; Atkins MB; Motzer RJ; Rini BI; Escudier B; Fong L; Joseph RW; Pal SK; Reeves JA; Sznol M; Hainsworth J; Rathmell WK; Stadler WM; Hutson T; Gore ME; Ravaud A; Bracarda S; Suárez C; Danielli R; Gruenwald V; Choueiri TK; Nickles D; Jhunjhunwala S; Piault-Louis E; Thobhani A; Qiu J; Chen DS; Hegde PS; Schiff C; Fine GD; Powles T,Nature medicine,29867230,10.1038/s41591-018-0053-3,PMC6721896,https://pubmed.ncbi.nlm.nih.gov/29867230/,https://pmc.ncbi.nlm.nih.gov/articles/PMC6721896/,"Clinical Trial, Phase II; Comparative Study; Journal Article; Multicenter Study; Randomized Controlled Trial; Research Support, N.I.H., Extramural",retrieved_live,NCBI PubMed,,unresolved_audit_flags,2,0,2,KIRC,response_denominator_missing,Results > Efficacy.,Clinical activity and molecular correlates of response to atezolizumab alone or in combination with bevacizumab versus sunitinib in renal cell carcinoma.,,,
R050,PMID:29901569,Clinicopathologic Features of a Series of Primary Renal CIC-rearranged Sarcomas With Comprehensive Molecular Analysis.,2018,Mangray S; Kelly DR; LeGuellec S; Fridman E; Aggarwal S; Shago M; Matoso A; Madison R; Pramanik S; Zhong S; Li R; Lombardo KA; Cramer S; Pressey J; Ross JS; Corona RJ; Bratslavsky G; Argani P; Coindre JM; Somers GR; Ali SM; Yakirevich E,The American journal of surgical pathology,29901569,10.1097/PAS.0000000000001098,,https://pubmed.ncbi.nlm.nih.gov/29901569/,,Case Reports; Journal Article,retrieved_live,NCBI PubMed,,unresolved_audit_flags,1,1,0,SARC_CIC,tmb_source_not_revalidated,,Clinicopathologic Features of a Series of Primary Renal CIC-rearranged Sarcomas With Comprehensive Molecular Analysis.,,,
R051,PMID:29906252,Pembrolizumab for Patients With Refractory or Relapsed Thymic Epithelial Tumor: An Open-Label Phase II Trial.,2019,Cho J; Kim HS; Ku BM; Choi YL; Cristescu R; Han J; Sun JM; Lee SH; Ahn JS; Park K; Ahn MJ,Journal of clinical oncology : official journal of the American Society of Clinical Oncology,29906252,10.1200/JCO.2017.77.3184,,https://pubmed.ncbi.nlm.nih.gov/29906252/,https://pubmed.ncbi.nlm.nih.gov/29906252/,"Clinical Trial, Phase II; Journal Article; Research Support, Non-U.S. Gov't",retrieved_live,NCBI PubMed,,unresolved_audit_flags,1,0,1,THYMCA,numeric_source_location_not_verified,"Abstract, Results",Pembrolizumab for Patients With Refractory or Relapsed Thymic Epithelial Tumor: An Open-Label Phase II Trial.,,,
R052,PMID:30151257,Beyond microsatellite testing: assessment of tumor mutational burden identifies subsets of colorectal cancer who may respond to immune checkpoint inhibition.,2018,Fabrizio DA; George TJ; Dunne RF; Frampton G; Sun J; Gowen K; Kennedy M; Greenbowe J; Schrock AB; Hezel AF; Ross JS; Stephens PJ; Ali SM; Miller VA; Fakih M; Klempner SJ,Journal of gastrointestinal oncology,30151257,10.21037/jgo.2018.05.06,PMC6087857,https://pubmed.ncbi.nlm.nih.gov/30151257/,https://pmc.ncbi.nlm.nih.gov/articles/PMC6087857/,Journal Article,retrieved_live,NCBI PubMed,,unresolved_audit_flags,1,1,0,CRC,tmb_source_not_revalidated,,Beyond microsatellite testing: assessment of tumor mutational burden identifies subsets of colorectal cancer who may respond to immune checkpoint inhibition.,,,
R053,PMID:30242306,Long-term Clinical Outcomes and Biomarker Analyses of Atezolizumab Therapy for Patients With Metastatic Triple-Negative Breast Cancer: A Phase 1 Study.,2019,Emens LA; Cruz C; Eder JP; Braiteh F; Chung C; Tolaney SM; Kuter I; Nanda R; Cassier PA; Delord JP; Gordon MS; ElGabry E; Chang CW; Sarkar I; Grossman W; O'Hear C; Fassò M; Molinero L; Schmid P,JAMA oncology,30242306,10.1001/jamaoncol.2018.4224,PMC6439773,https://pubmed.ncbi.nlm.nih.gov/30242306/,https://pmc.ncbi.nlm.nih.gov/articles/PMC6439773/,"Clinical Trial, Phase I; Journal Article; Multicenter Study; Research Support, Non-U.S. Gov't",retrieved_live,NCBI PubMed,,unresolved_audit_flags,5,0,5,BRCA_TNBC,numeric_source_location_not_verified,"Abstract, Findings",Long-term Clinical Outcomes and Biomarker Analyses of Atezolizumab Therapy for Patients With Metastatic Triple-Negative Breast Cancer: A Phase 1 Study.,,,
R054,PMID:30383184,Safety and Efficacy of Durvalumab With or Without Tremelimumab in Patients With PD-L1-Low/Negative Recurrent or Metastatic HNSCC: The Phase 2 CONDOR Randomized Clinical Trial.,2019,Siu LL; Even C; Mesía R; Remenar E; Daste A; Delord JP; Krauss J; Saba NF; Nabell L; Ready NE; Braña I; Kotecki N; Zandberg DP; Gilbert J; Mehanna H; Bonomi M; Jarkowski A; Melillo G; Armstrong JM; Wildsmith S; Fayette J,JAMA oncology,30383184,10.1001/jamaoncol.2018.4628,PMC6439564,https://pubmed.ncbi.nlm.nih.gov/30383184/,https://pmc.ncbi.nlm.nih.gov/articles/PMC6439564/,"Clinical Trial, Phase II; Comparative Study; Journal Article; Multicenter Study; Randomized Controlled Trial; Research Support, Non-U.S. Gov't",retrieved_live,NCBI PubMed,,unresolved_audit_flags,3,0,3,HNSC,response_denominator_missing,"Abstract, Results",Safety and Efficacy of Durvalumab With or Without Tremelimumab in Patients With PD-L1-Low/Negative Recurrent or Metastatic HNSCC: The Phase 2 CONDOR Randomized Clinical Trial.,,,
R055,PMID:30475947,"Pembrolizumab monotherapy for previously untreated, PD-L1-positive, metastatic triple-negative breast cancer: cohort B of the phase II KEYNOTE-086 study.",2019,Adams S; Loi S; Toppmeyer D; Cescon DW; De Laurentiis M; Nanda R; Winer EP; Mukai H; Tamura K; Armstrong A; Liu MC; Iwata H; Ryvo L; Wimberger P; Rugo HS; Tan AR; Jia L; Ding Y; Karantza V; Schmid P,Annals of oncology : official journal of the European Society for Medical Oncology,30475947,10.1093/annonc/mdy518,,https://pubmed.ncbi.nlm.nih.gov/30475947/,https://pubmed.ncbi.nlm.nih.gov/30475947/,"Clinical Trial, Phase II; Journal Article; Research Support, Non-U.S. Gov't",retrieved_live,NCBI PubMed,,unresolved_audit_flags,1,0,1,BRCA_TNBC,numeric_source_location_not_verified,"Abstract, Results","Pembrolizumab monotherapy for previously untreated, PD-L1-positive, metastatic triple-negative breast cancer: cohort B of the phase II KEYNOTE-086 study.",,,
R056,PMID:30475950,Pembrolizumab monotherapy for previously treated metastatic triple-negative breast cancer: cohort A of the phase II KEYNOTE-086 study.,2019,Adams S; Schmid P; Rugo HS; Winer EP; Loirat D; Awada A; Cescon DW; Iwata H; Campone M; Nanda R; Hui R; Curigliano G; Toppmeyer D; O'Shaughnessy J; Loi S; Paluch-Shimon S; Tan AR; Card D; Zhao J; Karantza V; Cortés J,Annals of oncology : official journal of the European Society for Medical Oncology,30475950,10.1093/annonc/mdy517,,https://pubmed.ncbi.nlm.nih.gov/30475950/,https://pubmed.ncbi.nlm.nih.gov/30475950/,"Clinical Trial, Phase II; Journal Article; Research Support, Non-U.S. Gov't",retrieved_live,NCBI PubMed,,unresolved_audit_flags,1,0,1,BRCA_TNBC,response_denominator_missing,"Abstract, Results",Pembrolizumab monotherapy for previously treated metastatic triple-negative breast cancer: cohort A of the phase II KEYNOTE-086 study.,,,
R057,PMID:30557521,"T-Cell-Inflamed Gene-Expression Profile, Programmed Death Ligand 1 Expression, and Tumor Mutational Burden Predict Efficacy in Patients Treated With Pembrolizumab Across 20 Cancers: KEYNOTE-028.",2019,Ott PA; Bang YJ; Piha-Paul SA; Razak ARA; Bennouna J; Soria JC; Rugo HS; Cohen RB; O'Neil BH; Mehnert JM; Lopez J; Doi T; van Brummelen EMJ; Cristescu R; Yang P; Emancipator K; Stein K; Ayers M; Joe AK; Lunceford JK,Journal of clinical oncology : official journal of the American Society of Clinical Oncology,30557521,10.1200/JCO.2018.78.2276,,https://pubmed.ncbi.nlm.nih.gov/30557521/,https://pubmed.ncbi.nlm.nih.gov/30557521/,"Clinical Trial, Phase I; Journal Article; Multicenter Study; Research Support, Non-U.S. Gov't",retrieved_live,NCBI PubMed,,unresolved_audit_flags,3,0,3,PAAD,numeric_source_location_not_verified,"Abstract, Results","T-Cell-Inflamed Gene-Expression Profile, Programmed Death Ligand 1 Expression, and Tumor Mutational Burden Predict Efficacy in Patients Treated With Pembrolizumab Across 20 Cancers: KEYNOTE-028.",,,
R058,PMID:30605211,Efficacy and Safety of Avelumab Treatment in Patients With Advanced Unresectable Mesothelioma: Phase 1b Results From the JAVELIN Solid Tumor Trial.,2019,Hassan R; Thomas A; Nemunaitis JJ; Patel MR; Bennouna J; Chen FL; Delord JP; Dowlati A; Kochuparambil ST; Taylor MH; Powderly JD; Vaishampayan UN; Verschraegen C; Grote HJ; von Heydebreck A; Chin K; Gulley JL,JAMA oncology,30605211,10.1001/jamaoncol.2018.5428,PMC6439847,https://pubmed.ncbi.nlm.nih.gov/30605211/,https://pmc.ncbi.nlm.nih.gov/articles/PMC6439847/,"Clinical Trial, Phase I; Journal Article; Multicenter Study; Research Support, Non-U.S. Gov't",retrieved_live,NCBI PubMed,,unresolved_audit_flags,1,0,1,MESO,numeric_source_location_not_verified,"Abstract, Findings",Efficacy and Safety of Avelumab Treatment in Patients With Advanced Unresectable Mesothelioma: Phase 1b Results From the JAVELIN Solid Tumor Trial.,,,
R059,PMID:30620669,"Nivolumab for Relapsed/Refractory Diffuse Large B-Cell Lymphoma in Patients Ineligible for or Having Failed Autologous Transplantation: A Single-Arm, Phase II Study.",2019,Ansell SM; Minnema MC; Johnson P; Timmerman JM; Armand P; Shipp MA; Rodig SJ; Ligon AH; Roemer MGM; Reddy N; Cohen JB; Assouline S; Poon M; Sharma M; Kato K; Samakoglu S; Sumbul A; Grigg A,Journal of clinical oncology : official journal of the American Society of Clinical Oncology,30620669,10.1200/JCO.18.00766,PMC6528729,https://pubmed.ncbi.nlm.nih.gov/30620669/,https://pmc.ncbi.nlm.nih.gov/articles/PMC6528729/,"Clinical Trial, Phase II; Journal Article; Multicenter Study; Research Support, N.I.H., Extramural; Research Support, Non-U.S. Gov't",retrieved_live,NCBI PubMed,,unresolved_audit_flags,9,0,9,DLBC,numeric_source_location_not_verified,"Abstract, Results","Nivolumab for Relapsed/Refractory Diffuse Large B-Cell Lymphoma in Patients Ineligible for or Having Failed Autologous Transplantation: A Single-Arm, Phase II Study.",,,
R060,PMID:30664989,A Randomized Non-Comparative Phase II Study of Anti-Programmed Cell Death-Ligand 1 Atezolizumab or Chemotherapy as Second-Line Therapy in Patients With Small Cell Lung Cancer: Results From the IFCT-1603 Trial.,2019,Pujol JL; Greillier L; Audigier-Valette C; Moro-Sibilot D; Uwer L; Hureaux J; Guisier F; Carmier D; Madelaine J; Otto J; Gounant V; Merle P; Mourlanette P; Molinier O; Renault A; Rabeau A; Antoine M; Denis MG; Bommart S; Langlais A; Morin F; Souquet PJ,Journal of thoracic oncology : official publication of the International Association for the Study of Lung Cancer,30664989,10.1016/j.jtho.2019.01.008,,https://pubmed.ncbi.nlm.nih.gov/30664989/,https://pubmed.ncbi.nlm.nih.gov/30664989/,"Clinical Trial, Phase II; Journal Article; Randomized Controlled Trial; Research Support, Non-U.S. Gov't",retrieved_live,NCBI PubMed,,unresolved_audit_flags,3,0,3,SCLC,numeric_source_location_not_verified,"Abstract, Results",A Randomized Non-Comparative Phase II Study of Anti-Programmed Cell Death-Ligand 1 Atezolizumab or Chemotherapy as Second-Line Therapy in Patients With Small Cell Lung Cancer: Results From the IFCT-1603 Trial.,,,
R061,PMID:30937889,Phase 1b trial of pembrolizumab monotherapy for relapsed/refractory multiple myeloma: KEYNOTE-013.,2019,Ribrag V; Avigan DE; Green DJ; Wise-Draper T; Posada JG; Vij R; Zhu Y; Farooqui MZH; Marinello P; Siegel DS,British journal of haematology,30937889,10.1111/bjh.15888,,https://pubmed.ncbi.nlm.nih.gov/30937889/,https://pubmed.ncbi.nlm.nih.gov/30937889/,"Clinical Trial, Phase I; Journal Article; Multicenter Study; Research Support, Non-U.S. Gov't",retrieved_live,NCBI PubMed,,unresolved_audit_flags,4,0,4,MM,numeric_source_location_not_verified,,Phase 1b trial of pembrolizumab monotherapy for relapsed/refractory multiple myeloma: KEYNOTE-013.,,,
R062,PMID:30943124,Efficacy and Safety of Pembrolizumab in Previously Treated Advanced Cervical Cancer: Results From the Phase II KEYNOTE-158 Study.,2019,Chung HC; Ros W; Delord JP; Perets R; Italiano A; Shapira-Frommer R; Manzuk L; Piha-Paul SA; Xu L; Zeigenfuss S; Pruitt SK; Leary A,Journal of clinical oncology : official journal of the American Society of Clinical Oncology,30943124,10.1200/JCO.18.01265,,https://pubmed.ncbi.nlm.nih.gov/30943124/,https://pubmed.ncbi.nlm.nih.gov/30943124/,"Clinical Trial, Phase II; Journal Article; Multicenter Study; Research Support, Non-U.S. Gov't",retrieved_live,NCBI PubMed,,unresolved_audit_flags,2,0,2,CESC,numeric_source_location_not_verified,"Abstract, Results",Efficacy and Safety of Pembrolizumab in Previously Treated Advanced Cervical Cancer: Results From the Phase II KEYNOTE-158 Study.,,,
R063,PMID:31046082,Antitumor activity and safety of pembrolizumab in patients with advanced recurrent ovarian cancer: results from the phase II KEYNOTE-100 study.,2019,Matulonis UA; Shapira-Frommer R; Santin AD; Lisyanskaya AS; Pignata S; Vergote I; Raspagliesi F; Sonke GS; Birrer M; Provencher DM; Sehouli J; Colombo N; González-Martín A; Oaknin A; Ottevanger PB; Rudaitis V; Katchar K; Wu H; Keefe S; Ruman J; Ledermann JA,Annals of oncology : official journal of the European Society for Medical Oncology,31046082,10.1093/annonc/mdz135,,https://pubmed.ncbi.nlm.nih.gov/31046082/,https://pubmed.ncbi.nlm.nih.gov/31046082/,"Clinical Trial, Phase II; Journal Article; Multicenter Study; Research Support, Non-U.S. Gov't",retrieved_live,NCBI PubMed,,unresolved_audit_flags,6,0,6,OV,numeric_source_location_not_verified; response_denominator_missing,"Abstract, Results",Antitumor activity and safety of pembrolizumab in patients with advanced recurrent ovarian cancer: results from the phase II KEYNOTE-100 study.,,,
R064,PMID:31399473,The Genomic Landscape of Merkel Cell Carcinoma and Clinicogenomic Biomarkers of Response to Immune Checkpoint Inhibitor Therapy.,2019,Knepper TC; Montesion M; Russell JS; Sokol ES; Frampton GM; Miller VA; Albacker LA; McLeod HL; Eroglu Z; Khushalani NI; Sondak VK; Messina JL; Schell MJ; DeCaprio JA; Tsai KY; Brohl AS,Clinical cancer research : an official journal of the American Association for Cancer Research,31399473,10.1158/1078-0432.CCR-18-4159,PMC6774882,https://pubmed.ncbi.nlm.nih.gov/31399473/,https://pmc.ncbi.nlm.nih.gov/articles/PMC6774882/,"Journal Article; Research Support, N.I.H., Extramural; Research Support, Non-U.S. Gov't",retrieved_live,NCBI PubMed,,unresolved_audit_flags,1,1,0,NEC_MERKEL,tmb_source_not_revalidated,,The Genomic Landscape of Merkel Cell Carcinoma and Clinicogenomic Biomarkers of Response to Immune Checkpoint Inhibitor Therapy.,,,
R065,PMID:31532724,Pembrolizumab in Relapsed and Refractory Mycosis Fungoides and Sézary Syndrome: A Multicenter Phase II Study.,2020,Khodadoust MS; Rook AH; Porcu P; Foss F; Moskowitz AJ; Shustov A; Shanbhag S; Sokol L; Fling SP; Ramchurren N; Pierce R; Davis A; Shine R; Li S; Fong S; Kim J; Yang Y; Blumenschein WM; Yearley JH; Das B; Patidar R; Datta V; Cantu E; McCutcheon JN; Karlovich C; Williams PM; Subrahmanyam PB; Maecker HT; Horwitz SM; Sharon E; Kohrt HE; Cheever MA; Kim YH,Journal of clinical oncology : official journal of the American Society of Clinical Oncology,31532724,10.1200/JCO.19.01056,PMC6943974,https://pubmed.ncbi.nlm.nih.gov/31532724/,https://pmc.ncbi.nlm.nih.gov/articles/PMC6943974/,"Clinical Trial, Phase II; Journal Article; Multicenter Study; Research Support, N.I.H., Extramural; Research Support, Non-U.S. Gov't",retrieved_live,NCBI PubMed,,unresolved_audit_flags,2,0,2,CTCL,numeric_source_location_not_verified,"Abstract, RESULTS",Pembrolizumab in Relapsed and Refractory Mycosis Fungoides and Sézary Syndrome: A Multicenter Phase II Study.,,,
R066,PMID:31562796,Nivolumab plus Ipilimumab in Advanced Non-Small-Cell Lung Cancer.,2019,Hellmann MD; Paz-Ares L; Bernabe Caro R; Zurawski B; Kim SW; Carcereny Costa E; Park K; Alexandru A; Lupinacci L; de la Mora Jimenez E; Sakai H; Albert I; Vergnenegre A; Peters S; Syrigos K; Barlesi F; Reck M; Borghaei H; Brahmer JR; O'Byrne KJ; Geese WJ; Bhagavatheeswaran P; Rabindran SK; Kasinathan RS; Nathan FE; Ramalingam SS,The New England journal of medicine,31562796,10.1056/NEJMoa1910231,,https://pubmed.ncbi.nlm.nih.gov/31562796/,https://pubmed.ncbi.nlm.nih.gov/31562796/,"Clinical Trial, Phase III; Comparative Study; Journal Article; Randomized Controlled Trial; Research Support, Non-U.S. Gov't",retrieved_live,NCBI PubMed,,unresolved_audit_flags,4,0,4,LUAD,numeric_source_location_not_verified,"Abstract, Results",Nivolumab plus Ipilimumab in Advanced Non-Small-Cell Lung Cancer.,,,
R067,PMID:31582355,"Nivolumab versus chemotherapy in patients with advanced oesophageal squamous cell carcinoma refractory or intolerant to previous chemotherapy (ATTRACTION-3): a multicentre, randomised, open-label, phase 3 trial.",2019,Kato K; Cho BC; Takahashi M; Okada M; Lin CY; Chin K; Kadowaki S; Ahn MJ; Hamamoto Y; Doki Y; Yen CC; Kubota Y; Kim SB; Hsu CH; Holtved E; Xynos I; Kodani M; Kitagawa Y,The Lancet. Oncology,31582355,10.1016/S1470-2045(19)30626-6,,https://pubmed.ncbi.nlm.nih.gov/31582355/,https://pubmed.ncbi.nlm.nih.gov/31582355/,"Clinical Trial, Phase III; Comparative Study; Journal Article; Multicenter Study; Randomized Controlled Trial; Research Support, Non-U.S. Gov't",retrieved_live,NCBI PubMed,,unresolved_audit_flags,6,0,6,ESCA,numeric_source_location_not_verified,"Abstract, Findings","Nivolumab versus chemotherapy in patients with advanced oesophageal squamous cell carcinoma refractory or intolerant to previous chemotherapy (ATTRACTION-3): a multicentre, randomised, open-label, phase 3 trial.",,,
R068,PMID:31639039,Efficacy and tolerability of anti-programmed death-ligand 1 (PD-L1) antibody (Avelumab) treatment in advanced thymoma.,2019,Rajan A; Heery CR; Thomas A; Mammen AL; Perry S; O'Sullivan Coyne G; Guha U; Berman A; Szabo E; Madan RA; Ballester LY; Pittaluga S; Donahue RN; Tsai YT; Lepone LM; Chin K; Ginty F; Sood A; Hewitt SM; Schlom J; Hassan R; Gulley JL,Journal for immunotherapy of cancer,31639039,10.1186/s40425-019-0723-9,PMC6805423,https://pubmed.ncbi.nlm.nih.gov/31639039/,https://pmc.ncbi.nlm.nih.gov/articles/PMC6805423/,"Journal Article; Research Support, N.I.H., Extramural; Research Support, N.I.H., Intramural; Research Support, Non-U.S. Gov't",retrieved_live,NCBI PubMed,,unresolved_audit_flags,6,0,6,THYM,numeric_source_location_not_verified; small_denominator,"Abstract, Results",Efficacy and tolerability of anti-programmed death-ligand 1 (PD-L1) antibody (Avelumab) treatment in advanced thymoma.,,,
R069,PMID:31679945,"Pembrolizumab alone or with chemotherapy versus cetuximab with chemotherapy for recurrent or metastatic squamous cell carcinoma of the head and neck (KEYNOTE-048): a randomised, open-label, phase 3 study.",2019,Burtness B; Harrington KJ; Greil R; Soulières D; Tahara M; de Castro G; Psyrri A; Basté N; Neupane P; Bratland Å; Fuereder T; Hughes BGM; Mesía R; Ngamphaiboon N; Rordorf T; Wan Ishak WZ; Hong RL; González Mendoza R; Roy A; Zhang Y; Gumuscu B; Cheng JD; Jin F; Rischin D; KEYNOTE-048 Investigators,"Lancet (London, England)",31679945,10.1016/S0140-6736(19)32591-7,,https://pubmed.ncbi.nlm.nih.gov/31679945/,https://pubmed.ncbi.nlm.nih.gov/31679945/,"Clinical Trial, Phase III; Journal Article; Multicenter Study; Randomized Controlled Trial; Research Support, Non-U.S. Gov't",retrieved_live,NCBI PubMed,,unresolved_audit_flags,8,0,8,HNSC,numeric_source_location_not_verified; response_denominator_missing,"Abstract, Findings","Pembrolizumab alone or with chemotherapy versus cetuximab with chemotherapy for recurrent or metastatic squamous cell carcinoma of the head and neck (KEYNOTE-048): a randomised, open-label, phase 3 study.",,,
R070,PMID:31682550,Efficacy of Pembrolizumab in Patients With Noncolorectal High Microsatellite Instability/Mismatch Repair-Deficient Cancer: Results From the Phase II KEYNOTE-158 Study.,2020,Marabelle A; Le DT; Ascierto PA; Di Giacomo AM; De Jesus-Acosta A; Delord JP; Geva R; Gottfried M; Penel N; Hansen AR; Piha-Paul SA; Doi T; Gao B; Chung HC; Lopez-Martin J; Bang YJ; Frommer RS; Shah M; Ghori R; Joe AK; Pruitt SK; Diaz LA,Journal of clinical oncology : official journal of the American Society of Clinical Oncology,31682550,10.1200/JCO.19.02105,PMC8184060,https://pubmed.ncbi.nlm.nih.gov/31682550/,https://pmc.ncbi.nlm.nih.gov/articles/PMC8184060/,"Clinical Trial, Phase II; Journal Article; Multicenter Study; Research Support, Non-U.S. Gov't",retrieved_live,NCBI PubMed,,unresolved_audit_flags,3,0,3,PAAD,numeric_source_location_not_verified,"Abstract, RESULTS",Efficacy of Pembrolizumab in Patients With Noncolorectal High Microsatellite Instability/Mismatch Repair-Deficient Cancer: Results From the Phase II KEYNOTE-158 Study.,,,
R071,PMID:32359091,Efficacy and safety of pembrolizumab for the treatment of advanced biliary cancer: Results from the KEYNOTE-158 and KEYNOTE-028 studies.,2020,Piha-Paul SA; Oh DY; Ueno M; Malka D; Chung HC; Nagrial A; Kelley RK; Ros W; Italiano A; Nakagawa K; Rugo HS; de Braud F; Varga AI; Hansen A; Wang H; Krishnan S; Norwood KG; Doi T,International journal of cancer,32359091,10.1002/ijc.33013,,https://pubmed.ncbi.nlm.nih.gov/32359091/,https://pubmed.ncbi.nlm.nih.gov/32359091/,"Journal Article; Research Support, N.I.H., Extramural; Research Support, Non-U.S. Gov't",retrieved_live,NCBI PubMed,,unresolved_audit_flags,2,0,2,BTC,numeric_source_location_not_verified,Abstract,Efficacy and safety of pembrolizumab for the treatment of advanced biliary cancer: Results from the KEYNOTE-158 and KEYNOTE-028 studies.,,,
R072,PMID:32552471,Long-Term Outcomes in KEYNOTE-052: Phase II Study Investigating First-Line Pembrolizumab in Cisplatin-Ineligible Patients With Locally Advanced or Metastatic Urothelial Cancer.,2020,Vuky J; Balar AV; Castellano D; O'Donnell PH; Grivas P; Bellmunt J; Powles T; Bajorin D; Hahn NM; Savage MJ; Fang X; Godwin JL; Frenkl TL; Homet Moreno B; de Wit R; Plimack ER,Journal of clinical oncology : official journal of the American Society of Clinical Oncology,32552471,10.1200/JCO.19.01213,,https://pubmed.ncbi.nlm.nih.gov/32552471/,https://pubmed.ncbi.nlm.nih.gov/32552471/,"Clinical Trial, Phase II; Journal Article; Multicenter Study; Research Support, Non-U.S. Gov't",retrieved_live,NCBI PubMed,,unresolved_audit_flags,2,0,2,BLCA,numeric_source_location_not_verified; response_denominator_missing,"Abstract, Results",Long-Term Outcomes in KEYNOTE-052: Phase II Study Investigating First-Line Pembrolizumab in Cisplatin-Ineligible Patients With Locally Advanced or Metastatic Urothelial Cancer.,,,
R073,PMID:32673170,Pembrolizumab Monotherapy for Recurrent or Metastatic Cutaneous Squamous Cell Carcinoma: A Single-Arm Phase II Trial (KEYNOTE-629).,2020,Grob JJ; Gonzalez R; Basset-Seguin N; Vornicova O; Schachter J; Joshi A; Meyer N; Grange F; Piulats JM; Bauman JR; Zhang P; Gumuscu B; Swaby RF; Hughes BGM,Journal of clinical oncology : official journal of the American Society of Clinical Oncology,32673170,10.1200/JCO.19.03054,PMC7460151,https://pubmed.ncbi.nlm.nih.gov/32673170/,https://pmc.ncbi.nlm.nih.gov/articles/PMC7460151/,"Clinical Trial, Phase II; Journal Article; Multicenter Study; Research Support, Non-U.S. Gov't",retrieved_live,NCBI PubMed,,unresolved_audit_flags,2,0,2,cSCC,numeric_source_location_not_verified,"Abstract, RESULTS",Pembrolizumab Monotherapy for Recurrent or Metastatic Cutaneous Squamous Cell Carcinoma: A Single-Arm Phase II Trial (KEYNOTE-629).,,,
R074,PMID:32997907,Atezolizumab for First-Line Treatment of PD-L1-Selected Patients with NSCLC.,2020,Herbst RS; Giaccone G; de Marinis F; Reinmuth N; Vergnenegre A; Barrios CH; Morise M; Felip E; Andric Z; Geater S; Özgüroğlu M; Zou W; Sandler A; Enquist I; Komatsubara K; Deng Y; Kuriki H; Wen X; McCleland M; Mocci S; Jassem J; Spigel DR,The New England journal of medicine,32997907,10.1056/NEJMoa1917346,,https://pubmed.ncbi.nlm.nih.gov/32997907/,https://pubmed.ncbi.nlm.nih.gov/32997907/,"Clinical Trial, Phase III; Comparative Study; Journal Article; Randomized Controlled Trial; Research Support, Non-U.S. Gov't",retrieved_live,NCBI PubMed,,unresolved_audit_flags,2,0,2,NSCLC,numeric_source_location_not_verified,"Abstract, Results",Atezolizumab for First-Line Treatment of PD-L1-Selected Patients with NSCLC.,,,
R075,PMID:33001135,Efficacy and Safety of Nivolumab Plus Ipilimumab in Patients With Advanced Hepatocellular Carcinoma Previously Treated With Sorafenib: The CheckMate 040 Randomized Clinical Trial.,2020,Yau T; Kang YK; Kim TY; El-Khoueiry AB; Santoro A; Sangro B; Melero I; Kudo M; Hou MM; Matilla A; Tovoli F; Knox JJ; Ruth He A; El-Rayes BF; Acosta-Rivera M; Lim HY; Neely J; Shen Y; Wisniewski T; Anderson J; Hsu C,JAMA oncology,33001135,10.1001/jamaoncol.2020.4564,PMC7530824,https://pubmed.ncbi.nlm.nih.gov/33001135/,https://pmc.ncbi.nlm.nih.gov/articles/PMC7530824/,"Clinical Trial, Phase I; Clinical Trial, Phase II; Journal Article; Multicenter Study; Randomized Controlled Trial",retrieved_live,NCBI PubMed,,unresolved_audit_flags,1,0,1,LIHC,numeric_source_location_not_verified,"Abstract, Findings",Efficacy and Safety of Nivolumab Plus Ipilimumab in Patients With Advanced Hepatocellular Carcinoma Previously Treated With Sorafenib: The CheckMate 040 Randomized Clinical Trial.,,,
R076,PMID:33026938,Randomized Phase III KEYNOTE-181 Study of Pembrolizumab Versus Chemotherapy in Advanced Esophageal Cancer.,2020,Kojima T; Shah MA; Muro K; Francois E; Adenis A; Hsu CH; Doi T; Moriwaki T; Kim SB; Lee SH; Bennouna J; Kato K; Shen L; Enzinger P; Qin SK; Ferreira P; Chen J; Girotto G; de la Fouchardiere C; Senellart H; Al-Rajabi R; Lordick F; Wang R; Suryawanshi S; Bhagia P; Kang SP; Metges JP; KEYNOTE-181 Investigators,Journal of clinical oncology : official journal of the American Society of Clinical Oncology,33026938,10.1200/JCO.20.01888,,https://pubmed.ncbi.nlm.nih.gov/33026938/,https://pubmed.ncbi.nlm.nih.gov/33026938/,"Clinical Trial, Phase III; Journal Article; Multicenter Study; Randomized Controlled Trial; Research Support, Non-U.S. Gov't",retrieved_live,NCBI PubMed,,unresolved_audit_flags,1,0,1,ESCA,numeric_source_location_not_verified; response_denominator_missing,"Abstract, Results",Randomized Phase III KEYNOTE-181 Study of Pembrolizumab Versus Chemotherapy in Advanced Esophageal Cancer.,,,
R077,PMID:33249490,The genetic landscape of choroid plexus tumors in children and adults.,2021,Thomas C; Soschinski P; Zwaig M; Oikonomopoulos S; Okonechnikov K; Pajtler KW; Sill M; Schweizer L; Koch A; Neumann J; Schüller U; Sahm F; Rauschenbach L; Keyvani K; Proescholdt M; Riemenschneider MJ; Segewiß J; Ruckert C; Grauer O; Monoranu CM; Lamszus K; Patrizi A; Kordes U; Siebert R; Kool M; Ragoussis J; Foulkes WD; Paulus W; Rivera B; Hasselblatt M,Neuro-oncology,33249490,10.1093/neuonc/noaa267,PMC8041331,https://pubmed.ncbi.nlm.nih.gov/33249490/,https://pmc.ncbi.nlm.nih.gov/articles/PMC8041331/,"Journal Article; Research Support, Non-U.S. Gov't",retrieved_live,NCBI PubMed,,unresolved_audit_flags,1,1,0,CHOROID_PLEXUS,tmb_source_not_revalidated,,The genetic landscape of choroid plexus tumors in children and adults.,,,
R078,PMID:33264544,Pembrolizumab in Microsatellite-Instability-High Advanced Colorectal Cancer.,2020,André T; Shiu KK; Kim TW; Jensen BV; Jensen LH; Punt C; Smith D; Garcia-Carbonero R; Benavides M; Gibbs P; de la Fouchardiere C; Rivera F; Elez E; Bendell J; Le DT; Yoshino T; Van Cutsem E; Yang P; Farooqui MZH; Marinello P; Diaz LA; KEYNOTE-177 Investigators,The New England journal of medicine,33264544,10.1056/NEJMoa2017699,,https://pubmed.ncbi.nlm.nih.gov/33264544/,https://pubmed.ncbi.nlm.nih.gov/33264544/,"Comparative Study; Journal Article; Multicenter Study; Randomized Controlled Trial; Research Support, Non-U.S. Gov't",retrieved_live,NCBI PubMed,,unresolved_audit_flags,1,0,1,CRC_MSI,numeric_source_location_not_verified,"Abstract, Results",Pembrolizumab in Microsatellite-Instability-High Advanced Colorectal Cancer.,,,
R079,PMID:33417511,"Nivolumab Plus Ipilimumab for Treatment-Naïve Metastatic Uveal Melanoma: An Open-Label, Multicenter, Phase II Trial by the Spanish Multidisciplinary Melanoma Group (GEM-1402).",2021,Piulats JM; Espinosa E; de la Cruz Merino L; Varela M; Alonso Carrión L; Martín-Algarra S; López Castro R; Curiel T; Rodríguez-Abreu D; Redrado M; Gomà M; Rullán AJ; Calvo González A; Berrocal-Jaime A,Journal of clinical oncology : official journal of the American Society of Clinical Oncology,33417511,10.1200/JCO.20.00550,,https://pubmed.ncbi.nlm.nih.gov/33417511/,https://pubmed.ncbi.nlm.nih.gov/33417511/,"Clinical Trial, Phase II; Journal Article; Multicenter Study; Research Support, Non-U.S. Gov't",retrieved_live,NCBI PubMed,,unresolved_audit_flags,1,0,1,UVM,numeric_source_location_not_verified,"Abstract, Results","Nivolumab Plus Ipilimumab for Treatment-Naïve Metastatic Uveal Melanoma: An Open-Label, Multicenter, Phase II Trial by the Spanish Multidisciplinary Melanoma Group (GEM-1402).",,,
R080,PMID:33485464,"First-line nivolumab plus ipilimumab in unresectable malignant pleural mesothelioma (CheckMate 743): a multicentre, randomised, open-label, phase 3 trial.",2021,Baas P; Scherpereel A; Nowak AK; Fujimoto N; Peters S; Tsao AS; Mansfield AS; Popat S; Jahan T; Antonia S; Oulkhouir Y; Bautista Y; Cornelissen R; Greillier L; Grossi F; Kowalski D; Rodríguez-Cid J; Aanur P; Oukessou A; Baudelet C; Zalcman G,"Lancet (London, England)",33485464,10.1016/S0140-6736(20)32714-8,,https://pubmed.ncbi.nlm.nih.gov/33485464/,https://pubmed.ncbi.nlm.nih.gov/33485464/,"Clinical Trial, Phase III; Journal Article; Multicenter Study; Randomized Controlled Trial; Research Support, Non-U.S. Gov't",retrieved_live,NCBI PubMed,,unresolved_audit_flags,9,0,9,MESO,numeric_source_location_not_verified,"Abstract, Findings","First-line nivolumab plus ipilimumab in unresectable malignant pleural mesothelioma (CheckMate 743): a multicentre, randomised, open-label, phase 3 trial.",,,
R081,PMID:33529058,"Open-Label, Single-Arm, Phase II Study of Pembrolizumab Monotherapy as First-Line Therapy in Patients With Advanced Non-Clear Cell Renal Cell Carcinoma.",2021,McDermott DF; Lee JL; Ziobro M; Suarez C; Langiewicz P; Matveev VB; Wiechno P; Gafanov RA; Tomczak P; Pouliot F; Donskov F; Alekseev BY; Shin SJ; Bjarnason GA; Castellano D; Silverman RK; Perini RF; Schloss C; Atkins MB,Journal of clinical oncology : official journal of the American Society of Clinical Oncology,33529058,10.1200/JCO.20.02365,PMC8078262,https://pubmed.ncbi.nlm.nih.gov/33529058/,https://pmc.ncbi.nlm.nih.gov/articles/PMC8078262/,"Clinical Trial, Phase II; Journal Article; Multicenter Study; Research Support, N.I.H., Extramural; Research Support, Non-U.S. Gov't",retrieved_live,NCBI PubMed,,unresolved_audit_flags,1,0,1,RCC_NCC,numeric_source_location_not_verified,"Abstract, RESULTS","Open-Label, Single-Arm, Phase II Study of Pembrolizumab Monotherapy as First-Line Therapy in Patients With Advanced Non-Clear Cell Renal Cell Carcinoma.",,,
R082,PMID:33836153,"Efficacy and safety of pembrolizumab in patients with advanced mesothelioma in the open-label, single-arm, phase 2 KEYNOTE-158 study.",2021,Yap TA; Nakagawa K; Fujimoto N; Kuribayashi K; Guren TK; Calabrò L; Shapira-Frommer R; Gao B; Kao S; Matos I; Planchard D; Chatterjee A; Jin F; Norwood K; Kindler HL,The Lancet. Respiratory medicine,33836153,10.1016/S2213-2600(20)30515-4,,https://pubmed.ncbi.nlm.nih.gov/33836153/,https://pubmed.ncbi.nlm.nih.gov/33836153/,"Clinical Trial, Phase II; Journal Article; Multicenter Study; Research Support, Non-U.S. Gov't",retrieved_live,NCBI PubMed,,unresolved_audit_flags,8,0,8,MESO,numeric_source_location_not_verified,"Abstract, Findings","Efficacy and safety of pembrolizumab in patients with advanced mesothelioma in the open-label, single-arm, phase 2 KEYNOTE-158 study.",,,
R083,PMID:33882143,A phase II basket trial of Dual Anti-CTLA-4 and Anti-PD-1 Blockade in Rare Tumors (DART) SWOG S1609: High-grade neuroendocrine neoplasm cohort.,2021,Patel SP; Mayerson E; Chae YK; Strosberg J; Wang J; Konda B; Hayward J; McLeod CM; Chen HX; Sharon E; Othus M; Ryan CW; Plets M; Blanke CD; Kurzrock R,Cancer,33882143,10.1002/cncr.33591,PMC8606104,https://pubmed.ncbi.nlm.nih.gov/33882143/,https://pmc.ncbi.nlm.nih.gov/articles/PMC8606104/,"Clinical Trial, Phase II; Journal Article; Multicenter Study; Research Support, N.I.H., Extramural; Research Support, Non-U.S. Gov't",retrieved_live,NCBI PubMed,,unresolved_audit_flags,1,0,1,NEC_LUNG_LARGECELL,response_denominator_missing,"Abstract; Results, Patient Characteristics",A phase II basket trial of Dual Anti-CTLA-4 and Anti-PD-1 Blockade in Rare Tumors (DART) SWOG S1609: High-grade neuroendocrine neoplasm cohort.,,,
R084,PMID:34000246,"Cemiplimab in locally advanced basal cell carcinoma after hedgehog inhibitor therapy: an open-label, multi-centre, single-arm, phase 2 trial.",2021,Stratigos AJ; Sekulic A; Peris K; Bechter O; Prey S; Kaatz M; Lewis KD; Basset-Seguin N; Chang ALS; Dalle S; Orland AF; Licitra L; Robert C; Ulrich C; Hauschild A; Migden MR; Dummer R; Li S; Yoo SY; Mohan K; Coates E; Jankovic V; Fiaschi N; Okoye E; Bassukas ID; Loquai C; De Giorgi V; Eroglu Z; Gutzmer R; Ulrich J; Puig S; Seebach F; Thurston G; Weinreich DM; Yancopoulos GD; Lowy I; Bowler T; Fury MG,The Lancet. Oncology,34000246,10.1016/S1470-2045(21)00126-1,,https://pubmed.ncbi.nlm.nih.gov/34000246/,https://pubmed.ncbi.nlm.nih.gov/34000246/,"Clinical Trial, Phase II; Journal Article; Multicenter Study; Research Support, Non-U.S. Gov't",retrieved_live,NCBI PubMed,,unresolved_audit_flags,6,0,6,BCC,numeric_source_location_not_verified,"Abstract, Findings","Cemiplimab in locally advanced basal cell carcinoma after hedgehog inhibitor therapy: an open-label, multi-centre, single-arm, phase 2 trial.",,,
R085,PMID:34380663,"Multicenter phase II trial (SWOG S1609, cohort 51) of ipilimumab and nivolumab in metastatic or unresectable angiosarcoma: a substudy of dual anti-CTLA-4 and anti-PD-1 blockade in rare tumors (DART).",2021,Wagner MJ; Othus M; Patel SP; Ryan C; Sangal A; Powers B; Budd GT; Victor AI; Hsueh CT; Chugh R; Nair S; Leu KM; Agulnik M; Sharon E; Mayerson E; Plets M; Blanke C; Streicher H; Chae YK; Kurzrock R,Journal for immunotherapy of cancer,34380663,10.1136/jitc-2021-002990,PMC8330584,https://pubmed.ncbi.nlm.nih.gov/34380663/,https://pmc.ncbi.nlm.nih.gov/articles/PMC8330584/,"Clinical Trial, Phase II; Journal Article; Multicenter Study; Research Support, N.I.H., Extramural; Research Support, Non-U.S. Gov't",retrieved_live,NCBI PubMed,,unresolved_audit_flags,3,0,3,SARC_ANGIO,numeric_source_location_not_verified; small_denominator,"Abstract, Results | Results > Outcomes","Multicenter phase II trial (SWOG S1609, cohort 51) of ipilimumab and nivolumab in metastatic or unresectable angiosarcoma: a substudy of dual anti-CTLA-4 and anti-PD-1 blockade in rare tumors (DART).",,,
R086,PMID:34590004,Brief Report on the Efficacy of Nivolumab in Patients With Previously Treated Advanced Large-Cell Neuroendocrine Cancer of the Lung.,2021,Agar C; Geier M; Léveiller G; Lamy R; Bizec JL; Tiercin M; Bernier C; Robinet G; Léna H; Ricordel C; Corre R,JTO clinical and research reports,34590004,10.1016/j.jtocrr.2020.100129,PMC8474479,https://pubmed.ncbi.nlm.nih.gov/34590004/,https://pmc.ncbi.nlm.nih.gov/articles/PMC8474479/,Journal Article,retrieved_live,NCBI PubMed,,unresolved_audit_flags,3,0,3,NEC_LUNG_LARGECELL,numeric_source_location_not_verified,Results > Efficacy of Nivolumab,Brief Report on the Efficacy of Nivolumab in Patients With Previously Treated Advanced Large-Cell Neuroendocrine Cancer of the Lung.,,,
R087,PMID:34818112,Long-Term Outcomes With Nivolumab Plus Ipilimumab or Nivolumab Alone Versus Ipilimumab in Patients With Advanced Melanoma.,2022,Wolchok JD; Chiarion-Sileni V; Gonzalez R; Grob JJ; Rutkowski P; Lao CD; Cowey CL; Schadendorf D; Wagstaff J; Dummer R; Ferrucci PF; Smylie M; Butler MO; Hill A; Márquez-Rodas I; Haanen JBAG; Guidoboni M; Maio M; Schöffski P; Carlino MS; Lebbé C; McArthur G; Ascierto PA; Daniels GA; Long GV; Bas T; Ritchings C; Larkin J; Hodi FS,Journal of clinical oncology : official journal of the American Society of Clinical Oncology,34818112,10.1200/JCO.21.02229,PMC8718224,https://pubmed.ncbi.nlm.nih.gov/34818112/,https://pmc.ncbi.nlm.nih.gov/articles/PMC8718224/,"Clinical Trial, Phase III; Comparative Study; Journal Article; Multicenter Study; Randomized Controlled Trial; Research Support, N.I.H., Extramural; Research Support, Non-U.S. Gov't",retrieved_live,NCBI PubMed,,unresolved_audit_flags,1,0,1,SKCM,numeric_source_location_not_verified,"Abstract, RESULTS",Long-Term Outcomes With Nivolumab Plus Ipilimumab or Nivolumab Alone Versus Ipilimumab in Patients With Advanced Melanoma.,,,
R088,PMID:34990208,Pembrolizumab in Patients With Microsatellite Instability-High Advanced Endometrial Cancer: Results From the KEYNOTE-158 Study.,2022,O'Malley DM; Bariani GM; Cassier PA; Marabelle A; Hansen AR; De Jesus Acosta A; Miller WH; Safra T; Italiano A; Mileshkin L; Xu L; Jin F; Norwood K; Maio M,Journal of clinical oncology : official journal of the American Society of Clinical Oncology,34990208,10.1200/JCO.21.01874,PMC8887941,https://pubmed.ncbi.nlm.nih.gov/34990208/,https://pmc.ncbi.nlm.nih.gov/articles/PMC8887941/,"Clinical Trial, Phase II; Journal Article; Research Support, Non-U.S. Gov't",retrieved_live,NCBI PubMed,,unresolved_audit_flags,3,0,3,UCEC_MSI,numeric_source_location_not_verified,"Abstract, RESULTS",Pembrolizumab in Patients With Microsatellite Instability-High Advanced Endometrial Cancer: Results From the KEYNOTE-158 Study.,,,
R089,PMID:35108470,Nivolumab Combination Therapy in Advanced Esophageal Squamous-Cell Carcinoma.,2022,Doki Y; Ajani JA; Kato K; Xu J; Wyrwicz L; Motoyama S; Ogata T; Kawakami H; Hsu CH; Adenis A; El Hajbi F; Di Bartolomeo M; Braghiroli MI; Holtved E; Ostoich SA; Kim HR; Ueno M; Mansoor W; Yang WC; Liu T; Bridgewater J; Makino T; Xynos I; Liu X; Lei M; Kondo K; Patel A; Gricar J; Chau I; Kitagawa Y; CheckMate 648 Trial Investigators,The New England journal of medicine,35108470,10.1056/NEJMoa2111380,,https://pubmed.ncbi.nlm.nih.gov/35108470/,https://pubmed.ncbi.nlm.nih.gov/35108470/,"Clinical Trial, Phase III; Journal Article; Randomized Controlled Trial; Research Support, Non-U.S. Gov't",retrieved_live,NCBI PubMed,,unresolved_audit_flags,4,0,4,ESCA,numeric_source_location_not_verified,"Abstract, Results",Nivolumab Combination Therapy in Advanced Esophageal Squamous-Cell Carcinoma.,,,
R090,PMID:35114169,"Pembrolizumab for previously treated advanced anal squamous cell carcinoma: results from the non-randomised, multicohort, multicentre, phase 2 KEYNOTE-158 study.",2022,Marabelle A; Cassier PA; Fakih M; Kao S; Nielsen D; Italiano A; Guren TK; van Dongen MGJ; Spencer K; Bariani GM; Ascierto PA; Santoro A; Shah M; Asselah J; Iqbal S; Takahashi S; Piha-Paul SA; Ott PA; Chatterjee A; Jin F; Norwood K; Delord JP,The lancet. Gastroenterology & hepatology,35114169,10.1016/S2468-1253(21)00382-4,PMC12012850,https://pubmed.ncbi.nlm.nih.gov/35114169/,https://pmc.ncbi.nlm.nih.gov/articles/PMC12012850/,"Clinical Trial, Phase II; Journal Article; Multicenter Study; Research Support, N.I.H., Extramural",retrieved_live,NCBI PubMed,,unresolved_audit_flags,2,0,2,ANSC,numeric_source_location_not_verified,"Abstract, Findings","Pembrolizumab for previously treated advanced anal squamous cell carcinoma: results from the non-randomised, multicohort, multicentre, phase 2 KEYNOTE-158 study.",,,
R091,PMID:35289329,Phase 2 study of pembrolizumab in patients with recurrent and residual high-grade meningiomas.,2022,Brastianos PK; Kim AE; Giobbie-Hurder A; Lee EQ; Wang N; Eichler AF; Chukwueke U; Forst DA; Arrillaga-Romany IC; Dietrich J; Corbin Z; Moliterno J; Baehring J; White M; Lou KW; Larson J; de Sauvage MA; Evancic K; Mora J; Nayyar N; Loeffler J; Oh K; Shih HA; Curry WT; Cahill DP; Barker FG; Gerstner ER; Santagata S,Nature communications,35289329,10.1038/s41467-022-29052-7,PMC8921328,https://pubmed.ncbi.nlm.nih.gov/35289329/,https://pmc.ncbi.nlm.nih.gov/articles/PMC8921328/,"Clinical Trial, Phase II; Journal Article; Research Support, N.I.H., Extramural; Research Support, Non-U.S. Gov't",retrieved_live,NCBI PubMed,,unresolved_audit_flags,5,0,5,MENINGIOMA,numeric_source_location_not_verified,Abstract,Phase 2 study of pembrolizumab in patients with recurrent and residual high-grade meningiomas.,,,
R092,PMID:35361487,Efficacy and safety of pembrolizumab for patients with previously treated advanced vulvar squamous cell carcinoma: Results from the phase 2 KEYNOTE-158 study.,2022,Shapira-Frommer R; Mileshkin L; Manzyuk L; Penel N; Burge M; Piha-Paul SA; Girda E; Lopez Martin JA; van Dongen MGJ; Italiano A; Xu L; Jin F; Norwood K; Ott PA,Gynecologic oncology,35361487,10.1016/j.ygyno.2022.01.029,,https://pubmed.ncbi.nlm.nih.gov/35361487/,https://pubmed.ncbi.nlm.nih.gov/35361487/,"Clinical Trial, Phase II; Journal Article",retrieved_live,NCBI PubMed,,unresolved_audit_flags,1,0,1,VSCC,small_denominator,"Abstract, Results",Efficacy and safety of pembrolizumab for patients with previously treated advanced vulvar squamous cell carcinoma: Results from the phase 2 KEYNOTE-158 study.,,,
R093,PMID:35611499,"Tolerability and efficacy of durvalumab, either as monotherapy or in combination with tremelimumab, in patients from Asia with advanced biliary tract, esophageal, or head-and-neck cancer.",2022,Doki Y; Ueno M; Hsu CH; Oh DY; Park K; Yamamoto N; Ioka T; Hara H; Hayama M; Nii M; Komuro K; Sugimoto M; Tahara M,Cancer medicine,35611499,10.1002/cam4.4593,PMC9249982,https://pubmed.ncbi.nlm.nih.gov/35611499/,https://pmc.ncbi.nlm.nih.gov/articles/PMC9249982/,"Clinical Trial, Phase I; Journal Article; Research Support, Non-U.S. Gov't",retrieved_live,NCBI PubMed,,unresolved_audit_flags,2,0,2,BTC,numeric_source_location_not_verified,"Abstract, Results","Tolerability and efficacy of durvalumab, either as monotherapy or in combination with tremelimumab, in patients from Asia with advanced biliary tract, esophageal, or head-and-neck cancer.",,,
R094,PMID:35777186,Evaluation of pembrolizumab monotherapy in patients with previously treated advanced salivary gland carcinoma in the phase 2 KEYNOTE-158 study.,2022,Even C; Delord JP; Price KA; Nakagawa K; Oh DY; Burge M; Chung HC; Doi T; Fakih M; Takahashi S; Yao L; Jin F; Norwood K; Hansen AR,"European journal of cancer (Oxford, England : 1990)",35777186,10.1016/j.ejca.2022.05.007,,https://pubmed.ncbi.nlm.nih.gov/35777186/,https://pubmed.ncbi.nlm.nih.gov/35777186/,"Clinical Trial, Phase II; Journal Article; Research Support, Non-U.S. Gov't",retrieved_live,NCBI PubMed,,unresolved_audit_flags,4,0,4,SGC,numeric_source_location_not_verified; response_denominator_missing; small_denominator,"Abstract, Results",Evaluation of pembrolizumab monotherapy in patients with previously treated advanced salivary gland carcinoma in the phase 2 KEYNOTE-158 study.,,,
R095,PMID:36135044,Nasopharyngeal Carcinoma Progression: Accumulating Genomic Instability and Persistent Epstein-Barr Virus Infection.,2022,Liu X; Deng Y; Huang Y; Ye J; Xie S; He Q; Chen Y; Lin Y; Liang R; Wei J; Li Y; Zhang J,"Current oncology (Toronto, Ont.)",36135044,10.3390/curroncol29090475,PMC9498130,https://pubmed.ncbi.nlm.nih.gov/36135044/,https://pmc.ncbi.nlm.nih.gov/articles/PMC9498130/,"Journal Article; Review; Research Support, Non-U.S. Gov't",retrieved_live,NCBI PubMed,,unresolved_audit_flags,1,1,0,NPC,tmb_source_not_revalidated,,Nasopharyngeal Carcinoma Progression: Accumulating Genomic Instability and Persistent Epstein-Barr Virus Infection.,,https://pmc.ncbi.nlm.nih.gov/articles/PMC9498130/,The downloaded article body does not contain the exact retained 0.95 value. Its TMB discussion does not establish the curated median; an original source for that exact estimate remains unresolved.
R096,PMID:36808285,"Nivolumab with or without ipilimumab in pediatric patients with high-grade CNS malignancies: Safety, efficacy, biomarker, and pharmacokinetics-CheckMate 908.",2023,Dunkel IJ; Doz F; Foreman NK; Hargrave D; Lassaletta A; André N; Hansford JR; Hassall T; Eyrich M; Gururangan S; Bartels U; Gajjar A; Howell L; Warad D; Pacius M; Tam R; Wang Y; Zhu L; Cohen K,Neuro-oncology,36808285,10.1093/neuonc/noad031,PMC10398811,https://pubmed.ncbi.nlm.nih.gov/36808285/,https://pmc.ncbi.nlm.nih.gov/articles/PMC10398811/,"Clinical Trial, Phase II; Clinical Trial, Phase I; Journal Article; Research Support, N.I.H., Extramural; Research Support, Non-U.S. Gov't",retrieved_live,NCBI PubMed,,unresolved_audit_flags,6,0,6,DIPG; EPN; MBL,numeric_source_location_not_verified,"Abstract, Results | Results > No Survival Benefit Was Observed Across Cohorts","Nivolumab with or without ipilimumab in pediatric patients with high-grade CNS malignancies: Safety, efficacy, biomarker, and pharmacokinetics-CheckMate 908.",,,
R097,PMID:37130017,Pembrolizumab in relapsed or refractory primary mediastinal large B-cell lymphoma: final analysis of KEYNOTE-170.,2023,Zinzani PL; Thieblemont C; Melnichenko V; Bouabdallah K; Walewski J; Majlis A; Fogliatto L; Garcia-Sancho AM; Christian B; Gulbas Z; Özcan M; Perini GF; Ghesquieres H; Shipp MA; Thompson S; Chakraborty S; Marinello P; Armand P,Blood,37130017,10.1182/blood.2022019340,PMC10651864,https://pubmed.ncbi.nlm.nih.gov/37130017/,https://pmc.ncbi.nlm.nih.gov/articles/PMC10651864/,"Clinical Trial; Journal Article; Research Support, Non-U.S. Gov't",retrieved_live,NCBI PubMed,,unresolved_audit_flags,1,0,1,PMBCL,numeric_source_location_not_verified,Abstract,Pembrolizumab in relapsed or refractory primary mediastinal large B-cell lymphoma: final analysis of KEYNOTE-170.,,,
R098,PMID:37429302,"Pembrolizumab in patients with rare and ultra-rare sarcomas (AcSé Pembrolizumab): analysis of a subgroup from a non-randomised, open-label, phase 2, basket trial.",2023,Blay JY; Chevret S; Le Cesne A; Brahmi M; Penel N; Cousin S; Bertucci F; Bompas E; Ryckewaert T; Soibinet P; Boudou-Rouquette P; Saada Bouzid E; Soulie P; Valentin T; Lotz JP; Tosi D; Neviere Z; Cancel M; Ray-Coquard I; Gambotti L; Legrand F; Lamrani-Ghaouti A; Simon C; Even C; Massard C,The Lancet. Oncology,37429302,10.1016/S1470-2045(23)00282-6,,https://pubmed.ncbi.nlm.nih.gov/37429302/,https://pubmed.ncbi.nlm.nih.gov/37429302/,"Clinical Trial, Phase II; Journal Article; Research Support, Non-U.S. Gov't",retrieved_live,NCBI PubMed,,unresolved_audit_flags,21,0,21,SARC_CHOR; SARC_DSRCT; SARC_EPITH; SARC_SMARCA4,numeric_source_location_not_verified; response_denominator_missing; small_denominator,"Abstract, Findings","Pembrolizumab in patients with rare and ultra-rare sarcomas (AcSé Pembrolizumab): analysis of a subgroup from a non-randomised, open-label, phase 2, basket trial.",,,
R099,PMID:37672694,Atezolizumab for Advanced Alveolar Soft Part Sarcoma.,2023,Chen AP; Sharon E; O'Sullivan-Coyne G; Moore N; Foster JC; Hu JS; Van Tine BA; Conley AP; Read WL; Riedel RF; Burgess MA; Glod J; Davis EJ; Merriam P; Naqash AR; Fino KK; Miller BL; Wilsker DF; Begum A; Ferry-Galow KV; Deshpande HA; Schwartz GK; Ladle BH; Okuno SH; Beck JC; Chen JL; Takebe N; Fogli LK; Rosenberger CL; Parchment RE; Doroshow JH,The New England journal of medicine,37672694,10.1056/NEJMoa2303383,PMC10729808,https://pubmed.ncbi.nlm.nih.gov/37672694/,https://pmc.ncbi.nlm.nih.gov/articles/PMC10729808/,"Clinical Trial, Phase II; Journal Article; Multicenter Study; Research Support, U.S. Gov't, P.H.S.",retrieved_live,NCBI PubMed,,unresolved_audit_flags,5,0,5,SARC_ASPS,numeric_source_location_not_verified,"Abstract, RESULTS",Atezolizumab for Advanced Alveolar Soft Part Sarcoma.,,,
R100,PMID:38858106,"A non-comparative, randomized, phase II trial of atezolizumab or atezolizumab plus tiragolumab for programmed death-ligand 1-positive recurrent cervical cancer (SKYSCRAPER-04).",2024,Salani R; McCormack M; Kim YM; Ghamande S; Hall SL; Lorusso D; Barraclough L; Gilbert L; Guzman Ramirez A; Lu CH; Sabatier R; Colombo N; Hu Y; Krishnan V; Molinero L; Feng Y; Kim N; Castro M; Lin YG; Monk BJ,International journal of gynecological cancer : official journal of the International Gynecological Cancer Society,38858106,10.1136/ijgc-2024-005588,,https://pubmed.ncbi.nlm.nih.gov/38858106/,https://pubmed.ncbi.nlm.nih.gov/38858106/,"Journal Article; Clinical Trial, Phase II; Randomized Controlled Trial; Multicenter Study; Research Support, Non-U.S. Gov't",retrieved_live,NCBI PubMed,,unresolved_audit_flags,2,0,2,CESC,numeric_source_location_not_verified; response_denominator_missing,"Abstract, Results","A non-comparative, randomized, phase II trial of atezolizumab or atezolizumab plus tiragolumab for programmed death-ligand 1-positive recurrent cervical cancer (SKYSCRAPER-04).",,,
R101,PMID:38892063,Chordoma: Genetics and Contemporary Management.,2024,Desai R; Pelargos PE; Dunn IF,International journal of molecular sciences,38892063,10.3390/ijms25115877,PMC11172617,https://pubmed.ncbi.nlm.nih.gov/38892063/,https://pmc.ncbi.nlm.nih.gov/articles/PMC11172617/,Journal Article; Review,retrieved_live,NCBI PubMed,,unresolved_audit_flags,1,1,0,SARC_CHOR,tmb_source_not_revalidated,,Chordoma: Genetics and Contemporary Management.,PMID:33536423,https://pmc.ncbi.nlm.nih.gov/articles/PMC7859411/,Review reference 42 points to Bai et al. 2021. Original study explicitly reports median 0.53 mutations/Mb in 80 distinct skull-base chordoma tumors. The broader registry population and WGS definition remain to be reviewed.
R102,PMID:39343511,"A multicenter, randomized, non-comparative, phase II study of nivolumab ± ipilimumab for patients with metastatic sarcoma (Alliance A091401): expansion cohorts and correlative analyses.",2024,Seligson ND; Chen JL; Goodrich AC; Van Tine BA; Campbell JD; Richards AL; Antonescu CR; Liebner DA; Milhem MM; Streicher H; Tap WD; Schwartz GK; George S; D'Angelo SP,Journal for immunotherapy of cancer,39343511,10.1136/jitc-2024-009472,PMC11440204,https://pubmed.ncbi.nlm.nih.gov/39343511/,https://pmc.ncbi.nlm.nih.gov/articles/PMC11440204/,"Journal Article; Clinical Trial, Phase II; Multicenter Study; Randomized Controlled Trial",retrieved_live,NCBI PubMed,,unresolved_audit_flags,4,0,4,SARC_GIST,numeric_source_location_not_verified; small_denominator,"Abstract, Results","A multicenter, randomized, non-comparative, phase II study of nivolumab ± ipilimumab for patients with metastatic sarcoma (Alliance A091401): expansion cohorts and correlative analyses.",,,
R103,PMID:39356983,Cancer Immunotherapy Trials Network 12: Pembrolizumab in HIV-Associated Kaposi Sarcoma.,2025,Lurain K; Ramaswami R; Ekwede I; Eulo V; Goyal G; Menon M; Odeny TA; Sharon E; Wagner MJ; Wang CJ; Bhardwaj N; Friedlander PA; Abdul-Hay M; Cornejo Castro EM; Labo N; Marshall VA; Miley W; Moore K; Roshan R; Whitby D; Kask AS; Kaiser J; Han E; Wright A; Yarchoan R; Fling SP; Uldrick TS,Journal of clinical oncology : official journal of the American Society of Clinical Oncology,39356983,10.1200/JCO.24.00640,PMC11779594,https://pubmed.ncbi.nlm.nih.gov/39356983/,https://pmc.ncbi.nlm.nih.gov/articles/PMC11779594/,"Journal Article; Clinical Trial, Phase I; Multicenter Study; Research Support, N.I.H., Extramural",retrieved_live,NCBI PubMed,,unresolved_audit_flags,1,0,1,SARC_KS,small_denominator,"Abstract, RESULTS:",Cancer Immunotherapy Trials Network 12: Pembrolizumab in HIV-Associated Kaposi Sarcoma.,,,
R104,PMID:39631622,Pembrolizumab versus chemotherapy in microsatellite instability-high or mismatch repair-deficient metastatic colorectal cancer: 5-year follow-up from the randomized phase III KEYNOTE-177 study.,2025,André T; Shiu KK; Kim TW; Jensen BV; Jensen LH; Punt CJA; Smith D; Garcia-Carbonero R; Alcaide-Garcia J; Gibbs P; de la Fouchardiere C; Rivera F; Elez E; Le DT; Yoshino T; Zuo Y; Fogelman D; Adelberg D; Diaz LA,Annals of oncology : official journal of the European Society for Medical Oncology,39631622,10.1016/j.annonc.2024.11.012,,https://pubmed.ncbi.nlm.nih.gov/39631622/,https://pubmed.ncbi.nlm.nih.gov/39631622/,"Journal Article; Clinical Trial, Phase III; Randomized Controlled Trial; Multicenter Study; Comparative Study",retrieved_live,NCBI PubMed,,unresolved_audit_flags,1,0,1,CRC_MSI,numeric_source_location_not_verified,"Abstract, Results",Pembrolizumab versus chemotherapy in microsatellite instability-high or mismatch repair-deficient metastatic colorectal cancer: 5-year follow-up from the randomized phase III KEYNOTE-177 study.,,,
R105,PMID:39847999,Pembrolizumab in microsatellite instability-high/mismatch repair deficient (MSI-H/dMMR) and non-MSI-H/non-dMMR advanced endometrial cancer: Phase 2 KEYNOTE-158 study results.,2025,O'Malley DM; Bariani GM; Cassier PA; Marabelle A; Hansen AR; Acosta AJ; Miller WH; Safra T; Italiano A; Mileshkin L; Yao L; Gozman A; Jin F; Maio M,Gynecologic oncology,39847999,10.1016/j.ygyno.2024.12.020,,https://pubmed.ncbi.nlm.nih.gov/39847999/,https://pubmed.ncbi.nlm.nih.gov/39847999/,"Journal Article; Clinical Trial, Phase II; Multicenter Study; Research Support, Non-U.S. Gov't",retrieved_live,NCBI PubMed,,unresolved_audit_flags,7,0,7,UCEC_CNH; UCEC_CNL; UCEC_MSI,numeric_source_location_not_verified,"Abstract, Results",Pembrolizumab in microsatellite instability-high/mismatch repair deficient (MSI-H/dMMR) and non-MSI-H/non-dMMR advanced endometrial cancer: Phase 2 KEYNOTE-158 study results.,,,
R106,PMID:41760889,Pembrolizumab in advanced malignant peripheral nerve sheath tumors: a single-arm phase 2 trial.,2026,Sveen A; Bergsland CH; Niederdorfer B; Berstad AE; Bjerkehagen B; Boye K; Guren TK; Lothe RA,NPJ precision oncology,41760889,10.1038/s41698-026-01303-6,PMC13065800,https://pubmed.ncbi.nlm.nih.gov/41760889/,https://pmc.ncbi.nlm.nih.gov/articles/PMC13065800/,Journal Article,retrieved_live,NCBI PubMed,,unresolved_audit_flags,7,0,7,SARC_MPNST,numeric_source_location_not_verified; small_denominator,Abstract,Pembrolizumab in advanced malignant peripheral nerve sheath tumors: a single-arm phase 2 trial.,,,
